UNITS=MM
#Layer_Physical_Order=1
#Layer_Color=255
#
#Feature symbol names
#
$0 r203.2
$1 rect550.0116x1099.9978
$2 rect299.9994x1099.9978
$3 rect1050.00044x2200.00068
$4 rect1000.00054x1050.00044
$5 rect1200.00014x2000.00108
$6 rect650.00124x700.00114
$7 rect279.99944x1399.99974xr139.99972
$8 rect1399.99974x279.99944xr139.99972
$9 s5199.99976
$10 rect249.9995x950.00064
$11 rect950.00064x249.9995
$12 rect449.9991x339.99932
$13 rect900.00074x339.99932
$14 rect650.00124x339.99932
$15 rect449.9991x1639.99926
$16 rect1709.99912x2290.0005
$17 rect1499.99954x650.00124
$18 rect700.00114x650.00124
$19 s889
$20 rect900.00074x950.00064
$21 rect830.00088x940.00066
$22 rect950.00064x900.00074
$23 rect1549.99944x2300.00048
$24 rect1180.00018x4700.00076
$25 rect1050.00044x1749.99904
$26 rect3500.00062x1599.99934
$27 s4049.99952
$28 rect199.9996x850.00084
$29 rect850.00084x199.9996
$30 rect1799.99894x1349.99984
$31 rect1599.99934x3500.00062
$32 rect2200.00068x1549.99944
$33 s799.9984
$34 rect999.998x899.922
$35 rect940.00066x830.00088
$36 rect5499.99916x1429.99968
$37 rect1349.99984x1799.99894
$38 rect1549.99944x2200.00068
$39 s1000.00054
$40 rect1200.00014x599.9988
$41 rect1399.99974x1200.00014
$42 s700.00114
$43 rect1050.00044x449.9991
$44 rect1199.9976x1999.996
$45 rect900.00074x1950.00118
$46 rect3200.00122x1950.00118
$47 r254
$48 r152.4
$49 r304.8
$50 r508
$51 r1524
$52 r762
$53 r406.4
$54 r1016
$55 r635
$56 s1725.00036
$57 r1725.00036
$58 uds_oval1099.9978x1999.996_offset0.0508x-0.0762
$59 uds_oval1099.9978x1999.996_offset0.1016x-0.1016
$60 oval1199.9976x1799.9964
$61 s1529.99948
$62 r1529.99948
$63 r3200.00122
$64 r1200.00014
$65 r800.00094
$66 r609.6
$67 r812.8
$68 r914.4
$69 r457.2
$70 r1219.2

#
#Feature attribute names
#
@0 .geometry
@1 .pad_usage
@2 .smd

#
#Feature attribute text strings
#
&0 SMD_RectX550.0116Y1099.9978
&1 SMD_RectX299.9994Y1099.9978
&2 SMD_RectX1050.0004Y2200.0007
&3 SMD_RectX1000.0005Y1050.0004
&4 SMD_RectX1200.0001Y2000.0011
&5 SMD_RectX650.0012Y700.0011
&6 SMD_RoundRectX279.9994Y1399.9997
&7 SMD_RoundRectX1399.9997Y279.9994
&8 SMD_SquareX5199.9998Y5199.9998
&9 SMD_RectX249.9995Y950.0006
&10 SMD_RectX950.0006Y249.9995
&11 SMD_RectX449.9991Y339.9993
&12 SMD_RectX900.0007Y339.9993
&13 SMD_RectX650.0012Y339.9993
&14 SMD_RectX449.9991Y1639.9993
&15 SMD_RectX1709.9991Y2290.0005
&16 SMD_RectX1499.9995Y650.0012
&17 SMD_RectX700.0011Y650.0012
&18 SMD_SquareX889.0000Y889.0000
&19 SMD_RectX900.0007Y950.0006
&20 SMD_RectX830.0009Y940.0007
&21 SMD_RectX950.0006Y900.0007
&22 SMD_RectX1549.9994Y2300.0005
&23 SMD_RectX1180.0002Y4700.0008
&24 SMD_RectX1050.0004Y1749.9990
&25 SMD_RectX3500.0006Y1599.9993
&26 SMD_SquareX4049.9995Y4049.9995
&27 SMD_RectX199.9996Y850.0008
&28 SMD_RectX850.0008Y199.9996
&29 SMD_RectX1799.9989Y1349.9998
&30 SMD_RectX1599.9993Y3500.0006
&31 SMD_RectX2200.0007Y1549.9994
&32 SMD_SquareX799.9984Y799.9984
&33 SMD_RectX999.9980Y899.9220
&34 SMD_RectX940.0007Y830.0009
&35 SMD_RectX5499.9992Y1429.9997
&36 SMD_RectX1349.9998Y1799.9989
&37 SMD_RectX1549.9994Y2200.0007
&38 SMD_SquareX1000.0005Y1000.0005
&39 SMD_RectX1200.0001Y599.9988
&40 SMD_RectX1399.9997Y1200.0001
&41 SMD_SquareX700.0011Y700.0011
&42 SMD_RectX1050.0004Y449.9991
&43 SMD_RectX1199.9976Y1999.9960
&44 SMD_RectX900.0007Y1950.0012
&45 SMD_RectX3200.0012Y1950.0012
&46 Pad_Simple_X1725.0004Y1725.0004H1150.0002C2166.0002
&47 Pad_Simple_X1099.9978Y1999.9960H599.9988C1615.9988
&48 Pad_Simple_X1199.9976Y1799.9964H599.9988C1615.9988
&49 Pad_Simple_X1529.9995Y1529.9995H1020.0005C2036.0005
&50 Pad_Simple_X3200.0012Y3200.0012H2200.0007C3216.0007
&51 VIA_RoundD1200.0001H1200.0001C2216.0001
&52 VIA_RoundD800.0009H800.0009C1816.0009
&53 VIA_RoundD508.0000H304.8000C1320.8000
&54 VIA_RoundD609.6000H304.8000C1320.8000
&55 VIA_RoundD812.8000H508.0000C1524.0000
&56 VIA_RoundD914.4000H508.0000C1524.0000
&57 VIA_RoundD508.0000H254.0000C1270.0000
&58 VIA_RoundD406.4000H203.2000C1219.2000
&59 VIA_RoundD457.2000H254.0000C1270.0000
&60 VIA_RoundD1219.2000H812.8000C1828.8000
&61 VIA_RoundD1219.2000H762.0000C1778.0000

#
#Layer features
#
A 12.54025178 35.62885178 13.2842 37.42490356 10.7442 37.42490356 0 P 0 N
L 3.42211406 28.81048594 3.43979246 28.82816434 0 P 0
L 3.43979246 28.82816434 3.43979246 30.5913917 0 P 0
L 3.43979246 30.5913917 3.5052 30.65679924 0 P 0
L 4.55348594 27.57751406 4.55348594 27.67911406 0 P 0
L 4.55348594 27.57751406 6.11451406 26.01648594 0 P 0
L 5.42100008 21.84439878 5.42100008 21.8694 49 P 0
L 5.42100008 21.84439878 5.5936007 21.67179816 49 P 0
L 5.5936007 21.67179816 5.67510422 21.67179816 49 P 0
L 5.6642 28.7528 12.54025178 35.62885178 0 P 0
L 5.67510422 21.67179816 6.75600122 20.59090116 49 P 0
L 6.096 16.04499966 6.32100082 16.04499966 0 P 0
L 6.32100082 16.04499966 7.47369854 17.19769738 0 P 0
L 6.731 14.7066 6.76987978 14.74547978 49 P 0
L 6.75600122 17.8308 6.75600122 19.18335 49 P 0
L 6.75600122 19.18335 6.75600122 20.5359 49 P 0
L 6.75600122 20.5359 6.75600122 20.59090116 49 P 0
L 6.75600122 23.241 6.77099992 23.2260013 47 P 0
L 6.75600122 23.241 7.63510284 23.241 47 P 0
L 6.76987978 14.74547978 7.41107992 14.74547978 49 P 0
L 6.77099992 21.8694 6.77099992 23.2260013 47 P 0
L 6.90199788 27.5844 6.90499762 27.5844 49 P 0
L 6.90499762 27.5844 7.89519884 26.59419878 49 P 0
L 7.27128594 24.87331322 7.27128594 24.91051406 0 P 0
L 7.27128594 24.87331322 8.53879928 23.60579988 0 P 0
L 7.41107992 14.74547978 8.35239884 15.6867987 49 P 0
L 7.47369854 17.19769738 7.47369854 21.42490762 0 P 0
L 7.47369854 21.42490762 8.05299126 22.00420034 0 P 0
L 7.63510284 23.241 7.67030216 23.20580068 47 P 0
L 7.67030216 23.20580068 8.53879928 23.20580068 47 P 0
L 7.89519884 26.59419878 7.9502 26.59419878 49 P 0
L 7.9502 26.59419878 9.2964 26.59419878 49 P 0
L 8.05299126 22.00420034 8.53719908 22.00420034 0 P 0
L 8.35239884 15.6867987 8.4074 15.6867987 49 P 0
L 8.4074 15.6867987 8.46240116 15.6867987 47 P 0
L 8.46240116 15.6867987 9.27053772 16.49493526 47 P 0
L 8.53719908 22.00420034 8.53879928 22.00580054 0 P 0
L 8.53879928 22.40579974 8.54039948 22.40419954 0 P 0
L 8.53879928 22.80579894 8.53879928 23.20580068 47 P 0
L 8.54039948 22.40419954 9.16027378 22.40419954 0 P 0
L 8.82659906 9.8552 8.8392 9.84259906 0 P 0
L 8.8392 6.7564 8.8392 9.84259906 0 P 0
L 9.16027378 22.40419954 9.17255468 22.39191864 0 P 0
L 9.17255468 22.39191864 9.38826672 22.39191864 0 P 0
L 9.27053772 16.49493526 10.84806568 16.49493526 47 P 0
L 9.2964 26.59419878 9.38880012 26.50179866 47 P 0
L 9.38826672 22.39191864 9.41353464 22.41718656 0 P 0
L 9.38880012 24.45580072 9.38880012 26.50179866 47 P 0
L 9.38880012 24.45580072 9.78879932 24.45580072 47 P 0
L 9.8806 15.65900094 9.90559868 15.65900094 0 P 0
L 9.90559868 15.65900094 10.64979328 14.91480634 0 P 0
L 10.18880106 24.45580072 10.18880106 25.18939844 0 P 0
L 10.18880106 25.18939844 10.6934 25.69399738 0 P 0
L 10.58880026 24.45580072 10.59040046 24.45740092 0 P 0
L 10.59040046 24.45740092 10.59040046 24.94161128 0 P 0
L 10.59040046 24.94161128 11.12547178 25.4766826 0 P 0
L 10.64979328 14.91480634 11.74960312 14.91480634 0 P 0
L 10.6934 25.69399738 10.6934 26.45419906 0 P 0
L 10.6934 28.05420094 10.71839868 28.05420094 0 P 0
L 10.71839868 28.05420094 11.06680032 27.7057993 0 P 0
L 10.84806568 16.49493526 11.36819926 17.01506884 47 P 0
L 11.049 31.8516 11.0747937 31.8258063 49 P 0
L 11.06680032 27.5485987 11.06680032 27.7057993 0 P 0
L 11.06680032 27.5485987 12.18579986 26.42959916 0 P 0
L 11.0747937 30.988 11.0747937 31.8258063 49 P 0
L 11.0747937 30.988 11.22719878 30.83559492 49 P 0
L 11.12547178 25.4766826 12.99209492 25.4766826 0 P 0
L 11.17639878 29.58679884 11.17639878 29.6418 49 P 0
L 11.17639878 29.58679884 11.73819852 29.0249991 49 P 0
L 11.17639878 29.74930042 11.17639878 30.78479492 49 P 0
L 11.17639878 30.78479492 11.22719878 30.83559492 49 P 0
L 11.3284 15.65180004 12.45019354 15.65180004 0 P 0
L 11.36819926 17.01506884 11.36819926 17.53519734 47 P 0
L 11.36819926 17.53519734 11.3888012 17.55579928 47 P 0
L 11.73819852 28.57720218 11.73819852 29.0249991 49 P 0
L 11.73819852 28.57720218 12.18579986 28.12960084 49 P 0
L 11.74960312 14.91480634 12.05740032 14.60700914 0 P 0
L 11.8548785 16.60718548 11.93735738 16.60718548 0 P 0
L 11.93735738 16.60718548 12.54923576 15.9953071 0 P 0
L 12.05740032 14.13538448 12.05740032 14.60700914 0 P 0
L 12.05740032 14.13538448 12.49178604 13.70099876 0 P 0
L 12.18579986 26.42959916 12.38579946 26.42959916 0 P 0
L 12.18579986 28.12960084 12.28579966 28.12960084 49 P 0
L 12.38579946 26.42959916 13.17157132 27.21537102 0 P 0
L 12.45019354 15.65180004 12.69939294 15.40260064 0 P 0
L 12.49178604 13.70099876 12.80099548 13.70099876 0 P 0
L 12.49640122 29.58679884 12.49640122 29.6418 0 P 0
L 12.49640122 29.58679884 13.2398008 28.84339926 0 P 0
L 12.54923576 15.9953071 13.77349544 15.9953071 0 P 0
L 12.55724184 23.51339976 12.5871986 23.54335652 0 P 0
L 12.5871986 23.54335652 12.5871986 24.45420052 0 P 0
L 12.5871986 24.45420052 12.5887988 24.45580072 0 P 0
L 12.69939294 15.40260064 12.99939488 15.40260064 0 P 0
L 12.80099548 13.70099876 12.99939488 13.50259936 0 P 0
L 12.98880054 24.45580072 12.99040074 24.45420052 0 P 0
L 12.99040074 23.90642412 12.99040074 24.45420052 0 P 0
L 12.99040074 23.90642412 13.14144184 23.75538302 0 P 0
L 12.99209492 25.4766826 13.52717132 26.011759 0 P 0
L 12.99939488 13.50259936 13.29939682 13.50259936 0 P 0
L 12.99939488 15.40260064 13.29939682 15.40260064 0 P 0
L 13.14144184 23.74352122 13.14144184 23.75538302 0 P 0
L 13.14144184 23.74352122 13.26756554 23.61739752 0 P 0
L 13.17157132 27.21537102 13.17157132 27.28211206 0 P 0
L 13.17157132 27.28211206 13.2398008 27.35034154 0 P 0
L 13.2398008 27.35034154 13.2398008 28.84339926 0 P 0
L 13.24840124 43.3674012 13.2842 43.33160244 0 P 0
L 13.26756554 23.54866512 13.26756554 23.61739752 0 P 0
L 13.2842 37.42490356 13.2842 39.07799906 0 P 0
L 13.2842 40.67800094 13.2842 43.33160244 0 P 0
L 13.29939682 13.50259936 14.20899622 12.59299996 0 P 0
L 13.29939682 15.40260064 13.69539806 15.0065994 0 P 0
L 13.38879974 17.55579928 13.39039994 17.55419908 0 P 0
L 13.38879974 24.45580072 13.38879974 24.73320428 47 P 0
L 13.38879974 24.73320428 13.40939914 24.75380368 47 P 0
L 13.39039994 17.55419908 13.41259954 17.53199948 48 P 0
L 13.40939914 24.75380368 13.40939914 25.09942402 47 P 0
L 13.40939914 25.09942402 13.86017294 25.55019782 47 P 0
L 13.41259954 17.0173523 13.41259954 17.53199948 48 P 0
L 13.41259954 17.0173523 14.40255184 16.0274 48 P 0
L 13.52717132 26.011759 13.52717132 27.13018196 0 P 0
L 13.52717132 27.13018196 13.5954008 27.19841144 0 P 0
L 13.5954008 27.19841144 13.5954008 27.3392011 0 P 0
L 13.5954008 27.3392011 14.38580054 28.12960084 0 P 0
L 13.69539806 15.0065994 13.70460556 15.0065994 0 P 0
L 13.70460556 15.0065994 13.87487192 14.83633304 0 P 0
L 13.77349544 15.9953071 14.23047192 15.53833062 0 P 0
L 13.78879894 17.55579928 13.81259874 17.53199948 48 P 0
L 13.78879894 24.45580072 13.79039914 24.45740092 0 P 0
L 13.79039914 24.45740092 13.79039914 24.94160874 0 P 0
L 13.79039914 24.94160874 13.98359154 25.13480114 0 P 0
L 13.81259874 17.0484038 13.81259874 17.53199948 48 P 0
L 13.81259874 17.0484038 14.50340254 16.3576 48 P 0
L 13.86017294 25.55019782 15.3015315 25.55019782 47 P 0
L 13.87487192 13.86791232 13.87487192 14.83633304 0 P 0
L 13.87487192 13.86791232 14.79418428 12.94859996 0 P 0
L 13.98359154 25.13480114 14.90474286 25.13480114 0 P 0
L 14.18879814 23.80960186 14.18879814 24.45579818 0 P 0
L 14.18879814 23.80960186 14.4526 23.5458 0 P 0
L 14.18879814 24.45579818 14.18880068 24.45580072 0 P 0
L 14.18880068 17.55579928 14.19040088 17.55419908 0 P 0
L 14.18880068 17.55579928 14.21260048 17.57959908 48 P 0
L 14.20899622 12.59299996 16.72158962 12.59299996 0 P 0
L 14.21260048 17.57959908 14.21260048 18.02788876 48 P 0
L 14.21260048 18.02788876 14.39651172 18.2118 48 P 0
L 14.23047192 14.46231296 14.23047192 15.53833062 0 P 0
L 14.23047192 14.46231296 14.79418428 13.8986006 0 P 0
L 14.24979878 29.6418 14.48580034 29.40579844 0 P 0
L 14.38580054 28.12960084 14.48580034 28.12960084 0 P 0
L 14.39651172 18.2118 14.78451196 18.2118 48 P 0
L 14.40255184 16.0274 16.4846 16.0274 48 P 0
L 14.48580034 28.12960084 14.48580034 29.40579844 0 P 0
L 14.50340254 16.3576 15.7965267 16.3576 48 P 0
L 14.53580024 26.416 14.57220098 26.416 0 P 0
L 14.57220098 26.416 15.43980148 27.2836005 0 P 0
L 14.58879988 24.2840002 14.58879988 24.45580072 0 P 0
L 14.58879988 24.2840002 14.59040008 24.2824 0 P 0
L 14.59040008 24.2824 15.41338294 24.2824 0 P 0
L 14.78451196 18.2118 14.94611184 18.05020012 48 P 0
L 14.79418428 12.94859996 16.42839996 12.94859996 0 P 0
L 14.79418428 13.8986006 14.80339178 13.8986006 0 P 0
L 14.80339178 13.8986006 15.19939302 13.50259936 0 P 0
L 14.90474286 25.13480114 15.17139968 24.86814432 0 P 0
L 14.94611184 18.05020012 15.65560242 18.05020012 48 P 0
L 15.17139968 24.8666 15.17139968 24.86814432 0 P 0
L 15.19939302 13.50259936 16.4795073 13.50259936 0 P 0
L 15.3015315 25.55019782 15.7859984 26.03466472 47 P 0
L 15.41338294 24.2824 16.10028784 24.9693049 0 P 0
L 15.43880072 18.40580012 15.81326784 18.40580012 47 P 0
L 15.43880072 21.2057996 15.44040092 21.2041994 0 P 0
L 15.43880072 21.6057988 16.64469366 21.6057988 0 P 0
L 15.43880072 22.80579894 16.16860114 22.80579894 0 P 0
L 15.43880072 23.20580068 15.44040092 23.20740088 0 P 0
L 15.43880072 23.60579988 15.76060094 23.60579988 0 P 0
L 15.43980148 27.2836005 15.43980148 29.4567991 0 P 0
L 15.43980148 29.4567991 15.56980122 29.58679884 0 P 0
L 15.44040092 21.2041994 15.92461128 21.2041994 0 P 0
L 15.44040092 23.20740088 16.0625917 23.20740088 0 P 0
L 15.49939496 15.40260064 15.54539436 15.35660124 50 P 0
L 15.54539436 15.35660124 16.1285682 15.35660124 50 P 0
L 15.65560242 18.05020012 17.06200296 16.64379958 48 P 0
L 15.76060094 23.60579988 16.03418942 23.87938836 0 P 0
L 15.7859984 26.03466472 15.7859984 26.30619834 47 P 0
L 15.7859984 26.30619834 16.07399884 26.59419878 47 P 0
L 15.7965267 16.3576 16.110966 16.6720393 48 P 0
L 15.81326784 18.40580012 17.04866796 17.1704 47 P 0
L 15.92461128 21.2041994 16.62879834 20.50001234 0 P 0
L 16.03418942 23.87938836 16.03418942 24.04110254 0 P 0
L 16.03418942 24.04110254 16.09250782 24.09942094 0 P 0
L 16.0625917 23.20740088 16.68759934 23.83240852 0 P 0
L 16.07399884 26.59419878 16.129 26.59419878 49 P 0
L 16.10028784 24.9693049 16.10028784 25.1881005 0 P 0
L 16.10028784 25.1881005 16.78718766 25.87500032 0 P 0
L 16.110966 16.6720393 16.110966 16.70196558 48 P 0
L 16.1285682 15.35660124 16.5215697 14.96359974 50 P 0
L 16.129 26.59419878 16.18400116 26.59419878 0 P 0
L 16.129 27.91420122 16.17119956 27.91420122 49 P 0
L 16.16860114 22.80579894 16.87640262 23.51360042 0 P 0
L 16.17119956 27.91420122 16.4338 28.17680166 49 P 0
L 16.18400116 26.59419878 16.9394886 27.34968622 0 P 0
L 16.42839996 12.94859996 17.0942 13.6144 0 P 0
L 16.43359934 22.25680842 16.47247912 22.2956882 49 P 0
L 16.4338 28.17680166 16.4338 29.6418 49 P 0
L 16.4338 29.6418 17.6784 30.8864 49 P 0
L 16.47247912 22.2956882 16.47247912 22.52393006 49 P 0
L 16.47247912 22.52393006 16.86294824 22.91439918 49 P 0
L 16.4795073 13.50259936 16.94690794 13.97 0 P 0
L 16.4846 16.0274 16.51 16.0528 48 P 0
L 16.5215697 14.96359974 20.59612086 14.96359974 50 P 0
L 16.62879834 19.45618918 16.62879834 20.50001234 0 P 0
L 16.62879834 19.45618918 17.4332011 18.65178642 0 P 0
L 16.64469366 21.6057988 17.04319934 22.00430448 0 P 0
L 16.68759934 23.83240852 16.68759934 23.9672114 0 P 0
L 16.68759934 23.9672114 16.83639 24.11600206 0 P 0
L 16.72158962 12.59299996 17.38738966 13.2588 0 P 0
L 16.78718766 25.87500032 19.4976115 25.87500032 0 P 0
L 16.83639 24.11600206 16.993997 24.27360906 0 P 0
L 16.83639 24.11600206 18.78760022 24.11600206 0 P 0
L 16.86294824 22.91439918 17.39399874 22.91439918 49 P 0
L 16.87640262 23.51360042 17.34319874 23.51360042 0 P 0
L 16.9394886 27.34968622 16.9394886 27.59428822 0 P 0
L 16.9394886 27.59428822 17.55180132 28.20660094 0 P 0
L 16.94690794 13.97 22.4768029 13.97 0 P 0
L 16.993997 24.27360906 16.993997 24.79759836 0 P 0
L 16.993997 24.79759836 17.34239864 25.146 0 P 0
L 17.04319934 22.00430448 17.04319934 22.21359794 0 P 0
L 17.04319934 22.21359794 17.16660016 22.33699876 0 P 0
L 17.04866796 17.1704 18.96920006 17.1704 47 P 0
L 17.06200296 16.64379958 17.35900008 16.64379958 48 P 0
L 17.0942 13.6144 22.6240975 13.6144 0 P 0
L 17.16660016 22.33699876 17.46659956 22.33699876 0 P 0
L 17.29779878 21.0058 17.36549994 20.93809884 49 P 0
L 17.34319874 23.51360042 17.46659956 23.63700124 0 P 0
L 17.35900008 16.64379958 17.9578 16.04499966 48 P 0
L 17.36549994 19.7787006 17.36549994 20.93809884 49 P 0
L 17.36549994 19.7787006 17.84632956 19.29787098 49 P 0
L 17.38738966 13.2588 22.77138956 13.2588 0 P 0
L 17.39399874 22.91439918 17.46659956 22.987 49 P 0
L 17.4332011 17.88100056 17.4332011 18.65178642 0 P 0
L 17.55180132 28.20660094 17.5768 28.20660094 0 P 0
L 17.5768 26.60659906 18.92239802 26.60659906 0 P 0
L 17.6784 30.8864 17.7038 30.8864 49 P 0
L 17.84632956 19.2668144 17.84632956 19.29787098 49 P 0
L 17.84632956 19.2668144 18.05694636 19.0561976 49 P 0
L 18.05694636 19.0561976 19.53499522 19.0561976 49 P 0
L 18.61780122 21.0058 18.61780122 22.56925128 49 P 0
L 18.61780122 21.0058 19.59361334 21.0058 49 P 0
L 18.61780122 22.56925128 18.96294912 22.91439918 49 P 0
L 18.78760022 24.11600206 19.26660104 23.63700124 0 P 0
L 18.92239802 26.60659906 18.98579896 26.67 0 P 0
L 18.94240052 25.12100132 18.94240052 25.146 0 P 0
L 18.94240052 25.12100132 19.69349884 24.369903 0 P 0
L 18.94800122 9.8552 22.9942009 9.8552 52 P 0
L 18.96294912 22.91439918 19.49399962 22.91439918 49 P 0
L 18.96920006 17.1704 19.90939884 18.11059878 47 P 0
L 18.98579896 26.67 19.93631776 27.6205188 0 P 0
L 19.26660104 23.63700124 19.56660044 23.63700124 0 P 0
L 19.49399962 22.91439918 19.56660044 22.987 49 P 0
L 19.4976115 25.87500032 19.90918548 25.46342634 0 P 0
L 19.53499522 19.0561976 19.90939884 19.43060122 49 P 0
L 19.54896522 22.25399918 19.56660044 22.2716344 0 P 0
L 19.56660044 22.2716344 19.56660044 22.33699876 0 P 0
L 19.56660044 22.33699876 19.69000126 22.46039958 0 P 0
L 19.59361334 21.0058 20.07621334 20.5232 49 P 0
L 19.69000126 22.46039958 20.1492104 22.46039958 0 P 0
L 19.69349884 24.369903 19.94290906 24.369903 0 P 0
L 19.90918548 24.93845406 19.90918548 25.46342634 0 P 0
L 19.90918548 24.93845406 20.70120066 24.14643888 0 P 0
L 19.90939884 18.11059878 19.9644 18.11059878 47 P 0
L 19.90939884 19.43060122 20.01940116 19.43060122 49 P 0
L 19.93631776 27.6205188 22.25889376 27.6205188 0 P 0
L 19.94290906 24.369903 20.34560066 23.9672114 0 P 0
L 20.01940116 19.43060122 20.8026 18.64740238 49 P 0
L 20.07621334 20.5232 20.1168 20.5232 49 P 0
L 20.1492104 22.46039958 20.34560066 22.65678984 0 P 0
L 20.34560066 22.65678984 20.34560066 23.9672114 0 P 0
L 20.48580104 26.67 21.41674406 25.73905698 49 P 0
L 20.50103342 26.65476762 20.50103342 26.66435612 49 P 0
L 20.50103342 26.66435612 20.5044675 26.6677902 49 P 0
L 20.51878548 25.190958 20.60007564 25.190958 0 P 0
L 20.59612086 14.96359974 20.72012112 15.0876 50 P 0
L 20.60007564 25.190958 21.05680066 24.73423298 0 P 0
L 20.70120066 21.56753116 20.70120066 24.14643888 0 P 0
L 20.70120066 21.56753116 21.0440016 21.22473022 0 P 0
L 20.72012112 15.0876 20.8026 15.0876 50 P 0
L 20.8026 15.0876 20.8026 18.64740238 49 P 0
L 20.8026 15.0876 21.46024918 15.0876 49 P 0
L 21.0440016 19.15119614 21.0440016 21.22473022 0 P 0
L 21.0440016 19.15119614 22.59339906 17.60179868 0 P 0
L 21.05680066 21.71482322 21.05680066 24.73423298 0 P 0
L 21.05680066 21.71482322 21.3996016 21.37202228 0 P 0
L 21.3996016 20.24339614 21.3996016 21.37202228 0 P 0
L 21.3996016 20.24339614 22.59339906 19.04959868 0 P 0
L 21.41674406 25.73905698 21.41697266 25.73905698 49 P 0
L 21.41697266 25.73905698 21.68789414 25.4681355 49 P 0
L 21.46024918 15.0876 23.16964886 16.79699968 49 P 0
L 21.68789414 22.84125226 21.68789414 25.4681355 49 P 0
L 21.68789414 22.84125226 22.01714672 22.51199968 49 P 0
L 21.70218418 21.93154364 21.76050258 21.87322524 0 P 0
L 21.76050258 21.57268482 21.76050258 21.87322524 0 P 0
L 21.76050258 21.57268482 22.2383858 21.0948016 0 P 0
L 21.98379906 2.9718 22.1163007 3.10430164 55 P 0
L 22.01714672 22.51199968 22.12040026 22.51199968 49 P 0
L 22.1163007 3.10430164 22.1163007 3.40889082 55 P 0
L 22.1163007 3.40889082 22.20868558 3.5012757 55 P 0
L 22.12040026 22.51199968 22.73339878 21.89900116 49 P 0
L 22.20868558 3.5012757 22.20868558 4.74468698 55 P 0
L 22.20868558 4.74468698 22.33799952 4.87400092 55 P 0
L 22.2383858 21.0948016 24.573611 21.0948016 0 P 0
L 22.25889376 27.6205188 23.9744123 25.90500026 0 P 0
L 22.33799952 4.87400092 22.33799952 6.66469838 49 P 0
L 22.33799952 6.66469838 22.3908493 6.71754816 49 P 0
L 22.4768029 13.97 26.32159836 17.81479546 0 P 0
L 22.59339906 17.5768 22.59339906 17.60179868 0 P 0
L 22.59339906 19.0246 22.59339906 19.04959868 0 P 0
L 22.6240975 13.6144 24.09639834 15.08670084 0 P 0
L 22.73339878 20.31579884 22.73339878 20.3708 49 P 0
L 22.73339878 20.31579884 23.3482007 19.70099692 49 P 0
L 22.73339878 21.844 22.73339878 21.89900116 49 P 0
L 22.77138956 13.2588 24.45199834 14.93940878 0 P 0
L 22.9942009 9.8552 24.01299998 10.87399908 52 P 0
L 23.16964886 16.79699968 23.1696514 16.79699968 49 P 0
L 23.1696514 16.79699968 23.3482007 16.97554898 49 P 0
L 23.3482007 16.97554898 23.3482007 19.70099692 49 P 0
L 23.4188 12.5476 23.49655956 12.62535956 53 P 0
L 23.44500264 24.97600034 23.45500008 24.97600034 0 P 0
L 23.45500008 24.97600034 24.0284 24.40260042 0 P 0
L 23.49655956 12.62535956 23.49655956 13.25305452 53 P 0
L 23.49655956 13.25305452 24.34090382 14.09739878 53 P 0
L 23.58380094 2.9718 23.60920094 2.9464 55 P 0
L 23.60920094 2.9464 25.47659878 2.9464 55 P 0
L 23.6728 27.1526 23.69523074 27.1526 49 P 0
L 23.69523074 27.1526 24.22282938 26.62500136 49 P 0
L 23.9744123 25.90500026 24.34781008 25.90500026 0 P 0
L 24.01299998 10.87399908 24.638 10.87399908 52 P 0
L 24.0284 23.45680094 24.0284 24.40260042 0 P 0
L 24.0284 23.45680094 24.19340094 23.2918 0 P 0
L 24.05340122 20.31579884 24.05340122 20.36659884 49 P 0
L 24.05340122 20.31579884 24.31600166 20.0531984 49 P 0
L 24.05340122 21.844 24.0792 21.844 0 P 0
L 24.05340122 21.844 24.19340094 21.98399972 0 P 0
L 24.05340122 32.20299884 24.05340122 32.258 49 P 0
L 24.05340122 32.20299884 24.61830992 31.63809014 49 P 0
L 24.05340122 33.7058 24.07101104 33.7058 49 P 0
L 24.07101104 33.7058 24.09641104 33.6804 49 P 0
L 24.09639834 15.08670084 24.09639834 15.08670338 0 P 0
L 24.09639834 15.08670338 27.8215979 18.81190294 0 P 0
L 24.19340094 17.5768 24.23455656 17.61795562 0 P 0
L 24.19340094 18.9738 24.29478758 18.87241336 0 P 0
L 24.19340094 21.98399972 24.19340094 23.2918 0 P 0
L 24.22282938 26.62500136 26.23239864 26.62500136 49 P 0
L 24.23455656 17.61795562 25.19081322 17.61795562 0 P 0
L 24.29478758 18.87241336 25.4053213 18.87241336 0 P 0
L 24.31600166 20.0531984 25.25412018 20.0531984 49 P 0
L 24.34090382 14.09739878 24.90919834 14.09739878 53 P 0
L 24.34781008 25.90500026 24.5618 25.69101034 0 P 0
L 24.45199834 14.93940878 24.45199834 14.93941132 0 P 0
L 24.45199834 14.93941132 28.91858834 19.40600132 0 P 0
L 24.5618 24.38475946 24.5618 25.69101034 0 P 0
L 24.5618 24.38475946 25.29096542 23.65559404 0 P 0
L 24.573611 21.0948016 25.1452126 20.5232 0 P 0
L 24.61830992 31.6294389 24.61830992 31.63809014 49 P 0
L 24.61830992 31.6294389 24.89970636 31.34804246 49 P 0
L 24.638 4.87400092 24.638 7.14765398 52 P 0
L 24.638 7.14765398 25.85700188 8.36665586 52 P 0
L 24.638 10.87399908 25.26300002 10.87399908 52 P 0
L 24.89970636 28.03389618 24.89970636 31.34804246 49 P 0
L 24.89970636 28.03389618 25.67100022 27.26260232 49 P 0
L 24.90919834 14.09739878 25.12099878 14.30919922 53 P 0
L 25.01771222 22.4733485 26.03170816 21.45935256 0 P 0
L 25.12099878 14.30919922 25.12099878 14.36420038 53 P 0
L 25.1452126 20.5232 25.82180002 20.5232 0 P 0
L 25.25412018 20.0531984 25.5149477 19.79237088 49 P 0
L 25.26300002 10.87399908 25.85700188 10.27999722 52 P 0
L 25.29096542 23.62769468 25.29096542 23.65559404 0 P 0
L 25.29096542 23.62769468 25.61830538 23.30035472 0 P 0
L 25.29451888 25.5778 25.3431167 25.52920218 48 P 0
L 25.3431167 25.52920218 25.65640538 25.52920218 48 P 0
L 25.47659878 2.9464 25.50199878 2.921 55 P 0
L 25.50199878 2.921 25.50199878 2.97600116 55 P 0
L 25.50199878 2.97600116 25.93710078 3.41110316 55 P 0
L 25.54261338 31.2023887 25.54261338 31.2671079 48 P 0
L 25.54261338 31.2023887 26.21999836 30.52500372 48 P 0
L 25.59375628 28.48434232 25.66248868 28.48434232 48 P 0
L 25.61830538 23.30035472 26.12456802 23.30035472 0 P 0
L 25.6286 32.41640202 25.6286 32.95432068 48 P 0
L 25.6286 32.41640202 26.1783195 31.86668252 48 P 0
L 25.6286 32.95432068 25.64347932 32.9692 48 P 0
L 25.64678894 30.2003079 25.68566872 30.16142812 0 P 0
L 25.65640538 25.52920218 25.86060614 25.32500142 48 P 0
L 25.66248868 28.48434232 25.7531489 28.57500254 48 P 0
L 25.67100022 27.26260232 26.23239864 27.26260232 49 P 0
L 25.68566872 30.16142812 25.9127879 30.16142812 0 P 0
L 25.7531489 28.57500254 26.77999978 28.57500254 48 P 0
L 25.781 22.74155472 25.78927786 22.73327686 0 P 0
L 25.78927786 22.73327686 26.77172446 22.73327686 0 P 0
L 25.82180002 20.5232 26.21999836 20.12500166 0 P 0
L 25.84976542 23.85915472 25.90475134 23.85915472 0 P 0
L 25.85700188 8.36665586 25.85700188 10.27999722 52 P 0
L 25.85700188 8.36665586 29.93288654 4.2907712 52 P 0
L 25.86060614 25.32500142 26.77999978 25.32500142 48 P 0
L 25.90475134 23.85915472 26.0559042 24.01030758 0 P 0
L 25.908 6.604 25.96145938 6.55054062 55 P 0
L 25.9127879 30.16142812 26.19921608 29.87499994 0 P 0
L 25.93710078 3.41110316 25.93710078 3.58563926 55 P 0
L 25.93710078 3.58563926 26.56796058 4.21649906 55 P 0
L 25.94548278 27.92540008 25.94568344 27.92519942 48 P 0
L 25.94568344 27.92519942 26.77980166 27.92519942 48 P 0
L 25.96145938 6.37554224 25.96145938 6.55054062 55 P 0
L 25.96145938 6.37554224 26.93800048 5.39900114 55 P 0
L 26.03170816 21.45935256 26.13134474 21.45935256 0 P 0
L 26.0559042 24.01030758 26.76530588 24.01030758 0 P 0
L 26.12456802 23.30035472 26.19921608 23.37500278 0 P 0
L 26.13134474 21.45935256 26.1510018 21.4396955 0 P 0
L 26.1510018 21.4396955 26.76530588 21.4396955 0 P 0
L 26.1783195 31.86668252 26.73832092 31.86668252 48 P 0
L 26.19921608 23.37500278 26.77999978 23.37500278 0 P 0
L 26.19921608 29.87499994 26.77999978 29.87499994 0 P 0
L 26.21999836 20.12500166 26.77999978 20.12500166 0 P 0
L 26.21999836 30.52500372 26.77999978 30.52500372 48 P 0
L 26.32159836 17.81479546 26.32159836 19.43952424 0 P 0
L 26.32159836 19.43952424 26.35707454 19.47500042 0 P 0
L 26.35707454 19.47500042 26.77999978 19.47500042 0 P 0
L 26.40320094 13.1318 26.42210108 13.15070014 49 P 0
L 26.416 15.5956 26.42850188 15.58309812 49 P 0
L 26.42210108 13.15070014 26.42210108 14.34530024 49 P 0
L 26.42210108 14.34530024 26.44100122 14.36420038 49 P 0
L 26.42850188 14.37669972 26.42850188 15.58309812 49 P 0
L 26.42850188 14.37669972 26.44100122 14.36420038 49 P 0
L 26.4897997 24.7278017 26.54259868 24.67500272 0 P 0
L 26.4922 20.77300138 26.56420138 20.77300138 49 P 0
L 26.54259868 24.67500272 26.77999978 24.67500272 0 P 0
L 26.56420138 20.77300138 26.56620036 20.77500036 49 P 0
L 26.56620036 20.77500036 26.77999978 20.77500036 49 P 0
L 26.56796058 4.21649906 26.80549884 4.21649906 55 P 0
L 26.73832092 31.86668252 26.77999978 31.82500366 48 P 0
L 26.76530588 21.4396955 26.77999978 21.4250016 0 P 0
L 26.76530588 24.01030758 26.77999978 24.02500148 0 P 0
L 26.7716 37.946203 26.82660116 37.946203 49 P 0
L 26.77172446 22.73327686 26.77999978 22.72500154 0 P 0
L 26.77980166 27.92519942 26.77999978 27.9250013 48 P 0
L 26.77999978 25.97500266 27.18210718 25.97500266 0 P 0
L 26.77999978 29.22500378 27.06600378 29.22500378 48 P 0
L 26.77999978 31.17499988 26.81459966 31.1404 0 P 0
L 26.77999978 32.47499982 27.14099982 32.47499982 48 P 0
L 26.77999978 33.1250036 26.7960221 33.14102592 48 P 0
L 26.7960221 33.14102592 26.7960221 34.75557946 48 P 0
L 26.7960221 34.75557946 26.8096746 34.76923196 48 P 0
L 26.80549884 4.21649906 26.93800048 4.3490007 55 P 0
L 26.81459966 31.1404 27.178 31.1404 0 P 0
L 26.82660116 37.946203 27.0892016 37.68360256 49 P 0
L 26.82660116 37.946203 28.13231356 37.946203 49 P 0
L 26.93800048 4.3490007 26.93800048 4.87400092 55 P 0
L 26.93800048 4.3490007 26.93800048 5.39900114 55 P 0
L 27.06600378 29.22500378 27.11880022 29.27780022 48 P 0
L 27.0892016 35.39480094 27.0892016 37.68360256 49 P 0
L 27.0892016 35.39480094 28.42260254 34.0614 49 P 0
L 27.11880022 29.27780022 27.1884394 29.27780022 48 P 0
L 27.1272 32.48879964 27.1272 32.512 48 P 0
L 27.1272 32.48879964 27.14099982 32.47499982 48 P 0
L 27.18210718 25.97500266 27.20490368 25.95220616 0 P 0
L 27.7114 40.894 27.85839742 41.04099742 50 P 0
L 27.8215979 18.81190294 27.8215979 19.76452486 0 P 0
L 27.8215979 19.76452486 27.85707408 19.80000104 0 P 0
L 27.85707408 19.80000104 28.27999932 19.80000104 0 P 0
L 27.85839742 41.04099742 28.58219836 41.04099742 50 P 0
L 27.9102439 28.26401002 27.924252 28.25000192 0 P 0
L 27.924252 28.25000192 28.27999932 28.25000192 0 P 0
L 28.0162 29.55200084 28.23299916 29.55200084 0 P 0
L 28.04085324 35.30525324 28.10958564 35.30525324 48 P 0
L 28.0416 16.129 28.06400026 16.15140026 48 P 0
L 28.04617962 36.42817962 28.06660122 36.44860122 48 P 0
L 28.06400026 16.15140026 29.45640032 16.15140026 48 P 0
L 28.06660122 36.44860122 29.9776769 36.44860122 48 P 0
L 28.07572744 23.05200114 28.07772896 23.04999962 0 P 0
L 28.07772896 23.04999962 28.27999932 23.04999962 0 P 0
L 28.08233652 21.7480007 28.27800034 21.7480007 0 P 0
L 28.08284452 30.85200332 28.1432 30.85200332 0 P 0
L 28.10958564 35.30525324 28.2881324 35.4838 48 P 0
L 28.1178 24.35200108 28.12439892 24.35200108 0 P 0
L 28.12439892 24.35200108 28.1263979 24.3500021 0 P 0
L 28.1263979 24.3500021 28.27999678 24.3500021 0 P 0
L 28.13231356 37.946203 28.1432 37.93531656 49 P 0
L 28.13231356 37.946203 29.49302712 37.946203 49 P 0
L 28.1432 30.85200332 28.14520152 30.8500018 0 P 0
L 28.1432 37.88055416 28.1432 37.93531656 49 P 0
L 28.14520152 30.8500018 28.27999932 30.8500018 0 P 0
L 28.23299916 29.55200084 28.23499814 29.55000186 0 P 0
L 28.23499814 29.55000186 28.27999932 29.55000186 0 P 0
L 28.24747716 32.15200326 28.24947868 32.15000174 0 P 0
L 28.24947868 32.15000174 28.27999932 32.15000174 0 P 0
L 28.27040828 17.30024988 28.27325816 17.2974 48 P 0
L 28.27325816 17.2974 29.11605556 17.2974 48 P 0
L 28.27800034 21.7480007 28.27999932 21.74999968 0 P 0
L 28.27999678 25.65000204 28.54158884 25.65000204 0 P 0
L 28.27999678 31.50000304 28.28199576 31.50200202 0 P 0
L 28.27999678 32.80000298 28.69192382 32.80000298 0 P 0
L 28.27999932 21.10000098 28.6627316 21.10000098 0 P 0
L 28.27999932 23.70000086 28.84957146 23.70000086 0 P 0
L 28.27999932 25.0000008 28.54710826 25.0000008 0 P 0
L 28.27999932 28.90000062 28.72540102 28.90000062 0 P 0
L 28.28199576 31.50200202 28.6258 31.50200202 0 P 0
L 28.2881324 35.4838 29.11605302 35.4838 48 P 0
L 28.42260254 34.0614 29.4875966 34.0614 49 P 0
L 28.4734 22.4019999 28.83800176 22.4019999 0 P 0
L 28.54158884 25.65000204 28.54960508 25.65801828 0 P 0
L 28.54710826 25.0000008 28.54948824 24.99762082 0 P 0
L 28.58219836 41.04099742 28.7782 41.23699906 50 P 0
L 28.6131 9.4234 28.6639 9.3726 48 P 0
L 28.6627316 21.10000098 28.66473312 21.09799946 0 P 0
L 28.6639 9.3726 34.11220254 9.3726 48 P 0
L 28.69192382 32.80000298 28.7274 32.83547916 0 P 0
L 28.72540102 28.90000062 28.7274 28.89800164 0 P 0
L 28.7274 32.83547916 28.7274 32.85296198 0 P 0
L 28.7782 41.23699906 28.80319868 41.23699906 49 P 0
L 28.7782 42.83700094 28.82846406 42.887265 0 P 0
L 28.80319868 41.23699906 29.45666194 40.5835358 49 P 0
L 28.82846406 42.887265 30.45447554 42.887265 0 P 0
L 28.83800176 22.4019999 29.3116 21.92840166 0 P 0
L 28.84957146 23.70000086 28.85167966 23.69789266 0 P 0
L 28.91858834 19.40600132 29.00319828 19.40600132 0 P 0
L 29.00319828 19.40600132 29.23400046 19.6368035 0 P 0
L 29.1084 14.29720026 29.1084 14.419199 49 P 0
L 29.11605302 35.4838 29.1522531 35.52000008 48 P 0
L 29.11605556 17.2974 29.1749988 17.23845676 48 P 0
L 29.14927622 15.61800026 29.21800862 15.61800026 48 P 0
L 29.1522531 35.52000008 29.17499626 35.52000008 48 P 0
L 29.1749988 17.0800014 29.1749988 17.23845676 48 P 0
L 29.21800862 15.61800026 29.44660862 15.84660026 48 P 0
L 29.23400046 19.6368035 29.23400046 19.72141344 0 P 0
L 29.23400046 19.72141344 29.3116 19.79901298 0 P 0
L 29.2354 10.0838 29.6418 9.6774 48 P 0
L 29.3116 19.79901298 29.3116 21.92840166 0 P 0
L 29.337 8.16600094 29.36199868 8.16600094 47 P 0
L 29.36199868 8.16600094 30.19330258 8.99730484 47 P 0
L 29.4386 18.4404 29.4386 18.51860152 48 P 0
L 29.4386 18.51860152 29.49999942 18.58000094 48 P 0
L 29.44660862 15.84660026 29.6728769 15.84660026 48 P 0
L 29.45640032 16.15140026 29.82500004 16.51999998 48 P 0
L 29.45666194 40.5835358 33.40785038 40.5835358 49 P 0
L 29.4875966 34.0614 29.49999688 34.04899972 49 P 0
L 29.49999688 34.02000308 29.49999688 34.04899972 49 P 0
L 29.6418 9.6774 34.24092466 9.6774 48 P 0
L 29.6728769 15.84660026 30.02209642 16.19581978 48 P 0
L 29.8196 35.179 29.8196 35.51460004 49 P 0
L 29.8196 35.51460004 29.82500004 35.52000008 49 P 0
L 29.82500004 16.51999998 29.82500004 17.0800014 48 P 0
L 29.93288654 4.2907712 40.82833592 4.2907712 52 P 0
L 29.9776769 36.44860122 30.2305974 36.19568072 48 P 0
L 30.00544672 33.14193524 30.0443265 33.18081502 0 P 0
L 30.02209642 16.19581978 30.15081854 16.19581978 48 P 0
L 30.0443265 33.18081502 30.0443265 33.33354522 0 P 0
L 30.0443265 33.33354522 30.14999812 33.43921684 0 P 0
L 30.14799914 18.20260774 30.14799914 18.3388 0 P 0
L 30.14799914 18.20260774 30.14999812 18.20060876 0 P 0
L 30.14799914 18.57800196 30.14999812 18.58000094 0 P 0
L 30.14999812 33.43921684 30.14999812 34.02000054 0 P 0
L 30.15081854 16.19581978 30.47499874 16.51999998 48 P 0
L 30.19330258 8.99730484 33.6395314 8.99730484 47 P 0
L 30.2305974 36.19568072 30.32478822 36.19568072 48 P 0
L 30.29580174 15.66184828 30.29580174 15.67440858 48 P 0
L 30.29580174 15.67440858 31.12499998 16.50360682 48 P 0
L 30.32478822 36.19568072 30.4749962 36.04547274 48 P 0
L 30.35061748 36.83 30.36280948 36.83 48 P 0
L 30.36280948 36.83 31.12499998 36.0678095 48 P 0
L 30.42959878 11.7602 30.42959878 13.0556 53 P 0
L 30.42959878 13.0556 30.42959878 14.36420038 53 P 0
L 30.4749962 35.52000008 30.4749962 36.04547274 48 P 0
L 30.47499874 16.51999998 30.47499874 17.0800014 48 P 0
L 30.60882626 6.06768408 30.60882626 7.84414992 50 P 0
L 30.60882626 6.06768408 31.34251034 5.334 50 P 0
L 30.60882626 7.84414992 31.22858118 8.46390484 50 P 0
L 30.7848 18.5952003 30.7848 19.05 0 P 0
L 30.7848 18.5952003 30.79999936 18.58000094 0 P 0
L 30.79999682 34.02000308 30.79999682 34.35599682 0 P 0
L 30.79999682 34.35599682 30.80199834 34.35799834 0 P 0
L 30.80199834 34.35799834 30.80199834 34.3916 0 P 0
L 30.85374068 37.946203 32.2072 37.946203 49 P 0
L 31.12499998 16.50360682 31.12499998 17.0800014 48 P 0
L 31.12499998 35.52000008 31.12499998 36.0678095 48 P 0
L 31.22858118 8.46390484 33.23344382 8.46390484 50 P 0
L 31.34251034 5.334 40.89865836 5.334 50 P 0
L 31.35819738 15.9512 31.4067952 15.99979782 48 P 0
L 31.4067952 15.99979782 31.4067952 16.1517965 48 P 0
L 31.4067952 16.1517965 31.77499868 16.51999998 48 P 0
L 31.44999806 18.28320194 31.44999806 18.38154312 0 P 0
L 31.44999806 18.38154312 31.44999806 18.58000094 0 P 0
L 31.44999806 18.38154312 31.45199958 18.3795416 0 P 0
L 31.44999806 33.43921684 31.44999806 34.02000054 0 P 0
L 31.44999806 33.43921684 31.521146 33.3680689 0 P 0
L 31.45199958 18.28120042 31.45199958 18.3795416 0 P 0
L 31.521146 33.3131033 31.521146 33.3680689 0 P 0
L 31.6667642 6.9559932 31.6667642 7.3090405 52 P 0
L 31.6667642 7.3090405 31.8229488 7.4652251 52 P 0
L 31.74960122 11.7602 31.74960122 13.0556 49 P 0
L 31.74960122 13.0556 31.74960122 14.41920154 49 P 0
L 31.74960122 14.41920154 32.64659968 15.3162 49 P 0
L 31.77499868 16.51999998 31.77499868 17.0800014 48 P 0
L 31.8229488 7.4652251 32.7511791 7.4652251 52 P 0
L 32.0609976 36.60426258 32.10959542 36.55566476 48 P 0
L 32.09788602 18.58211422 32.09788602 19.15192512 0 P 0
L 32.09788602 18.58211422 32.0999993 18.58000094 0 P 0
L 32.09799778 34.02200206 32.09799778 34.39823702 0 P 0
L 32.09799778 34.02200206 32.0999993 34.02000054 0 P 0
L 32.10959542 36.395406 32.10959542 36.55566476 48 P 0
L 32.10959542 36.395406 32.38332106 36.12168036 48 P 0
L 32.38332106 35.56167894 32.38332106 36.12168036 48 P 0
L 32.38332106 35.56167894 32.42499992 35.52000008 48 P 0
L 32.64659968 15.3162 33.67834514 15.3162 49 P 0
L 32.74799902 33.62032138 32.749998 33.62232036 0 P 0
L 32.749998 18.58000094 32.75199952 18.57799942 0 P 0
L 32.749998 33.62232036 32.749998 34.02000054 0 P 0
L 32.75199952 18.20176192 32.75199952 18.57799942 0 P 0
L 32.9946 12.0142 33.0327 12.0523 53 P 0
L 33.0327 12.0523 33.0327 13.06109656 53 P 0
L 33.0327 13.06109656 33.0708 13.09919656 53 P 0
L 33.0454 15.9258 33.06020058 15.94060058 48 P 0
L 33.06020058 15.94060058 33.06020058 17.06520336 48 P 0
L 33.06020058 17.06520336 33.07499862 17.0800014 48 P 0
L 33.0708 14.419199 33.29056842 14.63896742 49 P 0
L 33.23344382 8.46390484 33.5708752 8.12647346 50 P 0
L 33.29056842 14.63896742 33.7730084 14.63896742 49 P 0
L 33.39799772 18.58200246 33.39799772 18.9991746 0 P 0
L 33.39799772 18.58200246 33.39999924 18.58000094 0 P 0
L 33.39999924 34.02000054 33.39999924 34.39939272 0 P 0
L 33.40785038 40.5835358 33.58639968 40.7620851 49 P 0
L 33.5708752 7.8018259 33.5708752 8.12647346 50 P 0
L 33.5708752 7.8018259 33.591881 7.7808201 50 P 0
L 33.5751678 37.946203 34.99088252 37.946203 49 P 0
L 33.58639968 40.7620851 33.58639968 40.94062932 49 P 0
L 33.58639968 40.94062932 33.88400132 41.23823096 49 P 0
L 33.591881 7.505827 33.591881 7.7808201 50 P 0
L 33.6395314 8.99730484 34.30161034 8.3352259 47 P 0
L 33.67834514 15.3162 33.72914514 15.367 49 P 0
L 33.69357498 16.85537396 33.72499986 16.88679884 0 P 0
L 33.72499732 35.52000008 33.7494118 35.54441456 48 P 0
L 33.72499986 16.88679884 33.72499986 17.0800014 0 P 0
L 33.72914514 15.367 34.7608906 15.367 49 P 0
L 33.7494118 35.54441456 33.7494118 36.42178644 48 P 0
L 33.7494118 36.42178644 33.8836 36.55597464 48 P 0
L 33.7730084 14.63896742 34.04384098 14.9098 49 P 0
L 33.8836 36.55597464 33.8836 36.6522 48 P 0
L 33.88400132 41.23823096 33.909 41.23823096 49 P 0
L 33.909 42.83823284 35.4607114 42.83823284 0 P 0
L 34.03679756 11.12099884 34.03679756 11.176 53 P 0
L 34.03679756 11.12099884 34.58619956 10.57159684 53 P 0
L 34.04384098 14.9098 35.2732467 14.9098 49 P 0
L 34.04999794 34.02000054 34.06469184 34.00530664 0 P 0
L 34.06057704 19.12760208 34.06057704 19.34567886 49 P 0
L 34.06057704 19.34567886 34.0711536 19.35625542 49 P 0
L 34.06469184 33.25235412 34.06469184 34.00530664 0 P 0
L 34.06469184 33.25235412 34.30921256 33.0078334 0 P 0
L 34.11220254 9.3726 35.1680653 8.31673724 48 P 0
L 34.24092466 9.6774 35.8155367 8.10278796 48 P 0
L 34.30161034 8.3352259 34.50759672 8.3352259 47 P 0
L 34.30921256 33.0078334 34.30987804 33.0078334 0 P 0
L 34.32219958 16.65298676 34.33662678 16.65298676 49 P 0
L 34.33662678 16.65298676 34.37499856 16.69135854 49 P 0
L 34.37499856 16.69135854 34.37499856 17.0800014 49 P 0
L 34.37499856 35.14060536 34.37499856 35.52000008 0 P 0
L 34.50759672 8.3352259 34.6935933 8.14922932 47 P 0
L 34.58619956 10.55870634 34.58619956 10.57159684 53 P 0
L 34.58619956 10.55870634 35.2044 9.9405059 53 P 0
L 34.6935933 7.5542267 34.6935933 8.14922932 47 P 0
L 34.7608906 15.367 35.18877138 15.79488078 49 P 0
L 34.7726 40.3352 34.81147978 40.29632022 53 P 0
L 34.81147978 39.39060702 34.81147978 40.29632022 53 P 0
L 34.81147978 39.39060702 34.93588136 39.26620544 53 P 0
L 34.94794382 32.8375391 34.9868236 32.87641888 0 P 0
L 34.9868236 32.87641888 34.9868236 33.09682484 0 P 0
L 34.9868236 33.09682484 35.32491284 33.43491408 0 P 0
L 34.99088252 37.946203 35.484816 37.45226952 49 P 0
L 35.0012 36.6522 35.0130999 36.6403001 48 P 0
L 35.0130999 35.53189744 35.0130999 36.6403001 48 P 0
L 35.0130999 35.53189744 35.02499726 35.52000008 48 P 0
L 35.0249998 16.54480054 35.0249998 17.0800014 49 P 0
L 35.0249998 16.54480054 35.18877138 16.38102896 49 P 0
L 35.06971142 13.53999324 35.06971142 13.93999244 0 P 0
L 35.06971142 13.53999324 35.3568 13.25290466 0 P 0
L 35.06971142 13.93999244 35.96699436 14.83727538 0 P 0
L 35.1680653 7.5796267 35.1680653 8.31673724 48 P 0
L 35.1680653 7.5796267 35.241865 7.505827 48 P 0
L 35.18877138 15.79488078 35.18877138 16.38102896 49 P 0
L 35.2044 9.9314 35.2044 9.9405059 53 P 0
L 35.241865 7.505827 35.3156647 7.4320273 48 P 0
L 35.2732467 14.9098 35.75952208 15.39607538 49 P 0
L 35.3156647 6.90861204 35.3156647 7.4320273 48 P 0
L 35.3156647 6.90861204 35.49704864 6.7272281 48 P 0
L 35.32491284 33.43491408 35.32491284 33.9949155 0 P 0
L 35.32491284 33.9949155 35.34999788 34.02000054 0 P 0
L 35.34999788 18.58000094 35.34999788 19.3965576 49 P 0
L 35.3568 11.176 35.3568 13.25290466 0 P 0
L 35.4607114 42.83823284 35.6108 42.98832144 0 P 0
L 35.484816 37.44192918 35.484816 37.45226952 49 P 0
L 35.484816 37.44192918 35.70034262 37.22640256 49 P 0
L 35.49704864 6.7272281 35.98642536 6.7272281 48 P 0
L 35.6749985 15.50809446 35.6749985 17.0800014 49 P 0
L 35.6749985 15.50809446 35.7124 15.47069296 49 P 0
L 35.6749985 35.08102204 35.6749985 35.52000008 0 P 0
L 35.70034262 37.22640256 36.17959998 37.22640256 49 P 0
L 35.7124 15.4432 35.7124 15.47069296 49 P 0
L 35.741737 7.505827 35.8155367 7.5796267 48 P 0
L 35.8155367 7.5796267 35.8155367 8.10278796 48 P 0
L 35.8155367 8.10278796 35.99717464 8.2844259 48 P 0
L 35.96699436 14.83727538 35.99098212 14.83727538 0 P 0
L 35.98642536 6.7272281 36.1680633 6.90886604 48 P 0
L 35.99098212 14.83727538 36.31832208 15.16461534 0 P 0
L 35.99717464 8.2844259 36.48655136 8.2844259 48 P 0
L 35.99999912 18.1843807 35.99999912 18.58000094 49 P 0
L 35.99999912 18.1843807 36.0123994 18.17198042 49 P 0
L 36.0123994 18.17198042 36.70238024 18.17198042 49 P 0
L 36.1680633 6.90886604 36.1680633 7.4320273 48 P 0
L 36.1680633 7.4320273 36.1934633 7.4574273 48 P 0
L 36.17959998 37.22640256 36.98740126 36.41860128 49 P 0
L 36.1934633 7.4574273 36.241863 7.505827 0 P 0
L 36.2204 36.29602596 36.2204 36.32351892 49 P 0
L 36.2204 36.29602596 36.32700126 36.1894247 49 P 0
L 36.29659492 37.946203 36.35159608 37.946203 49 P 0
L 36.29659492 39.26620544 36.38472022 39.35433074 53 P 0
L 36.31832208 15.16461534 36.31832208 15.1886031 0 P 0
L 36.31832208 15.1886031 36.32499974 15.19528076 0 P 0
L 36.32499974 15.19528076 36.32499974 17.0800014 0 P 0
L 36.32700126 36.08200556 36.32700126 36.1894247 49 P 0
L 36.35159608 37.946203 37.49479928 39.0894062 49 P 0
L 36.38472022 39.35433074 36.38472022 40.29632022 53 P 0
L 36.38472022 40.29632022 36.4236 40.3352 53 P 0
L 36.48655136 8.2844259 36.6679353 8.10304196 48 P 0
L 36.6679353 7.5796267 36.6679353 8.10304196 48 P 0
L 36.6679353 7.5796267 36.6933353 7.5542267 48 P 0
L 36.6933353 7.5542267 36.741735 7.505827 0 P 0
L 36.70238024 18.17198042 36.70279934 18.17156132 49 P 0
L 36.8046 11.176 36.8046 13.27468262 0 P 0
L 36.8046 13.27468262 37.06991062 13.53999324 0 P 0
L 36.97499844 17.0800014 36.98969234 17.0653075 0 P 0
L 36.97499844 35.52000008 36.97499844 35.57799844 49 P 0
L 36.97499844 35.52000008 36.98740126 35.5324029 49 P 0
L 36.97499844 35.57799844 36.9824 35.5854 49 P 0
L 36.98740126 35.5324029 36.98740126 36.41860128 49 P 0
L 36.98969234 16.09630766 36.98969234 17.0653075 0 P 0
L 36.98969234 16.09630766 38.35339802 14.73260198 0 P 0
L 37.06991062 13.28259726 37.06991062 13.53999324 0 P 0
L 37.06991062 13.28259726 37.56830942 12.78419846 0 P 0
L 37.25604436 33.83309718 37.29999906 33.87705188 0 P 0
L 37.29800008 18.58199992 37.29800008 18.8214 0 P 0
L 37.29800008 18.58199992 37.29999906 18.58000094 0 P 0
L 37.29999906 33.87705188 37.29999906 34.02000054 0 P 0
L 37.49479928 39.0894062 37.49479928 39.22279938 49 P 0
L 37.49479928 39.22279938 37.6673999 39.3954 49 P 0
L 37.56830942 12.78419846 38.95099906 12.78419846 0 P 0
L 37.62499714 35.52000008 37.62499714 37.20293296 48 P 0
L 37.62499714 37.20293296 37.66837272 37.24630854 48 P 0
L 37.62499968 17.0800014 37.62499968 17.22184008 0 P 0
L 37.62499968 17.22184008 37.66047586 17.25731626 0 P 0
L 37.66047586 17.25731626 37.67779866 17.25731626 0 P 0
L 37.6673999 39.3954 38.09240032 39.3954 49 P 0
L 37.741987 7.505827 37.7649867 7.5288267 47 P 0
L 37.7649867 7.5288267 37.7649867 8.23307472 47 P 0
L 37.7649867 8.23307472 38.52922698 8.997315 47 P 0
L 37.89719878 33.67482216 37.94999776 33.72762114 0 P 0
L 37.94999776 18.1410229 37.94999776 18.5799984 0 P 0
L 37.94999776 18.5799984 37.9500003 18.58000094 0 P 0
L 37.94999776 33.72762114 37.94999776 34.02000308 0 P 0
L 38.09240032 38.1254 38.20369296 38.1254 0 P 0
L 38.09240032 41.9354 38.31580094 41.71199938 0 P 0
L 38.19052052 16.16567252 38.19052052 16.22065844 0 P 0
L 38.19052052 16.22065844 38.26030448 16.2904424 0 P 0
L 38.20369296 38.1254 38.42709358 37.90199938 0 P 0
L 38.26030448 16.2904424 38.26030448 17.0653075 0 P 0
L 38.26030448 17.0653075 38.27499838 17.0800014 0 P 0
L 38.27499838 35.52000008 38.28969228 35.53469398 0 P 0
L 38.28969228 35.53469398 38.28969228 36.11547768 0 P 0
L 38.28969228 36.11547768 38.3286 36.1543854 0 P 0
L 38.31580094 41.71199938 39.00082878 41.71199938 0 P 0
L 38.3286 36.1543854 38.3286 36.15713876 0 P 0
L 38.3286 36.15713876 39.0906 36.91913876 0 P 0
L 38.35339802 14.73260198 38.60259742 14.73260198 0 P 0
L 38.354 37.31690022 38.354 37.90199938 0 P 0
L 38.354 37.90199938 38.42709358 37.90199938 0 P 0
L 38.391973 7.505827 38.391973 7.7808201 50 P 0
L 38.391973 7.7808201 38.4129788 7.8018259 50 P 0
L 38.4129788 7.8018259 38.4129788 8.12672746 50 P 0
L 38.4129788 8.12672746 38.75016634 8.463915 50 P 0
L 38.46140136 39.45139938 38.81700136 39.80699938 52 P 0
L 38.52922698 8.997315 41.84108726 8.997315 47 P 0
L 38.599999 18.58000094 38.608 18.57199994 0 P 0
L 38.599999 33.840801 38.599999 34.02000054 0 P 0
L 38.599999 33.840801 38.60200052 33.83879948 0 P 0
L 38.60200052 33.7566 38.60200052 33.83879948 0 P 0
L 38.60259742 14.73260198 38.95099906 14.38420034 0 P 0
L 38.608 18.4404 38.608 18.57199994 0 P 0
L 38.75016634 8.463915 40.75502136 8.463915 50 P 0
L 38.81700136 39.80699938 39.06334072 39.80699938 52 P 0
L 38.8874 35.64195564 38.8874 35.92567872 48 P 0
L 38.8874 35.64195564 38.92499708 35.60435856 48 P 0
L 38.92499708 35.52000008 38.92499708 35.60435856 48 P 0
L 38.92499962 16.53039112 38.92499962 17.0800014 48 P 0
L 38.92499962 16.53039112 39.5316837 15.92370704 48 P 0
L 39.00082878 41.71199938 39.23462816 41.4782 0 P 0
L 39.06334072 39.80699938 41.8554408 42.59909946 52 P 0
L 39.0906 36.91913876 39.0906 37.68938868 0 P 0
L 39.0906 37.68938868 39.1263505 37.72513918 0 P 0
L 39.1263505 37.72513918 39.1263505 38.0523877 0 P 0
L 39.1263505 38.0523877 39.45369046 38.37972766 0 P 0
L 39.23242344 7.46522256 40.1606512 7.46522256 52 P 0
L 39.23462816 41.4782 39.3446 41.4782 0 P 0
L 39.243 18.2118 39.25000024 18.21880024 0 P 0
L 39.25000024 18.21880024 39.25000024 18.58000094 0 P 0
L 39.25000024 34.02000054 39.25000024 34.19540024 0 P 0
L 39.25000024 34.19540024 39.25199922 34.19739922 0 P 0
L 39.25199922 34.19739922 39.25199922 34.29 0 P 0
L 39.45369046 38.37972766 39.51172692 38.37972766 0 P 0
L 39.51172692 38.37972766 43.06739926 41.9354 0 P 0
L 39.5316837 15.92370704 39.5420723 15.92370704 48 P 0
L 39.55876264 17.09623708 39.55876264 17.24801986 0 P 0
L 39.55876264 17.09623708 39.57499832 17.0800014 0 P 0
L 39.5732 35.1028 39.57499832 35.10459832 48 P 0
L 39.57499832 35.10459832 39.57499832 35.52000008 48 P 0
L 39.89999894 18.58000094 39.89999894 19.16685016 0 P 0
L 39.89999894 19.16685016 39.95900314 19.22585436 0 P 0
L 40.1606512 7.46522256 40.3166834 7.30919036 52 P 0
L 40.22499702 35.52000008 40.22499702 36.06780442 48 P 0
L 40.22499702 36.06780442 40.9345003 36.7773077 48 P 0
L 40.22499956 16.55452874 40.22499956 17.0800014 48 P 0
L 40.22499956 16.55452874 40.9045283 15.875 48 P 0
L 40.3166834 6.9560186 40.3166834 7.30919036 52 P 0
L 40.54799866 34.02200206 40.54799866 34.3662 0 P 0
L 40.54799866 34.02200206 40.55000018 34.02000054 0 P 0
L 40.55000018 18.58000094 40.5638 18.56620112 0 P 0
L 40.5638 18.2118 40.5638 18.56620112 0 P 0
L 40.75502136 8.463915 41.43614268 7.78279368 50 P 0
L 40.82833592 4.2907712 41.5517838 3.56732332 52 P 0
L 40.86259798 16.53239772 40.86259798 16.78339798 49 P 0
L 40.86259798 16.78339798 40.92779978 16.84859978 49 P 0
L 40.87499826 35.52000008 40.87499826 36.04547274 48 P 0
L 40.87499826 36.04547274 41.07343322 36.2439077 48 P 0
L 40.9045283 15.875 40.9194 15.875 48 P 0
L 40.9345003 36.7773077 40.9448 36.7773077 48 P 0
L 40.94948376 5.3321712 41.5054288 5.3321712 54 P 0
L 41.07343322 36.2439077 41.16573936 36.2439077 48 P 0
L 41.16573936 36.2439077 41.64950268 36.72767102 48 P 0
L 41.1875986 18.8580014 41.1875986 19.12760462 49 P 0
L 41.1875986 18.8580014 41.1988 18.8468 49 P 0
L 41.19999888 33.47600112 41.19999888 34.02000054 0 P 0
L 41.19999888 33.47600112 41.20205374 33.47394626 0 P 0
L 41.20205374 33.4515079 41.20205374 33.47394626 0 P 0
L 41.43614268 5.3321712 41.43614268 7.78279368 50 P 0
L 41.5054288 5.3321712 42.36179742 4.47580258 54 P 0
L 41.5249995 16.16126054 41.5249995 17.0800014 0 P 0
L 41.5249995 16.16126054 42.08737582 15.59888422 0 P 0
L 41.5249995 35.52000008 41.5249995 36.04547274 48 P 0
L 41.5249995 36.04547274 41.65243638 36.17290962 48 P 0
L 41.5517838 3.0226 41.5517838 3.56732332 52 P 0
L 41.5517838 3.0226 42.65538332 1.91900048 52 P 0
L 41.64950268 36.72767102 41.75687102 36.72767102 48 P 0
L 41.65243638 36.17290962 41.65243892 36.17290962 48 P 0
L 41.65243892 36.17290962 41.9793293 36.4998 48 P 0
L 41.75687102 36.72767102 42.0624 37.0332 48 P 0
L 41.84108726 8.997315 42.67240132 8.16600094 47 P 0
L 41.85000012 18.58000094 41.86469402 18.59469484 0 P 0
L 41.86469402 18.59469484 41.86469402 19.25869402 0 P 0
L 41.86469402 19.25869402 42.14000208 19.53400208 0 P 0
L 41.9137592 42.7011592 41.95499864 42.7011592 52 P 0
L 41.95499864 42.7011592 42.2214675 42.96762806 52 P 0
L 41.9793293 36.4998 42.28333936 36.4998 48 P 0
L 42.08737582 14.08396472 42.08737582 15.59888422 0 P 0
L 42.08737582 14.08396472 42.08767554 14.083665 0 P 0
L 42.08792446 12.484735 42.38632366 12.7831342 0 P 0
L 42.14000208 19.53400208 42.7579155 19.53400208 0 P 0
L 42.1749982 16.51999998 42.1749982 17.0800014 0 P 0
L 42.1749982 16.51999998 42.56899792 16.12600026 0 P 0
L 42.1749982 35.52000008 42.1749982 36.04547274 48 P 0
L 42.1749982 36.04547274 42.32452546 36.195 48 P 0
L 42.2214675 42.96762806 45.85617448 42.96762806 52 P 0
L 42.28333936 36.4998 42.53694058 36.75340122 48 P 0
L 42.32452546 36.195 42.40959006 36.195 48 P 0
L 42.36179742 4.45845438 42.36179742 4.47580258 54 P 0
L 42.36179742 4.45845438 42.74865212 4.07159968 54 P 0
L 42.38632366 12.7831342 42.38632366 13.01072328 0 P 0
L 42.38632366 13.01072328 43.76460132 14.38900094 0 P 0
L 42.40959006 36.195 42.66319128 36.44860122 48 P 0
L 42.4942 33.9344 42.49999882 33.94019882 0 P 0
L 42.49999882 18.58000094 43.20902458 18.58000094 0 P 0
L 42.49999882 33.94019882 42.49999882 34.02000054 0 P 0
L 42.53694058 36.75340122 42.836719 36.75340122 48 P 0
L 42.56899792 16.12600026 46.35800228 16.12600026 0 P 0
L 42.65538332 1.91900048 62.041659 1.91900048 52 P 0
L 42.66319128 36.44860122 43.16472952 36.44860122 48 P 0
L 42.67240132 8.16600094 42.6974 8.16600094 47 P 0
L 42.74865212 4.07159968 42.76600032 4.07159968 54 P 0
L 42.7579155 19.53400208 43.97851758 18.3134 0 P 0
L 42.76600032 4.07159968 43.14320048 3.69439952 54 P 0
L 42.82499944 17.0800014 43.42040084 16.4846 0 P 0
L 42.82499944 35.52000008 42.82499944 35.63885684 48 P 0
L 42.82499944 35.63885684 42.88394268 35.69780008 48 P 0
L 42.836719 36.75340122 42.93542594 36.85210816 48 P 0
L 42.88394268 35.69780008 45.30279992 35.69780008 48 P 0
L 42.93542594 36.85210816 43.4299233 36.85210816 48 P 0
L 43.06739926 41.9354 43.49239968 41.9354 0 P 0
L 43.07350288 24.94919318 43.1243105 25.0000008 0 P 0
L 43.1243105 25.0000008 43.71999892 25.0000008 0 P 0
L 43.14320048 3.69439952 43.54180014 3.69439952 54 P 0
L 43.16472952 36.44860122 43.24602476 36.36730598 48 P 0
L 43.20902458 18.58000094 44.03442552 17.7546 0 P 0
L 43.24602476 36.36730598 43.86715636 36.36730598 48 P 0
L 43.3324 28.2480004 43.7179974 28.2480004 0 P 0
L 43.4086 26.94800046 43.41060152 26.95000198 0 P 0
L 43.4086 29.55200084 43.41059898 29.55000186 0 P 0
L 43.41059898 29.55000186 43.71999892 29.55000186 0 P 0
L 43.41060152 26.95000198 43.71999892 26.95000198 0 P 0
L 43.42040084 16.4846 48.03920034 16.4846 0 P 0
L 43.4299233 36.85210816 43.47852112 36.90070598 48 P 0
L 43.47219906 5.18200132 43.47219906 5.207 0 P 0
L 43.47219906 5.18200132 44.60747746 4.04672292 0 P 0
L 43.4848 30.85200078 43.71799994 30.85200078 0 P 0
L 43.49239968 39.3954 45.2390002 39.3954 0 P 0
L 43.49239968 40.6654 45.10899792 40.6654 0 P 0
L 43.5102 32.14800022 43.7179974 32.14800022 0 P 0
L 43.52897822 23.04800064 43.71799994 23.04800064 0 P 0
L 43.54180014 3.69439952 43.55880036 3.6773993 54 P 0
L 43.55880036 3.3274 43.55880036 3.6773993 54 P 0
L 43.68663094 32.83336842 43.68663094 33.07877052 0 P 0
L 43.68663094 32.83336842 43.71999892 32.80000044 0 P 0
L 43.69672744 21.7520012 43.69872896 21.74999968 48 P 0
L 43.69872896 21.74999968 43.71999892 21.74999968 48 P 0
L 43.70333652 20.44800076 43.71799994 20.44800076 0 P 0
L 43.7179974 28.2480004 43.71999892 28.25000192 0 P 0
L 43.7179974 32.14800022 43.71999892 32.15000174 0 P 0
L 43.71799994 20.44800076 43.71999892 20.44999974 0 P 0
L 43.71799994 23.04800064 43.71999892 23.04999962 0 P 0
L 43.71799994 30.85200078 43.71999892 30.8500018 0 P 0
L 43.71999892 19.80000104 44.05163656 19.80000104 0 P 0
L 43.71999892 21.10000098 44.08700098 21.10000098 0 P 0
L 43.71999892 22.40000092 44.0993911 22.40000092 0 P 0
L 43.71999892 25.6499995 43.72511956 25.64487886 0 P 0
L 43.71999892 26.30000074 44.00380074 26.30000074 0 P 0
L 43.71999892 27.60000068 43.72200044 27.6020022 0 P 0
L 43.71999892 28.90000062 43.7219979 28.89800164 0 P 0
L 43.71999892 31.5000005 43.72200044 31.50200202 0 P 0
L 43.7219979 28.89800164 43.9928 28.89800164 0 P 0
L 43.72200044 27.6020022 43.9214006 27.6020022 0 P 0
L 43.72200044 31.50200202 44.0182 31.50200202 0 P 0
L 43.72511956 25.64487886 44.15568766 25.64487886 0 P 0
L 43.76460132 14.38900094 43.7896 14.38900094 0 P 0
L 43.7896 12.78899906 45.45339906 12.78899906 0 P 0
L 43.86715636 36.36730598 43.94885038 36.449 48 P 0
L 43.94885038 36.449 44.54532112 36.449 48 P 0
L 43.97851758 18.3134 45.2374 18.3134 0 P 0
L 44.00380074 26.30000074 44.00580226 26.30200226 0 P 0
L 44.00580226 26.30200226 44.0182 26.30200226 0 P 0
L 44.03442552 17.7546 45.476033 17.7546 0 P 0
L 44.05163656 19.69816482 44.05163656 19.80000104 0 P 0
L 44.08700098 21.10000098 44.08899996 21.10199996 0 P 0
L 44.08899996 21.10199996 44.0944 21.10199996 0 P 0
L 44.60747746 3.90303258 44.60747746 4.04672292 0 P 0
L 44.60747746 3.90303258 45.085 3.42551004 0 P 0
L 44.78231074 25.97300114 45.0596 25.97300114 0 P 0
L 44.8564 29.2354 44.86679876 29.22500124 0 P 0
L 44.86679876 29.22500124 45.21999846 29.22500124 0 P 0
L 45.02968642 5.24951452 45.02968642 6.52328642 0 P 0
L 45.02968642 5.24951452 45.07220094 5.207 0 P 0
L 45.07220094 5.207 46.41859906 5.207 0 P 0
L 45.085 3.2512 45.085 3.42551004 0 P 0
L 45.085 3.2512 45.1231 3.2893 54 P 0
L 45.09882776 22.75686584 45.13069206 22.72500154 0 P 0
L 45.10899792 40.6654 45.339 40.89540208 0 P 0
L 45.1231 3.2893 46.44179942 3.2893 54 P 0
L 45.13069206 22.72500154 45.21999846 22.72500154 0 P 0
L 45.21775818 30.52724146 45.21775818 30.56458708 49 P 0
L 45.21775818 30.52724146 45.21999846 30.52500118 49 P 0
L 45.21799948 25.97300114 45.21999846 25.97500012 0 P 0
L 45.21999846 19.47500042 45.64485664 19.47500042 48 P 0
L 45.21999846 20.12500166 45.76786884 20.12500166 48 P 0
L 45.21999846 20.77500036 45.81452864 20.77500036 48 P 0
L 45.21999846 21.4250016 45.23469236 21.4103077 0 P 0
L 45.21999846 22.0750003 45.23389734 22.06110142 48 P 0
L 45.21999846 23.37500024 46.39099942 23.37500024 48 P 0
L 45.21999846 24.02500148 46.33239908 24.02500148 49 P 0
L 45.21999846 25.32500142 45.2317231 25.33672606 0 P 0
L 45.21999846 26.62500136 45.77999988 26.62500136 0 P 0
L 45.21999846 27.27500006 45.76185666 27.27500006 48 P 0
L 45.21999846 27.9250013 45.26167732 27.96668016 48 P 0
L 45.21999846 28.575 45.26167732 28.61667886 48 P 0
L 45.21999846 29.87499994 45.76499864 29.87499994 48 P 0
L 45.21999846 31.17499988 45.81452864 31.17499988 48 P 0
L 45.21999846 31.82500112 45.76117086 31.82500112 48 P 0
L 45.21999846 32.47499982 45.26167732 32.51667868 48 P 0
L 45.21999846 33.12500106 45.21999846 34.65359846 48 P 0
L 45.21999846 34.65359846 45.78229858 35.21589858 48 P 0
L 45.2317231 25.33672606 45.9935199 25.33672606 0 P 0
L 45.23389734 22.06110142 46.84909858 22.06110142 48 P 0
L 45.23469236 21.4103077 45.8643863 21.4103077 0 P 0
L 45.2390002 39.3954 45.339 39.2954002 0 P 0
L 45.26167732 27.96668016 45.82167874 27.96668016 48 P 0
L 45.26167732 28.61667886 45.82167874 28.61667886 48 P 0
L 45.26167732 32.51667868 45.82167874 32.51667868 48 P 0
L 45.339 39.2954002 46.43610982 39.2954002 0 P 0
L 45.339 40.89540208 45.36399868 40.89540208 0 P 0
L 45.36399868 40.89540208 45.71240032 40.54700044 0 P 0
L 45.45339906 12.78899906 45.9994 13.335 0 P 0
L 45.476033 17.7546 45.6503913 17.9289583 0 P 0
L 45.63788688 24.70828688 46.22718466 24.70828688 49 P 0
L 45.64485664 19.47500042 45.70379988 19.41605718 48 P 0
L 45.6503913 17.9289583 45.7797027 17.9289583 0 P 0
L 45.70379988 18.94705126 45.70379988 19.41605718 48 P 0
L 45.70379988 18.94705126 45.88382746 18.76702368 48 P 0
L 45.71240032 40.52200176 45.71240032 40.54700044 0 P 0
L 45.71240032 40.52200176 47.85500208 38.3794 0 P 0
L 45.76117086 31.82500112 46.03122366 32.09505392 48 P 0
L 45.76185666 27.27500006 46.60313006 28.11627346 48 P 0
L 45.76499864 29.87499994 47.05741668 31.16741798 48 P 0
L 45.76786884 20.12500166 46.36290194 19.52996856 48 P 0
L 45.7797027 17.9289583 45.84649962 17.99575522 0 P 0
L 45.77999988 26.62500136 46.19251874 27.03752022 0 P 0
L 45.78229858 35.21589858 45.78229858 35.24370142 48 P 0
L 45.81452864 20.77500036 45.94175978 20.64776922 48 P 0
L 45.81452864 31.17499988 45.87832836 31.2387996 48 P 0
L 45.82167874 27.96668016 46.05216596 28.19716738 48 P 0
L 45.82167874 28.61667886 46.3296 29.12460012 48 P 0
L 45.82167874 32.51667868 46.1158844 32.81088434 48 P 0
L 45.84649962 17.99575522 46.38930778 17.99575522 0 P 0
L 45.85617448 42.96762806 49.64840464 39.1753979 52 P 0
L 45.8643863 21.4103077 45.91330924 21.36138476 0 P 0
L 45.87832836 31.2387996 45.8963649 31.2387996 48 P 0
L 45.88382746 18.69829128 45.88382746 18.76702368 48 P 0
L 45.8963649 31.2387996 46.23977544 31.58221014 48 P 0
L 45.91330924 21.36138476 45.96829516 21.36138476 0 P 0
L 45.94175978 20.64776922 46.03087822 20.64776922 48 P 0
L 45.9935199 25.33672606 46.00524454 25.3484507 0 P 0
L 45.9994 13.335 47.18059906 13.335 0 P 0
L 46.03087822 20.64776922 46.35260986 20.32603758 48 P 0
L 46.03122366 32.09505392 46.03122366 32.20494702 48 P 0
L 46.03122366 32.20494702 46.4206844 32.59440776 48 P 0
L 46.05216596 28.19716738 46.05216596 28.3258895 48 P 0
L 46.05216596 28.3258895 46.1485996 28.42232314 48 P 0
L 46.1158844 32.81088434 46.1158844 32.939609 48 P 0
L 46.1158844 32.939609 46.1485996 32.9723242 48 P 0
L 46.1485996 28.42232314 46.1485996 28.49657242 48 P 0
L 46.1485996 28.49657242 46.863 29.21097282 48 P 0
L 46.1485996 32.9723242 46.1485996 33.3949675 48 P 0
L 46.1485996 33.3949675 46.24573936 33.49210726 48 P 0
L 46.19251874 27.03752022 46.36692022 27.03752022 0 P 0
L 46.22718466 24.70828688 46.83567468 25.3167769 49 P 0
L 46.23977544 31.58221014 46.23977544 31.65915944 48 P 0
L 46.23977544 31.65915944 46.58558882 32.00497282 48 P 0
L 46.24573936 33.49210726 46.24573936 34.1122 48 P 0
L 46.3296 29.12460012 46.3296 29.7644566 48 P 0
L 46.3296 29.7644566 46.57624416 30.01110076 48 P 0
L 46.33239908 24.02500148 46.64650056 24.33910296 49 P 0
L 46.35260986 20.2946 46.35260986 20.32603758 48 P 0
L 46.35800228 16.12600026 47.38200328 15.10199926 0 P 0
L 46.36290194 19.52996856 46.52700372 19.52996856 48 P 0
L 46.36692022 27.03752022 46.4058 27.0764 0 P 0
L 46.39099942 23.37500024 46.4672045 23.45120532 48 P 0
L 46.4206844 32.59440776 46.4206844 32.74453446 48 P 0
L 46.4206844 32.74453446 46.6819996 33.00584966 48 P 0
L 46.43610982 39.2954002 47.54671212 38.1847979 0 P 0
L 46.44179942 3.2893 46.45879964 3.30630022 54 P 0
L 46.45879964 3.30630022 46.45879964 3.3274 54 P 0
L 46.45879964 3.3274 49.2631984 3.3274 54 P 0
L 46.4672045 23.45120532 46.85520982 23.45120532 48 P 0
L 46.52700372 19.52996856 46.76979978 19.2871725 48 P 0
L 46.57624416 30.01110076 46.65972634 30.01110076 48 P 0
L 46.60313006 28.11627346 46.60313006 28.14318476 48 P 0
L 46.64650056 24.33910296 47.2545029 24.33910296 49 P 0
L 46.65972634 30.01110076 46.9771984 30.32857282 48 P 0
L 46.6819996 33.00584966 46.6819996 33.07458206 48 P 0
L 46.76979978 19.2871725 46.83853218 19.2871725 48 P 0
L 46.83567468 25.3167769 46.83567468 25.34267474 49 P 0
L 46.83567468 25.34267474 47.57879994 26.0858 49 P 0
L 46.84909858 22.06110142 46.86156998 22.04863002 48 P 0
L 46.85520982 23.45120532 46.8990045 23.495 48 P 0
L 47.05741668 31.16741798 48.13380264 31.16741798 48 P 0
L 47.18059906 13.335 47.39139874 13.54579968 0 P 0
L 47.2545029 24.33910296 47.67619878 24.76079884 49 P 0
L 47.38200328 15.10199926 49.2766096 15.10199926 0 P 0
L 47.39139874 13.54579968 47.41639742 13.54579968 0 P 0
L 47.41639742 13.54579968 47.76479906 13.89420132 0 P 0
L 47.54671212 38.1847979 47.70771002 38.0238 0 P 0
L 47.57879994 26.0858 47.67619878 26.0858 49 P 0
L 47.67619878 24.76079884 47.67619878 24.8158 49 P 0
L 47.70771002 38.0238 55.23989206 38.0238 0 P 0
L 47.76479906 13.89420132 47.76479906 13.9192 0 P 0
L 47.85500208 38.3794 55.0926 38.3794 0 P 0
L 47.9044 29.13419878 47.95940116 29.13419878 0 P 0
L 47.9044 30.45420122 47.95940116 30.45420122 49 P 0
L 47.9044 32.04219906 47.92939868 32.04219906 0 P 0
L 47.9044 33.64220094 47.9044 35.6362 0 P 0
L 47.9044 35.6362 48.6156 36.3474 0 P 0
L 47.92939868 32.04219906 48.27780032 32.3906007 0 P 0
L 47.95940116 29.13419878 48.64800532 29.82280294 0 P 0
L 47.95940116 30.45420122 48.48779736 30.98259742 49 P 0
L 48.07460032 19.1516 48.07460032 20.4216 49 P 0
L 48.07460032 20.4216 48.07460032 21.0566 49 P 0
L 48.07460032 21.0566 48.07460032 21.6916 49 P 0
L 48.07460032 21.6916 48.07460032 22.9616 49 P 0
L 48.13380264 31.16741798 48.32998208 31.36359742 48 P 0
L 48.27780032 32.3906007 48.27780032 32.41559938 0 P 0
L 48.27780032 32.41559938 49.3316006 33.46939966 0 P 0
L 48.32998208 31.36359742 48.47408898 31.36359742 48 P 0
L 48.47408898 31.36359742 48.82871362 31.71822206 48 P 0
L 48.48779736 30.98259742 48.63190426 30.98259742 49 P 0
L 48.63190426 30.98259742 48.96750684 31.3182 49 P 0
L 48.64800532 29.82280294 48.64800532 30.12303348 0 P 0
L 48.64800532 30.12303348 48.65223188 30.12303348 0 P 0
L 48.65223188 30.12303348 48.92772536 30.39852696 0 P 0
L 48.82871362 31.71822206 48.82871362 32.10440874 48 P 0
L 48.82871362 32.10440874 48.8967526 32.17244772 48 P 0
L 48.92772536 30.39852696 49.0376972 30.39852696 0 P 0
L 48.96750684 31.3182 50.4952 31.3182 49 P 0
L 48.99620122 24.8158 48.99620122 25.019 49 P 0
L 49.2631984 3.3274 49.5933984 3.6576 54 P 0
L 49.2766096 15.10199926 50.2539 16.07928966 0 P 0
L 49.3316006 33.46939966 50.6222 33.46939966 0 P 0
L 49.36480094 13.9192 49.6555268 14.20992586 0 P 0
L 49.5933984 3.6576 49.91839902 3.6576 54 P 0
L 49.64840464 39.1753979 54.7927403 39.1753979 52 P 0
L 49.6555268 14.20992586 49.6555268 14.5781268 0 P 0
L 49.6555268 14.5781268 51.562 16.4846 0 P 0
L 50.2539 16.07928966 50.2539 17.70374666 0 P 0
L 50.2539 17.70374666 51.5367524 18.98659906 0 P 0
L 50.6222 29.31940034 50.6222 29.40650964 0 P 0
L 50.6222 29.40650964 50.62889036 29.4132 0 P 0
L 50.68579906 24.79080132 50.68579906 24.8158 0 P 0
L 50.68579906 24.79080132 51.0342007 24.44239968 0 P 0
L 50.68579906 26.21320132 51.0342007 25.86479968 0 P 0
L 51.0342007 24.44239968 51.05919938 24.44239968 0 P 0
L 51.0342007 25.86479968 51.21758616 25.86479968 0 P 0
L 51.05919938 24.44239968 51.2261993 24.27539976 0 P 0
L 51.21758616 25.86479968 51.5817993 25.50058654 0 P 0
L 51.2261993 24.08829828 51.2261993 24.27539976 0 P 0
L 51.2261993 24.08829828 51.5367524 23.77774518 0 P 0
L 51.5367524 18.98659906 51.5367524 23.77774518 0 P 0
L 51.5367524 18.98659906 53.30959874 18.98659906 0 P 0
L 51.562 16.4846 52.18919966 16.4846 0 P 0
L 51.5817993 24.23559034 51.5817993 25.50058654 0 P 0
L 51.5817993 24.23559034 51.8923524 23.92503724 0 P 0
L 51.8923524 20.85325014 51.8923524 23.92503724 0 P 0
L 51.8923524 20.85325014 52.32400254 20.4216 0 P 0
L 52.1657453 12.17245216 52.27571714 12.17245216 0 P 0
L 52.19061698 19.83101698 52.585747 20.226147 0 P 0
L 52.27571714 12.17245216 52.39076898 12.05740032 0 P 0
L 52.29400006 24.8158 52.29400006 27.4574 49 P 0
L 52.29400006 24.8158 52.31045164 24.79934842 49 P 0
L 52.31045164 24.06214898 52.31045164 24.79934842 49 P 0
L 52.31045164 24.06214898 52.88681066 23.48578996 49 P 0
L 52.32400254 20.4216 53.04959926 20.4216 0 P 0
L 52.39076898 12.05740032 52.52179742 12.05740032 0 P 0
L 52.5019524 21.46819938 53.25119906 21.46819938 0 P 0
L 52.52179742 12.05740032 52.87019906 11.70899868 0 P 0
L 52.585747 20.226147 52.85414626 20.226147 0 P 0
L 52.85414626 20.226147 53.04959926 20.4216 0 P 0
L 52.85414626 20.226147 53.27914668 20.226147 0 P 0
L 52.87019906 11.684 52.87019906 11.70899868 0 P 0
L 52.88681066 23.13420062 52.88681066 23.48578996 49 P 0
L 52.88681066 23.13420062 53.05941128 22.9616 49 P 0
L 53.05941128 22.9616 53.47459968 22.9616 49 P 0
L 53.25119906 21.46819938 53.47459968 21.6916 0 P 0
L 53.27914668 20.226147 53.47459968 20.4216 0 P 0
L 53.30959874 18.98659906 53.47459968 19.1516 0 P 0
L 53.7718 34.90879988 53.7718 35.8394 51 P 0
L 53.7718 34.90879988 53.80980094 34.87079894 51 P 0
L 53.80980094 34.87079894 54.74040106 34.87079894 51 P 0
L 54.01840098 3.6576 54.01840098 6.0198 54 P 0
L 54.33361498 15.59888168 54.33361498 15.7226 52 P 0
L 54.33361498 15.59888168 54.47119916 15.4612975 52 P 0
L 54.45261398 15.603601 56.4069992 15.603601 49 P 0
L 54.47020094 11.65900132 54.47020094 11.684 0 P 0
L 54.47020094 11.65900132 55.52560142 10.60360084 0 P 0
L 54.47119916 14.48660044 54.47119916 15.4612975 52 P 0
L 54.47119916 14.48660044 54.5051996 14.4526 52 P 0
L 54.5051996 13.0556 54.5051996 13.11060116 0 P 0
L 54.5051996 13.11060116 55.4981999 14.10360146 0 P 0
L 54.74040106 34.87079894 58.05760042 31.55359958 51 P 0
L 54.7927403 39.1753979 58.6703424 43.053 52 P 0
L 55.0926 38.3794 56.0832 39.37 0 P 0
L 55.23989206 38.0238 56.23049206 39.0144 0 P 0
L 55.4981999 14.10360146 56.4069992 14.10360146 0 P 0
L 55.52560142 10.60360084 56.4069992 10.60360084 0 P 0
L 55.5498 5.5626 55.5498 6.54059906 0 P 0
L 55.5498 8.21680094 55.92360164 8.59060258 48 P 0
L 55.7784 4.6228 55.8367184 4.5644816 50 P 0
L 55.8367184 4.45094106 55.8367184 4.5644816 50 P 0
L 55.8367184 4.45094106 57.35332446 2.934335 50 P 0
L 55.92360164 8.59060258 56.04400272 8.59060258 48 P 0
L 56.04400272 8.59060258 57.05700044 9.6036003 48 P 0
L 56.0832 39.37 58.08979746 39.37 0 P 0
L 56.23049206 39.0144 60.2742 39.0144 0 P 0
L 56.4069992 12.10360038 57.35940014 12.10360038 49 P 0
L 56.4069992 12.60359938 57.53619938 12.60359938 49 P 0
L 56.4069992 13.10360092 58.03620092 13.10360092 49 P 0
L 56.4069992 13.60359992 57.99900008 13.60359992 49 P 0
L 56.4069992 14.60360046 58.09555564 14.60360046 49 P 0
L 56.4069992 15.10359946 57.96956656 15.10359946 49 P 0
L 56.4069992 16.1036 56.43439818 16.07620102 49 P 0
L 56.43439818 16.07620102 56.996965 16.07620102 49 P 0
L 56.9214 5.588 56.9214 6.54059906 0 P 0
L 56.96640372 8.28760598 56.96640372 8.89 48 P 0
L 56.96640372 8.89 57.50819842 9.4317947 48 P 0
L 56.996965 16.07620102 57.27196572 15.8012003 49 P 0
L 57.05700044 9.6036003 57.05700044 9.9535996 48 P 0
L 57.05700044 16.75360124 57.08439942 16.72620226 49 P 0
L 57.08439942 16.07620102 57.08439942 16.72620226 49 P 0
L 57.1246 17.9324 57.1829184 17.8740816 0 P 0
L 57.1829184 17.58689396 57.1829184 17.8740816 0 P 0
L 57.1829184 17.58689396 57.43600146 17.3338109 0 P 0
L 57.27196572 15.8012003 57.35940014 15.8012003 49 P 0
L 57.35307554 4.533265 58.90313594 4.533265 0 P 0
L 57.35332446 2.934335 58.17258876 3.7535993 49 P 0
L 57.35940014 12.10360038 58.2676 13.01180024 49 P 0
L 57.35940014 15.8012003 58.2825606 14.87803984 49 P 0
L 57.43600146 17.22459852 57.43600146 17.3338109 0 P 0
L 57.43600146 17.22459852 57.55699944 17.10360054 0 P 0
L 57.50819842 9.4317947 57.50819842 9.90479858 48 P 0
L 57.50819842 9.90479858 57.55699944 9.9535996 48 P 0
L 57.53619938 12.60359938 58.03620092 13.10360092 49 P 0
L 57.55699944 16.75360124 57.55699944 17.10360054 0 P 0
L 57.91508102 17.69294404 57.91508102 17.76578108 0 P 0
L 57.91508102 17.69294404 58.05700098 17.55102408 0 P 0
L 57.96956656 15.10359946 58.2825606 14.79060542 49 P 0
L 57.99900008 13.60359992 58.2676 13.335 49 P 0
L 58.03620092 13.10360092 58.2676 13.335 49 P 0
L 58.05700098 8.37659996 58.05700098 9.9535996 48 P 0
L 58.05700098 8.37659996 58.293 8.14060094 48 P 0
L 58.05700098 16.75360124 58.05700098 17.55102408 0 P 0
L 58.05760042 31.25879956 58.05760042 31.55359958 51 P 0
L 58.05760042 31.25879956 58.10460058 31.2117994 51 P 0
L 58.08979746 39.37 58.87829728 40.15849982 0 P 0
L 58.09555564 14.60360046 58.2825606 14.79060542 49 P 0
L 58.10460058 31.2117994 60.0456 31.2117994 51 P 0
L 58.17258876 3.7535993 60.09919146 3.7535993 49 P 0
L 58.2676 13.01180024 58.2676 13.335 49 P 0
L 58.2825606 14.79060542 58.2825606 14.87803984 49 P 0
L 58.293 5.6642 58.293 6.54059906 0 P 0
L 58.55699998 9.9535996 58.605801 9.90479858 48 P 0
L 58.605801 9.25060126 58.605801 9.90479858 48 P 0
L 58.605801 9.25060126 59.58880132 8.26760094 48 P 0
L 58.6703424 43.053 67.10776774 43.053 52 P 0
L 58.87829728 40.15849982 58.87829982 40.15849982 0 P 0
L 58.87829982 40.15849982 59.63919746 40.91939746 0 P 0
L 58.90313594 4.533265 58.928 4.50840094 0 P 0
L 59.05699898 9.9535996 59.1058 9.90479858 48 P 0
L 59.1058 9.45171084 59.1058 9.90479858 48 P 0
L 59.1058 9.45171084 59.61671084 8.9408 48 P 0
L 59.55700052 9.9535996 59.60580154 9.90479858 48 P 0
L 59.58880132 8.26760094 59.63960132 8.26760094 48 P 0
L 59.60580154 9.4627192 59.60580154 9.90479858 48 P 0
L 59.60580154 9.4627192 59.82292074 9.2456 48 P 0
L 59.61671084 8.9408 60.28720226 8.9408 48 P 0
L 59.63919746 40.91939746 59.63919746 40.9194 0 P 0
L 59.63960132 8.26760094 59.6646 8.26760094 0 P 0
L 59.6646 5.6642 59.6646 6.54059906 0 P 0
L 59.817 16.4846 59.817 17.27813918 55 P 0
L 59.817 17.27813918 60.2947613 17.75590048 55 P 0
L 59.82292074 9.2456 61.25569156 9.2456 48 P 0
L 59.8678 14.78159604 60.0373958 14.78159604 49 P 0
L 59.8678 14.78159604 60.55700106 15.4707971 49 P 0
L 60.0373958 14.78159604 61.05700006 15.8012003 49 P 0
L 60.09919146 3.7535993 60.99465576 2.858135 49 P 0
L 60.1472 19.0246 60.1472 20.066 50 P 0
L 60.1472 20.066 60.6298 20.5486 50 P 0
L 60.2742 39.0144 62.1792 40.9194 0 P 0
L 60.28720226 8.9408 61.01120132 8.21680094 48 P 0
L 60.2947613 17.75590048 64.292099 17.75590048 55 P 0
L 60.40853806 35.85673042 60.60098878 35.85673042 50 P 0
L 60.55700106 15.4707971 60.55700106 16.75360124 49 P 0
L 60.60098878 35.85673042 60.93925836 36.195 50 P 0
L 60.6298 20.5486 62.23 20.5486 50 P 0
L 60.93925836 36.195 63.376937 36.195 50 P 0
L 60.99440176 4.457065 62.48346406 4.457065 0 P 0
L 61.01120132 8.14060094 61.01120132 8.21680094 48 P 0
L 61.01120132 8.14060094 61.0362 8.14060094 0 P 0
L 61.0362 5.6388 61.0362 6.54059906 0 P 0
L 61.05700006 15.8012003 61.05700006 16.75360124 49 P 0
L 61.25569156 9.2456 61.91068898 8.59060258 48 P 0
L 61.3685209 14.78159604 61.55699906 14.9700742 49 P 0
L 61.3918 11.7094 61.49759862 11.60360138 49 P 0
L 61.3918 11.7094 61.78600038 12.10360038 49 P 0
L 61.49759862 11.60360138 61.55699906 11.60360138 49 P 0
L 61.55699906 9.6036003 61.55699906 9.9535996 48 P 0
L 61.55699906 9.6036003 61.67799958 9.48259978 48 P 0
L 61.55699906 11.60360138 62.2545999 10.90600054 49 P 0
L 61.55699906 11.60360138 63.20700084 11.60360138 49 P 0
L 61.55699906 14.9700742 61.55699906 16.75360124 49 P 0
L 61.67799958 9.40931062 61.67799958 9.48259978 48 P 0
L 61.67799958 9.40931062 62.0873536 8.9999566 48 P 0
L 61.78600038 12.10360038 63.20700084 12.10360038 49 P 0
L 61.91068898 8.59060258 62.00899968 8.59060258 48 P 0
L 61.96023422 19.08861562 61.96632768 19.09470908 54 P 0
L 61.96632768 19.09470908 63.00259942 19.09470908 54 P 0
L 62.00899968 8.59060258 62.38280132 8.21680094 48 P 0
L 62.041659 1.91900048 62.35985496 2.23719644 52 P 0
L 62.0570006 9.9535996 62.0570006 11.0441994 49 P 0
L 62.0873536 8.9999566 62.97124566 8.9999566 48 P 0
L 62.23 20.5486 62.99059792 21.30919792 50 P 0
L 62.2545999 10.52494974 62.2545999 10.90600054 49 P 0
L 62.2545999 10.52494974 62.5569996 10.22255004 49 P 0
L 62.32420098 34.798 62.6492016 34.798 51 P 0
L 62.33616438 24.59844204 62.39448278 24.54012364 49 P 0
L 62.35985496 2.23719644 62.35985496 2.3266527 52 P 0
L 62.35985496 2.3266527 62.96700132 2.93379906 52 P 0
L 62.38280132 8.14060094 62.38280132 8.21680094 0 P 0
L 62.38280132 8.14060094 62.4078 8.14060094 0 P 0
L 62.39448278 23.95494828 62.39448278 24.54012364 49 P 0
L 62.39448278 23.95494828 62.467998 23.88143306 49 P 0
L 62.4078 5.588 62.4078 6.54059906 0 P 0
L 62.46079964 37.3182007 62.46079964 37.6682 54 P 0
L 62.46079964 37.3182007 62.47779986 37.30120048 54 P 0
L 62.467998 23.77639898 62.467998 23.88143306 49 P 0
L 62.467998 23.77639898 62.48559766 23.75879932 49 P 0
L 62.47779986 37.30120048 63.56389116 37.30120048 54 P 0
L 62.48346406 4.457065 62.5602 4.53380094 0 P 0
L 62.48559766 23.75879932 62.76559964 23.75879932 49 P 0
L 62.5094 11.8364 64.67489732 11.8364 50 P 0
L 62.5569996 9.9535996 62.5569996 10.22255004 49 P 0
L 62.6492016 34.798 63.9382008 33.5090008 51 P 0
L 62.96700132 2.93379906 63.01699868 2.93379906 52 P 0
L 62.97124566 8.9999566 63.75440132 8.21680094 48 P 0
L 62.99059792 21.30919792 62.99059792 23.10880062 50 P 0
L 63.00259942 19.09470908 63.01309978 19.08420872 54 P 0
L 63.01309978 18.9484 63.01309978 19.08420872 54 P 0
L 63.01699868 2.93379906 63.4107952 2.54000254 52 P 0
L 63.20700084 10.60360084 64.4149969 10.60360084 0 P 0
L 63.20700084 13.10360092 63.98268636 13.10360092 49 P 0
L 63.20700084 13.60359992 63.99350168 13.60359992 49 P 0
L 63.376937 36.195 65.33985408 34.23208292 50 P 0
L 63.4107952 2.54000254 65.69812362 2.54000254 52 P 0
L 63.56389116 37.30120048 65.91469164 34.9504 54 P 0
L 63.75440132 8.21680094 63.7794 8.21680094 48 P 0
L 63.7794 5.4864 63.7794 6.61679906 52 P 0
L 63.7794 6.61679906 64.91180058 6.61679906 52 P 0
L 63.98268636 13.00200092 63.9833366 13.00200092 50 P 0
L 63.9833366 13.00200092 64.12473586 12.86060166 50 P 0
L 63.99350168 13.66240092 64.0896991 13.75859834 50 P 0
L 64.0896991 13.75859834 64.98999956 13.75859834 50 P 0
L 64.12473586 12.86060166 64.98999956 12.86060166 50 P 0
L 64.292099 17.75590048 65.5787995 19.04260098 55 P 0
L 64.4149969 10.60360084 64.98599906 10.03259868 0 P 0
L 64.67489732 11.8364 65.13169854 11.37959878 50 P 0
L 64.91180058 6.61679906 65.48320152 7.1882 52 P 0
L 64.98599906 10.0076 64.98599906 10.03259868 0 P 0
L 64.98999956 12.86060166 65.151 12.69960122 50 P 0
L 64.98999956 13.75859834 65.151 13.91959878 50 P 0
L 65.13169854 11.37959878 65.151 11.37959878 50 P 0
L 65.151 11.37959878 66.421 11.37959878 50 P 0
L 65.151 12.69960122 66.42099746 12.69960122 52 P 0
L 65.151 13.91959878 66.421 13.91959878 52 P 0
L 65.1764 15.2146 69.08839878 15.2146 50 P 0
L 65.33985408 33.46574714 65.33985408 34.23208292 50 P 0
L 65.33985408 33.46574714 65.43000122 33.3756 50 P 0
L 65.48320152 7.1882 65.49370696 7.17769456 55 P 0
L 65.49370696 7.17769456 67.26644662 7.17769456 55 P 0
L 65.5787995 19.04260098 65.5787995 20.8026 55 P 0
L 65.69812362 2.54000254 65.69812616 2.54 52 P 0
L 65.69812616 2.54 67.8942 2.54 52 P 0
L 65.91469164 34.9504 68.1736 34.9504 54 P 0
L 66.42099746 12.69960122 66.45500044 12.66559824 52 P 0
L 66.421 9.6774 66.421 11.37959878 50 P 0
L 66.421 9.6774 67.3354 8.763 50 P 0
L 66.421 13.91959878 69.4827414 13.91959878 52 P 0
L 66.45500044 12.66559824 67.80160176 12.66559824 52 P 0
L 66.63680094 16.4846 66.64930282 16.49710188 50 P 0
L 66.64930282 16.49710188 69.07089818 16.49710188 50 P 0
L 67.10776774 43.053 70.1168016 40.04396614 52 P 0
L 67.2592 26.17540104 67.67820094 25.7564001 52 P 0
L 67.26644662 7.17769456 67.3237541 7.23500204 55 P 0
L 67.3237541 7.23500204 67.37055614 7.23500204 52 P 0
L 67.37055614 7.23500204 68.9102 8.7746459 52 P 0
L 67.67820094 24.21899906 67.67820094 25.7564001 52 P 0
L 67.67820094 24.21899906 68.67979914 23.21740086 52 P 0
L 67.80160176 12.66559824 68.9102 11.557 52 P 0
L 67.8942 2.54 70.1294 4.7752 52 P 0
L 68.67979914 21.01160136 68.67979914 23.21740086 52 P 0
L 68.67979914 21.01160136 68.8888005 20.8026 52 P 0
L 68.8888005 16.67919956 68.8888005 20.8026 55 P 0
L 68.8888005 16.67919956 69.07089818 16.49710188 55 P 0
L 68.9102 8.7746459 68.9102 11.557 52 P 0
L 69.07089818 16.49710188 69.10090066 16.49710188 55 P 0
L 69.08839878 15.2146 69.1134 15.18959878 50 P 0
L 69.4827414 13.91959878 70.1168016 14.55365898 52 P 0
L 69.4827414 13.91959878 70.1294 13.27294018 52 P 0
L 70.1168016 14.55365898 70.1168016 40.04396614 52 P 0
L 70.1294 4.7752 70.1294 13.27294018 52 P 0
P 2.03019914 32.1818 3 P 0 0 ;0=2,1=0,2
P 3.42211406 28.81048594 22 P 0 8 135 ;0=21,1=0,2
P 3.5052 30.65679924 4 P 0 0 ;0=3,1=0,2
P 4.50110352 26.01490352 18 P 0 8 225 ;0=17,1=0,2
P 4.55348594 27.67911406 22 P 0 8 135 ;0=21,1=0,2
P 4.98020086 32.1818 3 P 0 0 ;0=2,1=0,2
P 5.00000016 5.00000016 63 P 0 0 ;0=50,1=0
P 5.00000016 39.99999874 63 P 0 0 ;0=50,1=0
P 5.42100008 21.8694 6 P 0 0 ;0=5,1=0,2
P 5.43599878 17.8308 21 P 0 0 ;0=20,1=0,2
P 5.43599878 19.18335 21 P 0 0 ;0=20,1=0,2
P 5.43599878 20.5359 21 P 0 0 ;0=20,1=0,2
P 5.43599878 23.241 21 P 0 0 ;0=20,1=0,2
P 5.45569648 26.96949648 18 P 0 8 225 ;0=17,1=0,2
P 5.6642 28.7528 19 P 0 8 225 ;0=18,1=0,2
P 6.096 11.89500034 30 P 0 0 ;0=29,1=0,2
P 6.096 16.04499966 30 P 0 0 ;0=29,1=0,2
P 6.11451406 26.01648594 22 P 0 8 135 ;0=21,1=0,2
P 6.75600122 17.8308 21 P 0 0 ;0=20,1=0,2
P 6.75600122 19.18335 21 P 0 0 ;0=20,1=0,2
P 6.75600122 20.5359 21 P 0 0 ;0=20,1=0,2
P 6.75600122 23.241 21 P 0 0 ;0=20,1=0,2
P 6.77099992 21.8694 6 P 0 0 ;0=5,1=0,2
P 7.24588594 24.88511406 22 P 0 8 135 ;0=21,1=0,2
P 7.9502 26.59419878 35 P 0 0 ;0=34,1=0,2
P 7.9502 27.91420122 35 P 0 0 ;0=34,1=0,2
P 8.4074 14.36679626 35 P 0 0 ;0=34,1=0,2
P 8.4074 15.6867987 35 P 0 0 ;0=34,1=0,2
P 8.53879928 18.40580012 29 P 0 0 ;0=28,1=0,2
P 8.53879928 18.80579932 29 P 0 0 ;0=28,1=0,2
P 8.53879928 19.20580106 29 P 0 0 ;0=28,1=0,2
P 8.53879928 19.60580026 29 P 0 0 ;0=28,1=0,2
P 8.53879928 20.00579946 29 P 0 0 ;0=28,1=0,2
P 8.53879928 20.4058012 29 P 0 0 ;0=28,1=0,2
P 8.53879928 20.8058004 29 P 0 0 ;0=28,1=0,2
P 8.53879928 21.2057996 29 P 0 0 ;0=28,1=0,2
P 8.53879928 21.6057988 29 P 0 0 ;0=28,1=0,2
P 8.53879928 22.00580054 29 P 0 0 ;0=28,1=0,2
P 8.53879928 22.40579974 29 P 0 0 ;0=28,1=0,2
P 8.53879928 22.80579894 29 P 0 0 ;0=28,1=0,2
P 8.53879928 23.20580068 29 P 0 0 ;0=28,1=0,2
P 8.53879928 23.60579988 29 P 0 0 ;0=28,1=0,2
P 8.82659906 9.8552 20 P 0 0 ;0=19,1=0,2
P 8.8392 4.2164 62 P 0 0 ;0=49,1=0
P 8.8392 6.7564 62 P 0 0 ;0=49,1=0
P 9.2964 26.59419878 35 P 0 0 ;0=34,1=0,2
P 9.2964 27.91420122 35 P 0 0 ;0=34,1=0,2
P 9.38880012 17.55579928 28 P 0 0 ;0=27,1=0,2
P 9.38880012 24.45580072 28 P 0 0 ;0=27,1=0,2
P 9.78879932 17.55579928 28 P 0 0 ;0=27,1=0,2
P 9.78879932 24.45580072 28 P 0 0 ;0=27,1=0,2
P 9.8806 14.05899906 22 P 0 0 ;0=21,1=0,2
P 9.8806 15.65900094 22 P 0 0 ;0=21,1=0,2
P 10.18880106 17.55579928 28 P 0 0 ;0=27,1=0,2
P 10.18880106 24.45580072 28 P 0 0 ;0=27,1=0,2
P 10.42660094 9.8552 20 P 0 0 ;0=19,1=0,2
P 10.58880026 17.55579928 28 P 0 0 ;0=27,1=0,2
P 10.58880026 24.45580072 28 P 0 0 ;0=27,1=0,2
P 10.6934 26.45419906 22 P 0 0 ;0=21,1=0,2
P 10.6934 28.05420094 22 P 0 0 ;0=21,1=0,2
P 10.98879946 17.55579928 28 P 0 0 ;0=27,1=0,2
P 10.98879946 24.45580072 28 P 0 0 ;0=27,1=0,2
P 11.17639878 29.6418 21 P 0 0 ;0=20,1=0,2
P 11.3284 14.05179816 22 P 0 0 ;0=21,1=0,2
P 11.3284 15.65180004 22 P 0 0 ;0=21,1=0,2
P 11.3792 4.2164 62 P 0 0 ;0=49,1=0
P 11.3792 6.7564 62 P 0 0 ;0=49,1=0
P 11.3888012 17.55579928 28 P 0 0 ;0=27,1=0,2
P 11.3888012 24.45580072 28 P 0 0 ;0=27,1=0,2
P 11.7888004 17.55579928 28 P 0 0 ;0=27,1=0,2
P 11.7888004 24.45580072 28 P 0 0 ;0=27,1=0,2
P 11.9888 21.0058 27 P 0 0 ;0=26,1=0,2
P 12.1887996 17.55579928 28 P 0 0 ;0=27,1=0,2
P 12.1887996 24.45580072 28 P 0 0 ;0=27,1=0,2
P 12.28579966 26.42959916 41 P 0 0 ;0=40,1=0,2
P 12.28579966 28.12960084 41 P 0 0 ;0=40,1=0,2
P 12.49640122 29.6418 21 P 0 0 ;0=20,1=0,2
P 12.5887988 17.55579928 28 P 0 0 ;0=27,1=0,2
P 12.5887988 24.45580072 28 P 0 0 ;0=27,1=0,2
P 12.98880054 17.55579928 28 P 0 0 ;0=27,1=0,2
P 12.98880054 24.45580072 28 P 0 0 ;0=27,1=0,2
P 12.99939488 13.50259936 40 P 0 0 ;0=39,1=0,2
P 12.99939488 14.4526 40 P 0 0 ;0=39,1=0,2
P 12.99939488 15.40260064 40 P 0 0 ;0=39,1=0,2
P 13.24840124 43.2912012 5 P 0 0 ;0=4,1=0,2
P 13.2842 39.07799906 22 P 0 0 ;0=21,1=0,2
P 13.2842 40.67800094 22 P 0 0 ;0=21,1=0,2
P 13.38879974 17.55579928 28 P 0 0 ;0=27,1=0,2
P 13.38879974 24.45580072 28 P 0 0 ;0=27,1=0,2
P 13.78879894 17.55579928 28 P 0 0 ;0=27,1=0,2
P 13.78879894 24.45580072 28 P 0 0 ;0=27,1=0,2
P 13.9192 4.2164 62 P 0 0 ;0=49,1=0
P 13.9192 6.7564 62 P 0 0 ;0=49,1=0
P 14.18880068 17.55579928 28 P 0 0 ;0=27,1=0,2
P 14.18880068 24.45580072 28 P 0 0 ;0=27,1=0,2
P 14.24979878 29.6418 21 P 0 0 ;0=20,1=0,2
P 14.48580034 26.42959916 41 P 0 0 ;0=40,1=0,2
P 14.48580034 28.12960084 41 P 0 0 ;0=40,1=0,2
P 14.58879988 17.55579928 28 P 0 0 ;0=27,1=0,2
P 14.58879988 24.45580072 28 P 0 0 ;0=27,1=0,2
P 15.43880072 18.40580012 29 P 0 0 ;0=28,1=0,2
P 15.43880072 18.80579932 29 P 0 0 ;0=28,1=0,2
P 15.43880072 19.20580106 29 P 0 0 ;0=28,1=0,2
P 15.43880072 19.60580026 29 P 0 0 ;0=28,1=0,2
P 15.43880072 20.00579946 29 P 0 0 ;0=28,1=0,2
P 15.43880072 20.4058012 29 P 0 0 ;0=28,1=0,2
P 15.43880072 20.8058004 29 P 0 0 ;0=28,1=0,2
P 15.43880072 21.2057996 29 P 0 0 ;0=28,1=0,2
P 15.43880072 21.6057988 29 P 0 0 ;0=28,1=0,2
P 15.43880072 22.00580054 29 P 0 0 ;0=28,1=0,2
P 15.43880072 22.40579974 29 P 0 0 ;0=28,1=0,2
P 15.43880072 22.80579894 29 P 0 0 ;0=28,1=0,2
P 15.43880072 23.20580068 29 P 0 0 ;0=28,1=0,2
P 15.43880072 23.60579988 29 P 0 0 ;0=28,1=0,2
P 15.49939496 13.50259936 40 P 0 0 ;0=39,1=0,2
P 15.49939496 14.4526 40 P 0 0 ;0=39,1=0,2
P 15.49939496 15.40260064 40 P 0 0 ;0=39,1=0,2
P 15.56980122 29.6418 21 P 0 0 ;0=20,1=0,2
P 16.129 26.59419878 35 P 0 0 ;0=34,1=0,2
P 16.129 27.91420122 35 P 0 0 ;0=34,1=0,2
P 16.4592 4.2164 62 P 0 0 ;0=49,1=0
P 16.4592 6.7564 62 P 0 0 ;0=49,1=0
P 17.29779878 21.0058 21 P 0 0 ;0=20,1=0,2
P 17.34239864 25.146 20 P 0 0 ;0=19,1=0,2
P 17.4332011 17.88100056 42 P 0 0 ;0=41,1=0,2
P 17.4332011 19.71099944 42 P 0 0 ;0=41,1=0,2
P 17.46659956 22.33699876 43 P 0 0 ;0=42,1=0,2
P 17.46659956 22.987 43 P 0 0 ;0=42,1=0,2
P 17.46659956 23.63700124 43 P 0 0 ;0=42,1=0,2
P 17.5768 26.60659906 22 P 0 0 ;0=21,1=0,2
P 17.5768 28.20660094 22 P 0 0 ;0=21,1=0,2
P 17.62799878 9.8552 21 P 0 0 ;0=20,1=0,2
P 17.9578 11.89500034 30 P 0 0 ;0=29,1=0,2
P 17.9578 16.04499966 30 P 0 0 ;0=29,1=0,2
P 18.5331989 17.88100056 42 P 0 0 ;0=41,1=0,2
P 18.5331989 19.71099944 42 P 0 0 ;0=41,1=0,2
P 18.61780122 21.0058 21 P 0 0 ;0=20,1=0,2
P 18.70940124 43.2912012 5 P 0 0 ;0=4,1=0,2
P 18.94240052 25.146 20 P 0 0 ;0=19,1=0,2
P 18.94800122 9.8552 21 P 0 0 ;0=20,1=0,2
P 18.98579896 26.67 39 P 0 0 ;0=38,1=0,2
P 18.9992 4.2164 62 P 0 0 ;0=49,1=0
P 18.9992 6.7564 61 P 0 0 ;0=49,1=0
P 19.56660044 22.33699876 43 P 0 0 ;0=42,1=0,2
P 19.56660044 22.987 43 P 0 0 ;0=42,1=0,2
P 19.56660044 23.63700124 43 P 0 0 ;0=42,1=0,2
P 19.9644 18.11059878 35 P 0 0 ;0=34,1=0,2
P 19.9644 19.43060122 35 P 0 0 ;0=34,1=0,2
P 20.48580104 26.67 39 P 0 0 ;0=38,1=0,2
P 21.98379906 2.9718 20 P 0 0 ;0=19,1=0,2
P 22.33799952 4.87400092 45 P 0 0 ;0=44,1=0,2
P 22.59339906 17.5768 20 P 0 0 ;0=19,1=0,2
P 22.59339906 18.9738 20 P 0 0 ;0=19,1=0,2
P 22.59339906 23.2918 20 P 0 0 ;0=19,1=0,2
P 22.73339878 20.3708 21 P 0 0 ;0=20,1=0,2
P 22.73339878 21.844 21 P 0 0 ;0=20,1=0,2
P 22.73339878 30.8356 21 P 0 0 ;0=20,1=0,2
P 22.73339878 32.258 21 P 0 0 ;0=20,1=0,2
P 22.73339878 33.7058 21 P 0 0 ;0=20,1=0,2
P 23.3426 24.97600034 30 P 0 0 ;0=29,1=0,2
P 23.3426 29.12599966 30 P 0 0 ;0=29,1=0,2
P 23.58380094 2.9718 20 P 0 0 ;0=19,1=0,2
P 24.05340122 20.3708 21 P 0 0 ;0=20,1=0,2
P 24.05340122 21.844 21 P 0 0 ;0=20,1=0,2
P 24.05340122 30.8356 21 P 0 0 ;0=20,1=0,2
P 24.05340122 32.258 21 P 0 0 ;0=20,1=0,2
P 24.05340122 33.7058 21 P 0 0 ;0=20,1=0,2
P 24.19340094 17.5768 20 P 0 0 ;0=19,1=0,2
P 24.19340094 18.9738 20 P 0 0 ;0=19,1=0,2
P 24.19340094 23.2918 20 P 0 0 ;0=19,1=0,2
P 24.638 4.87400092 45 P 0 0 ;0=44,1=0,2
P 24.638 10.87399908 46 P 0 0 ;0=45,1=0,2
P 24.80319906 13.1318 20 P 0 0 ;0=19,1=0,2
P 25.12099878 14.36420038 21 P 0 0 ;0=20,1=0,2
P 25.50199878 2.921 21 P 0 0 ;0=20,1=0,2
P 26.40320094 13.1318 20 P 0 0 ;0=19,1=0,2
P 26.44100122 14.36420038 21 P 0 0 ;0=20,1=0,2
P 26.7716 37.946203 35 P 0 0 ;0=34,1=0,2
P 26.7716 39.26620544 35 P 0 0 ;0=34,1=0,2
P 26.77999978 19.47500042 8 P 0 0 ;0=7,1=0,2
P 26.77999978 20.12500166 8 P 0 0 ;0=7,1=0,2
P 26.77999978 20.77500036 8 P 0 0 ;0=7,1=0,2
P 26.77999978 21.4250016 8 P 0 0 ;0=7,1=0,2
P 26.77999978 22.07500284 8 P 0 0 ;0=7,1=0,2
P 26.77999978 22.72500154 8 P 0 0 ;0=7,1=0,2
P 26.77999978 23.37500278 8 P 0 0 ;0=7,1=0,2
P 26.77999978 24.02500148 8 P 0 0 ;0=7,1=0,2
P 26.77999978 24.67500272 8 P 0 0 ;0=7,1=0,2
P 26.77999978 25.32500142 8 P 0 0 ;0=7,1=0,2
P 26.77999978 25.97500266 8 P 0 0 ;0=7,1=0,2
P 26.77999978 26.62500136 8 P 0 0 ;0=7,1=0,2
P 26.77999978 27.2750026 8 P 0 0 ;0=7,1=0,2
P 26.77999978 27.9250013 8 P 0 0 ;0=7,1=0,2
P 26.77999978 28.57500254 8 P 0 0 ;0=7,1=0,2
P 26.77999978 29.22500378 8 P 0 0 ;0=7,1=0,2
P 26.77999978 29.87499994 8 P 0 0 ;0=7,1=0,2
P 26.77999978 30.52500372 8 P 0 0 ;0=7,1=0,2
P 26.77999978 31.17499988 8 P 0 0 ;0=7,1=0,2
P 26.77999978 31.82500366 8 P 0 0 ;0=7,1=0,2
P 26.77999978 32.47499982 8 P 0 0 ;0=7,1=0,2
P 26.77999978 33.1250036 8 P 0 0 ;0=7,1=0,2
P 26.82200122 2.921 21 P 0 0 ;0=20,1=0,2
P 26.93800048 4.87400092 45 P 0 0 ;0=44,1=0,2
P 27.7622 13.09919656 35 P 0 0 ;0=34,1=0,2
P 27.7622 14.419199 35 P 0 0 ;0=34,1=0,2
P 28.13231356 37.946203 35 P 0 0 ;0=34,1=0,2
P 28.13231356 39.26620544 35 P 0 0 ;0=34,1=0,2
P 28.27999678 24.3500021 8 P 0 0 ;0=7,1=0,2
P 28.27999678 25.65000204 8 P 0 0 ;0=7,1=0,2
P 28.27999678 31.50000304 8 P 0 0 ;0=7,1=0,2
P 28.27999678 32.80000298 8 P 0 0 ;0=7,1=0,2
P 28.27999932 19.80000104 8 P 0 0 ;0=7,1=0,2
P 28.27999932 20.44999974 8 P 0 0 ;0=7,1=0,2
P 28.27999932 21.10000098 8 P 0 0 ;0=7,1=0,2
P 28.27999932 21.74999968 8 P 0 0 ;0=7,1=0,2
P 28.27999932 22.40000092 8 P 0 0 ;0=7,1=0,2
P 28.27999932 23.04999962 8 P 0 0 ;0=7,1=0,2
P 28.27999932 23.70000086 8 P 0 0 ;0=7,1=0,2
P 28.27999932 25.0000008 8 P 0 0 ;0=7,1=0,2
P 28.27999932 26.30000074 8 P 0 0 ;0=7,1=0,2
P 28.27999932 26.95000198 8 P 0 0 ;0=7,1=0,2
P 28.27999932 27.60000068 8 P 0 0 ;0=7,1=0,2
P 28.27999932 28.25000192 8 P 0 0 ;0=7,1=0,2
P 28.27999932 28.90000062 8 P 0 0 ;0=7,1=0,2
P 28.27999932 29.55000186 8 P 0 0 ;0=7,1=0,2
P 28.27999932 30.20000056 8 P 0 0 ;0=7,1=0,2
P 28.27999932 30.8500018 8 P 0 0 ;0=7,1=0,2
P 28.27999932 32.15000174 8 P 0 0 ;0=7,1=0,2
P 28.7782 41.23699906 22 P 0 0 ;0=21,1=0,2
P 28.7782 42.83700094 22 P 0 0 ;0=21,1=0,2
P 29.1084 13.09919656 35 P 0 0 ;0=34,1=0,2
P 29.1084 14.419199 35 P 0 0 ;0=34,1=0,2
P 29.17499626 35.52000008 7 P 0 0 ;0=6,1=0,2
P 29.1749988 17.0800014 7 P 0 0 ;0=6,1=0,2
P 29.337 6.56599906 22 P 0 0 ;0=21,1=0,2
P 29.337 8.16600094 22 P 0 0 ;0=21,1=0,2
P 29.49302712 37.946203 35 P 0 0 ;0=34,1=0,2
P 29.49302712 39.26620544 35 P 0 0 ;0=34,1=0,2
P 29.49999688 34.02000308 7 P 0 0 ;0=6,1=0,2
P 29.49999942 18.58000094 7 P 0 0 ;0=6,1=0,2
P 29.82500004 17.0800014 7 P 0 0 ;0=6,1=0,2
P 29.82500004 35.52000008 7 P 0 0 ;0=6,1=0,2
P 30.14999812 18.58000094 7 P 0 0 ;0=6,1=0,2
P 30.14999812 34.02000054 7 P 0 0 ;0=6,1=0,2
P 30.42959878 11.7602 21 P 0 0 ;0=20,1=0,2
P 30.42959878 13.0556 21 P 0 0 ;0=20,1=0,2
P 30.42959878 14.36420038 21 P 0 0 ;0=20,1=0,2
P 30.45447554 42.887265 33 P 0 0 ;0=32,1=0,2
P 30.45472446 41.288335 33 P 0 0 ;0=32,1=0,2
P 30.4749962 35.52000008 7 P 0 0 ;0=6,1=0,2
P 30.47499874 17.0800014 7 P 0 0 ;0=6,1=0,2
P 30.79999682 34.02000308 7 P 0 0 ;0=6,1=0,2
P 30.79999936 18.58000094 7 P 0 0 ;0=6,1=0,2
P 30.85374068 37.946203 35 P 0 0 ;0=34,1=0,2
P 30.85374068 39.26620544 35 P 0 0 ;0=34,1=0,2
P 31.12499998 17.0800014 7 P 0 0 ;0=6,1=0,2
P 31.12499998 35.52000008 7 P 0 0 ;0=6,1=0,2
P 31.44999806 18.58000094 7 P 0 0 ;0=6,1=0,2
P 31.44999806 34.02000054 7 P 0 0 ;0=6,1=0,2
P 31.6667642 6.9559932 58 P 0 0 ;0=47,1=0
P 31.666815 2.755773 60 P 0 0 ;0=48,1=0
P 31.74960122 11.7602 21 P 0 0 ;0=20,1=0,2
P 31.74960122 13.0556 21 P 0 0 ;0=20,1=0,2
P 31.74960122 14.36420038 21 P 0 0 ;0=20,1=0,2
P 31.77499614 35.52000008 7 P 0 0 ;0=6,1=0,2
P 31.77499868 17.0800014 7 P 0 0 ;0=6,1=0,2
P 32.0999993 18.58000094 7 P 0 0 ;0=6,1=0,2
P 32.0999993 34.02000054 7 P 0 0 ;0=6,1=0,2
P 32.21445424 37.946203 35 P 0 0 ;0=34,1=0,2
P 32.21445424 39.26620544 35 P 0 0 ;0=34,1=0,2
P 32.42499992 17.0800014 7 P 0 0 ;0=6,1=0,2
P 32.42499992 35.52000008 7 P 0 0 ;0=6,1=0,2
P 32.749998 18.58000094 7 P 0 0 ;0=6,1=0,2
P 32.749998 34.02000054 7 P 0 0 ;0=6,1=0,2
P 32.791781 7.505827 1 P 0 0 ;0=0,1=0,2
P 33.0708 13.09919656 35 P 0 0 ;0=34,1=0,2
P 33.0708 14.419199 35 P 0 0 ;0=34,1=0,2
P 33.07499608 35.52000008 7 P 0 0 ;0=6,1=0,2
P 33.07499862 17.0800014 7 P 0 0 ;0=6,1=0,2
P 33.39999924 18.58000094 7 P 0 0 ;0=6,1=0,2
P 33.39999924 34.02000054 7 P 0 0 ;0=6,1=0,2
P 33.5751678 37.946203 35 P 0 0 ;0=34,1=0,2
P 33.5751678 39.26620544 35 P 0 0 ;0=34,1=0,2
P 33.591881 7.505827 1 P 0 0 ;0=0,1=0,2
P 33.72499732 35.52000008 7 P 0 0 ;0=6,1=0,2
P 33.72499986 17.0800014 7 P 0 0 ;0=6,1=0,2
P 33.909 41.23823096 22 P 0 0 ;0=21,1=0,2
P 33.909 42.83823284 22 P 0 0 ;0=21,1=0,2
P 34.03679756 11.176 21 P 0 0 ;0=20,1=0,2
P 34.04999794 18.58000094 7 P 0 0 ;0=6,1=0,2
P 34.04999794 34.02000054 7 P 0 0 ;0=6,1=0,2
P 34.241867 7.505827 2 P 0 0 ;0=1,1=0,2
P 34.37499856 17.0800014 7 P 0 0 ;0=6,1=0,2
P 34.37499856 35.52000008 7 P 0 0 ;0=6,1=0,2
P 34.69999918 18.58000094 7 P 0 0 ;0=6,1=0,2
P 34.69999918 34.02000054 7 P 0 0 ;0=6,1=0,2
P 34.741993 7.505827 2 P 0 0 ;0=1,1=0,2
P 34.93588136 37.946203 35 P 0 0 ;0=34,1=0,2
P 34.93588136 39.26620544 35 P 0 0 ;0=34,1=0,2
P 35.02499726 35.52000008 7 P 0 0 ;0=6,1=0,2
P 35.0249998 17.0800014 7 P 0 0 ;0=6,1=0,2
P 35.06971142 13.53999324 44 P 0 0 ;0=43,1=0,2
P 35.241865 7.505827 2 P 0 0 ;0=1,1=0,2
P 35.34999788 18.58000094 7 P 0 0 ;0=6,1=0,2
P 35.34999788 34.02000054 7 P 0 0 ;0=6,1=0,2
P 35.3568 11.176 21 P 0 0 ;0=20,1=0,2
P 35.6108 41.28829944 34 P 0 0 ;0=33,1=0,2
P 35.6108 42.98832144 34 P 0 0 ;0=33,1=0,2
P 35.6749985 17.0800014 7 P 0 0 ;0=6,1=0,2
P 35.6749985 35.52000008 7 P 0 0 ;0=6,1=0,2
P 35.741737 7.505827 2 P 0 0 ;0=1,1=0,2
P 35.99999912 18.58000094 7 P 0 0 ;0=6,1=0,2
P 35.99999912 34.02000054 7 P 0 0 ;0=6,1=0,2
P 36.241863 7.505827 2 P 0 0 ;0=1,1=0,2
P 36.29659492 37.946203 35 P 0 0 ;0=34,1=0,2
P 36.29659492 39.26620544 35 P 0 0 ;0=34,1=0,2
P 36.3249972 35.52000008 7 P 0 0 ;0=6,1=0,2
P 36.32499974 17.0800014 7 P 0 0 ;0=6,1=0,2
P 36.64999782 34.02000308 7 P 0 0 ;0=6,1=0,2
P 36.65000036 18.58000094 7 P 0 0 ;0=6,1=0,2
P 36.741735 7.505827 2 P 0 0 ;0=1,1=0,2
P 36.8046 11.176 21 P 0 0 ;0=20,1=0,2
P 36.97499844 17.0800014 7 P 0 0 ;0=6,1=0,2
P 36.97499844 35.52000008 7 P 0 0 ;0=6,1=0,2
P 37.06991062 13.53999324 44 P 0 0 ;0=43,1=0,2
P 37.241861 7.505827 2 P 0 0 ;0=1,1=0,2
P 37.29999906 18.58000094 7 P 0 0 ;0=6,1=0,2
P 37.29999906 34.02000054 7 P 0 0 ;0=6,1=0,2
P 37.62499714 35.52000008 7 P 0 0 ;0=6,1=0,2
P 37.62499968 17.0800014 7 P 0 0 ;0=6,1=0,2
P 37.741987 7.505827 2 P 0 0 ;0=1,1=0,2
P 37.94999776 34.02000308 7 P 0 0 ;0=6,1=0,2
P 37.9500003 18.58000094 7 P 0 0 ;0=6,1=0,2
P 38.09240032 38.1254 17 P 0 0 ;0=16,1=0,2
P 38.09240032 39.3954 17 P 0 0 ;0=16,1=0,2
P 38.09240032 40.6654 17 P 0 0 ;0=16,1=0,2
P 38.09240032 41.9354 17 P 0 0 ;0=16,1=0,2
P 38.12460244 11.176 21 P 0 0 ;0=20,1=0,2
P 38.27499838 17.0800014 7 P 0 0 ;0=6,1=0,2
P 38.27499838 35.52000008 7 P 0 0 ;0=6,1=0,2
P 38.391973 7.505827 1 P 0 0 ;0=0,1=0,2
P 38.599999 18.58000094 7 P 0 0 ;0=6,1=0,2
P 38.599999 34.02000054 7 P 0 0 ;0=6,1=0,2
P 38.92499708 35.52000008 7 P 0 0 ;0=6,1=0,2
P 38.92499962 17.0800014 7 P 0 0 ;0=6,1=0,2
P 38.95099906 12.78419846 22 P 0 0 ;0=21,1=0,2
P 38.95099906 14.38420034 22 P 0 0 ;0=21,1=0,2
P 39.191819 7.505827 1 P 0 0 ;0=0,1=0,2
P 39.25000024 18.58000094 7 P 0 0 ;0=6,1=0,2
P 39.25000024 34.02000054 7 P 0 0 ;0=6,1=0,2
P 39.57499832 17.0800014 7 P 0 0 ;0=6,1=0,2
P 39.57499832 35.52000008 7 P 0 0 ;0=6,1=0,2
P 39.89999894 18.58000094 7 P 0 0 ;0=6,1=0,2
P 39.89999894 34.02000054 7 P 0 0 ;0=6,1=0,2
P 40.22499702 35.52000008 7 P 0 0 ;0=6,1=0,2
P 40.22499956 17.0800014 7 P 0 0 ;0=6,1=0,2
P 40.3166834 6.9560186 59 P 0 0 ;0=47,1=0
P 40.316785 2.755773 60 P 0 0 ;0=48,1=0
P 40.34799906 13.09919656 35 P 0 0 ;0=34,1=0,2
P 40.34799906 14.419199 35 P 0 0 ;0=34,1=0,2
P 40.55000018 18.58000094 7 P 0 0 ;0=6,1=0,2
P 40.55000018 34.02000054 7 P 0 0 ;0=6,1=0,2
P 40.87499826 17.0800014 7 P 0 0 ;0=6,1=0,2
P 40.87499826 35.52000008 7 P 0 0 ;0=6,1=0,2
P 41.19999888 18.58000094 7 P 0 0 ;0=6,1=0,2
P 41.19999888 34.02000054 7 P 0 0 ;0=6,1=0,2
P 41.5249995 17.0800014 7 P 0 0 ;0=6,1=0,2
P 41.5249995 35.52000008 7 P 0 0 ;0=6,1=0,2
P 41.85000012 18.58000094 7 P 0 0 ;0=6,1=0,2
P 41.85000012 34.02000054 7 P 0 0 ;0=6,1=0,2
P 42.08767554 14.083665 33 P 0 0 ;0=32,1=0,2
P 42.08792446 12.484735 33 P 0 0 ;0=32,1=0,2
P 42.1749982 17.0800014 7 P 0 0 ;0=6,1=0,2
P 42.1749982 35.52000008 7 P 0 0 ;0=6,1=0,2
P 42.49999882 18.58000094 7 P 0 0 ;0=6,1=0,2
P 42.49999882 34.02000054 7 P 0 0 ;0=6,1=0,2
P 42.6974 6.56599906 22 P 0 0 ;0=21,1=0,2
P 42.6974 8.16600094 22 P 0 0 ;0=21,1=0,2
P 42.82499944 17.0800014 7 P 0 0 ;0=6,1=0,2
P 42.82499944 35.52000008 7 P 0 0 ;0=6,1=0,2
P 43.47219906 5.207 20 P 0 0 ;0=19,1=0,2
P 43.49239968 38.1254 17 P 0 0 ;0=16,1=0,2
P 43.49239968 39.3954 17 P 0 0 ;0=16,1=0,2
P 43.49239968 40.6654 17 P 0 0 ;0=16,1=0,2
P 43.49239968 41.9354 17 P 0 0 ;0=16,1=0,2
P 43.55880036 3.3274 25 P 0 0 ;0=24,1=0,2
P 43.71999892 19.80000104 8 P 0 0 ;0=7,1=0,2
P 43.71999892 20.44999974 8 P 0 0 ;0=7,1=0,2
P 43.71999892 21.10000098 8 P 0 0 ;0=7,1=0,2
P 43.71999892 21.74999968 8 P 0 0 ;0=7,1=0,2
P 43.71999892 22.40000092 8 P 0 0 ;0=7,1=0,2
P 43.71999892 23.04999962 8 P 0 0 ;0=7,1=0,2
P 43.71999892 23.70000086 8 P 0 0 ;0=7,1=0,2
P 43.71999892 24.34999956 8 P 0 0 ;0=7,1=0,2
P 43.71999892 25.0000008 8 P 0 0 ;0=7,1=0,2
P 43.71999892 25.6499995 8 P 0 0 ;0=7,1=0,2
P 43.71999892 26.30000074 8 P 0 0 ;0=7,1=0,2
P 43.71999892 26.95000198 8 P 0 0 ;0=7,1=0,2
P 43.71999892 27.60000068 8 P 0 0 ;0=7,1=0,2
P 43.71999892 28.25000192 8 P 0 0 ;0=7,1=0,2
P 43.71999892 28.90000062 8 P 0 0 ;0=7,1=0,2
P 43.71999892 29.55000186 8 P 0 0 ;0=7,1=0,2
P 43.71999892 30.20000056 8 P 0 0 ;0=7,1=0,2
P 43.71999892 30.8500018 8 P 0 0 ;0=7,1=0,2
P 43.71999892 31.5000005 8 P 0 0 ;0=7,1=0,2
P 43.71999892 32.15000174 8 P 0 0 ;0=7,1=0,2
P 43.71999892 32.80000044 8 P 0 0 ;0=7,1=0,2
P 43.7896 12.78899906 22 P 0 0 ;0=21,1=0,2
P 43.7896 14.38900094 22 P 0 0 ;0=21,1=0,2
P 45.07220094 5.207 20 P 0 0 ;0=19,1=0,2
P 45.21999846 19.47500042 8 P 0 0 ;0=7,1=0,2
P 45.21999846 20.12500166 8 P 0 0 ;0=7,1=0,2
P 45.21999846 20.77500036 8 P 0 0 ;0=7,1=0,2
P 45.21999846 21.4250016 8 P 0 0 ;0=7,1=0,2
P 45.21999846 22.0750003 8 P 0 0 ;0=7,1=0,2
P 45.21999846 22.72500154 8 P 0 0 ;0=7,1=0,2
P 45.21999846 23.37500024 8 P 0 0 ;0=7,1=0,2
P 45.21999846 24.02500148 8 P 0 0 ;0=7,1=0,2
P 45.21999846 24.67500018 8 P 0 0 ;0=7,1=0,2
P 45.21999846 25.32500142 8 P 0 0 ;0=7,1=0,2
P 45.21999846 25.97500012 8 P 0 0 ;0=7,1=0,2
P 45.21999846 26.62500136 8 P 0 0 ;0=7,1=0,2
P 45.21999846 27.27500006 8 P 0 0 ;0=7,1=0,2
P 45.21999846 27.9250013 8 P 0 0 ;0=7,1=0,2
P 45.21999846 28.575 8 P 0 0 ;0=7,1=0,2
P 45.21999846 29.22500124 8 P 0 0 ;0=7,1=0,2
P 45.21999846 29.87499994 8 P 0 0 ;0=7,1=0,2
P 45.21999846 30.52500118 8 P 0 0 ;0=7,1=0,2
P 45.21999846 31.17499988 8 P 0 0 ;0=7,1=0,2
P 45.21999846 31.82500112 8 P 0 0 ;0=7,1=0,2
P 45.21999846 32.47499982 8 P 0 0 ;0=7,1=0,2
P 45.21999846 33.12500106 8 P 0 0 ;0=7,1=0,2
P 45.339 39.2954002 22 P 0 0 ;0=21,1=0,2
P 45.339 40.89540208 22 P 0 0 ;0=21,1=0,2
P 45.73939798 9.7282 26 P 0 0 ;0=25,1=0,2
P 46.41859906 5.207 20 P 0 0 ;0=19,1=0,2
P 46.45879964 3.3274 25 P 0 0 ;0=24,1=0,2
P 47.67619878 24.8158 21 P 0 0 ;0=20,1=0,2
P 47.67619878 26.2382 21 P 0 0 ;0=20,1=0,2
P 47.67619878 27.6606 21 P 0 0 ;0=20,1=0,2
P 47.76479906 13.9192 20 P 0 0 ;0=19,1=0,2
P 47.9044 29.13419878 35 P 0 0 ;0=34,1=0,2
P 47.9044 30.45420122 35 P 0 0 ;0=34,1=0,2
P 47.9044 32.04219906 22 P 0 0 ;0=21,1=0,2
P 47.9044 33.64220094 22 P 0 0 ;0=21,1=0,2
P 48.01860094 5.207 20 P 0 0 ;0=19,1=0,2
P 48.07460032 19.1516 17 P 0 0 ;0=16,1=0,2
P 48.07460032 20.4216 17 P 0 0 ;0=16,1=0,2
P 48.07460032 21.6916 17 P 0 0 ;0=16,1=0,2
P 48.07460032 22.9616 17 P 0 0 ;0=16,1=0,2
P 48.59800034 16.4846 37 P 0 0 ;0=36,1=0,2
P 48.99620122 24.8158 21 P 0 0 ;0=20,1=0,2
P 48.99620122 26.2382 21 P 0 0 ;0=20,1=0,2
P 48.99620122 27.6606 21 P 0 0 ;0=20,1=0,2
P 49.36480094 13.9192 20 P 0 0 ;0=19,1=0,2
P 49.91839902 3.6576 32 P 0 0 ;0=31,1=0,2
P 50.6222 29.47180034 30 P 0 0 ;0=29,1=0,2
P 50.6222 33.62179966 30 P 0 0 ;0=29,1=0,2
P 50.68579906 24.8158 20 P 0 0 ;0=19,1=0,2
P 50.68579906 26.2382 20 P 0 0 ;0=19,1=0,2
P 50.82579878 27.6606 21 P 0 0 ;0=20,1=0,2
P 51.33940202 9.7282 26 P 0 0 ;0=25,1=0,2
P 52.14580122 27.6606 21 P 0 0 ;0=20,1=0,2
P 52.28580094 24.8158 20 P 0 0 ;0=19,1=0,2
P 52.28580094 26.2382 20 P 0 0 ;0=19,1=0,2
P 52.74799966 16.4846 37 P 0 0 ;0=36,1=0,2
P 52.87019906 11.684 20 P 0 0 ;0=19,1=0,2
P 53.18519716 13.0556 21 P 0 0 ;0=20,1=0,2
P 53.18519716 14.4526 21 P 0 0 ;0=20,1=0,2
P 53.47459968 19.1516 17 P 0 0 ;0=16,1=0,2
P 53.47459968 20.4216 17 P 0 0 ;0=16,1=0,2
P 53.47459968 21.6916 17 P 0 0 ;0=16,1=0,2
P 53.47459968 22.9616 17 P 0 0 ;0=16,1=0,2
P 53.7718 35.85880052 31 P 0 0 ;0=30,1=0,2
P 53.7718 41.45879948 31 P 0 0 ;0=30,1=0,2
P 54.01840098 3.6576 32 P 0 0 ;0=31,1=0,2
P 54.47020094 11.684 20 P 0 0 ;0=19,1=0,2
P 54.5051996 13.0556 21 P 0 0 ;0=20,1=0,2
P 54.5051996 14.4526 21 P 0 0 ;0=20,1=0,2
P 54.7878 27.06000176 23 P 0 0 ;0=22,1=0,2
P 54.7878 31.35999824 23 P 0 0 ;0=22,1=0,2
P 55.5498 6.61679906 22 P 0 0 ;0=21,1=0,2
P 55.5498 8.21680094 22 P 0 0 ;0=21,1=0,2
P 56.4069992 10.60360084 11 P 0 0 ;0=10,1=0,2
P 56.4069992 11.10359984 11 P 0 0 ;0=10,1=0,2
P 56.4069992 11.60360138 11 P 0 0 ;0=10,1=0,2
P 56.4069992 12.10360038 11 P 0 0 ;0=10,1=0,2
P 56.4069992 12.60359938 11 P 0 0 ;0=10,1=0,2
P 56.4069992 13.10360092 11 P 0 0 ;0=10,1=0,2
P 56.4069992 13.60359992 11 P 0 0 ;0=10,1=0,2
P 56.4069992 14.10360146 11 P 0 0 ;0=10,1=0,2
P 56.4069992 14.60360046 11 P 0 0 ;0=10,1=0,2
P 56.4069992 15.10359946 11 P 0 0 ;0=10,1=0,2
P 56.4069992 15.603601 11 P 0 0 ;0=10,1=0,2
P 56.4069992 16.1036 11 P 0 0 ;0=10,1=0,2
P 56.769 19.71779902 38 P 0 0 ;0=37,1=0,2
P 56.769 23.81780098 38 P 0 0 ;0=37,1=0,2
P 56.9214 6.61679906 22 P 0 0 ;0=21,1=0,2
P 56.9214 8.21680094 22 P 0 0 ;0=21,1=0,2
P 57.05700044 9.9535996 10 P 0 0 ;0=9,1=0,2
P 57.05700044 16.75360124 10 P 0 0 ;0=9,1=0,2
P 57.35307554 4.533265 33 P 0 0 ;0=32,1=0,2
P 57.35332446 2.934335 33 P 0 0 ;0=32,1=0,2
P 57.55699944 9.9535996 10 P 0 0 ;0=9,1=0,2
P 57.55699944 16.75360124 10 P 0 0 ;0=9,1=0,2
P 58.05700098 9.9535996 10 P 0 0 ;0=9,1=0,2
P 58.05700098 16.75360124 10 P 0 0 ;0=9,1=0,2
P 58.22419902 34.798 32 P 0 0 ;0=31,1=0,2
P 58.293 6.61679906 22 P 0 0 ;0=21,1=0,2
P 58.293 8.21680094 22 P 0 0 ;0=21,1=0,2
P 58.55699998 9.9535996 10 P 0 0 ;0=9,1=0,2
P 58.55699998 16.75360124 10 P 0 0 ;0=9,1=0,2
P 58.928 2.90839906 22 P 0 0 ;0=21,1=0,2
P 58.928 4.50840094 22 P 0 0 ;0=21,1=0,2
P 59.05699898 9.9535996 10 P 0 0 ;0=9,1=0,2
P 59.05699898 16.75360124 10 P 0 0 ;0=9,1=0,2
P 59.55700052 9.9535996 10 P 0 0 ;0=9,1=0,2
P 59.55700052 16.75360124 10 P 0 0 ;0=9,1=0,2
P 59.56080036 37.6682 25 P 0 0 ;0=24,1=0,2
P 59.6392 40.9194 56 P 0 0 ;0=46,1=0
P 59.6646 6.61679906 22 P 0 0 ;0=21,1=0,2
P 59.6646 8.21680094 22 P 0 0 ;0=21,1=0,2
P 59.73560062 21.93580068 14 P 0 0 ;0=13,1=0,2
P 59.73560062 22.58579938 14 P 0 0 ;0=13,1=0,2
P 59.73560062 23.23580062 14 P 0 0 ;0=13,1=0,2
P 59.73560062 23.88579932 14 P 0 0 ;0=13,1=0,2
P 59.80700002 13.35360042 9 P 0 0 ;0=8,1=0,2
P 60.0456 27.17179986 36 P 0 0 ;0=35,1=0,2
P 60.0456 31.2117994 36 P 0 0 ;0=35,1=0,2
P 60.05699952 9.9535996 10 P 0 0 ;0=9,1=0,2
P 60.05699952 16.75360124 10 P 0 0 ;0=9,1=0,2
P 60.11960036 19.1008 25 P 0 0 ;0=24,1=0,2
P 60.55700106 9.9535996 10 P 0 0 ;0=9,1=0,2
P 60.55700106 16.75360124 10 P 0 0 ;0=9,1=0,2
P 60.9156008 22.9108 16 P 0 0 ;0=15,1=0,2
P 60.99440176 4.457065 33 P 0 0 ;0=32,1=0,2
P 60.99465576 2.858135 33 P 0 0 ;0=32,1=0,2
P 61.0362 6.61679906 22 P 0 0 ;0=21,1=0,2
P 61.0362 8.21680094 22 P 0 0 ;0=21,1=0,2
P 61.05700006 9.9535996 10 P 0 0 ;0=9,1=0,2
P 61.05700006 16.75360124 10 P 0 0 ;0=9,1=0,2
P 61.55699906 9.9535996 10 P 0 0 ;0=9,1=0,2
P 61.55699906 16.75360124 10 P 0 0 ;0=9,1=0,2
P 62.0570006 9.9535996 10 P 0 0 ;0=9,1=0,2
P 62.0570006 16.75360124 10 P 0 0 ;0=9,1=0,2
P 62.1792 40.9194 57 P 0 0 ;0=46,1=0
P 62.32420098 34.798 32 P 0 0 ;0=31,1=0,2
P 62.4078 6.61679906 22 P 0 0 ;0=21,1=0,2
P 62.4078 8.21680094 22 P 0 0 ;0=21,1=0,2
P 62.46079964 37.6682 25 P 0 0 ;0=24,1=0,2
P 62.54059882 22.58579938 15 P 0 0 ;0=14,1=0,2
P 62.5569996 9.9535996 10 P 0 0 ;0=9,1=0,2
P 62.5569996 16.75360124 10 P 0 0 ;0=9,1=0,2
P 62.5602 2.93379906 22 P 0 0 ;0=21,1=0,2
P 62.5602 4.53380094 22 P 0 0 ;0=21,1=0,2
P 62.76559964 23.88579932 13 P 0 0 ;0=12,1=0,2
P 62.99059792 21.93580068 12 P 0 0 ;0=11,1=0,2
P 62.99059792 22.58579938 12 P 0 0 ;0=11,1=0,2
P 62.99059792 23.23580062 12 P 0 0 ;0=11,1=0,2
P 63.01959964 19.1008 25 P 0 0 ;0=24,1=0,2
P 63.20700084 10.60360084 11 P 0 0 ;0=10,1=0,2
P 63.20700084 11.10359984 11 P 0 0 ;0=10,1=0,2
P 63.20700084 11.60360138 11 P 0 0 ;0=10,1=0,2
P 63.20700084 12.10360038 11 P 0 0 ;0=10,1=0,2
P 63.20700084 12.60359938 11 P 0 0 ;0=10,1=0,2
P 63.20700084 13.10360092 11 P 0 0 ;0=10,1=0,2
P 63.20700084 13.60359992 11 P 0 0 ;0=10,1=0,2
P 63.20700084 14.10360146 11 P 0 0 ;0=10,1=0,2
P 63.20700084 14.60360046 11 P 0 0 ;0=10,1=0,2
P 63.20700084 15.10359946 11 P 0 0 ;0=10,1=0,2
P 63.20700084 15.603601 11 P 0 0 ;0=10,1=0,2
P 63.20700084 16.1036 11 P 0 0 ;0=10,1=0,2
P 63.7794 6.61679906 22 P 0 0 ;0=21,1=0,2
P 63.7794 8.21680094 22 P 0 0 ;0=21,1=0,2
P 64.10999878 33.3756 21 P 0 0 ;0=20,1=0,2
P 64.98599906 10.0076 20 P 0 0 ;0=19,1=0,2
P 65.03679906 16.4846 20 P 0 0 ;0=19,1=0,2
P 65.151 11.37959878 35 P 0 0 ;0=34,1=0,2
P 65.151 12.69960122 35 P 0 0 ;0=34,1=0,2
P 65.151 13.91959878 35 P 0 0 ;0=34,1=0,2
P 65.151 15.23960122 35 P 0 0 ;0=34,1=0,2
P 65.43000122 33.3756 21 P 0 0 ;0=20,1=0,2
P 65.5787995 20.8026 24 P 0 0 ;0=23,1=0,2
P 66.421 11.37959878 35 P 0 0 ;0=34,1=0,2
P 66.421 12.69959868 35 P 0 0 ;0=34,1=0,2
P 66.421 13.91959878 35 P 0 0 ;0=34,1=0,2
P 66.421 15.23960122 35 P 0 0 ;0=34,1=0,2
P 66.58600094 10.0076 20 P 0 0 ;0=19,1=0,2
P 66.63680094 16.4846 20 P 0 0 ;0=19,1=0,2
P 67.00000062 5.00000016 63 P 0 0 ;0=50,1=0
P 67.00000062 39.99999874 63 P 0 0 ;0=50,1=0
P 67.2592 26.17540104 31 P 0 0 ;0=30,1=0,2
P 67.2592 31.7754 31 P 0 0 ;0=30,1=0,2
P 67.7926 15.18959878 35 P 0 0 ;0=34,1=0,2
P 67.7926 16.50960122 35 P 0 0 ;0=34,1=0,2
P 68.8888005 20.8026 24 P 0 0 ;0=23,1=0,2
P 69.1134 15.18959878 35 P 0 0 ;0=34,1=0,2
P 69.1134 16.50960122 35 P 0 0 ;0=34,1=0,2
S P 0
OB 10.33831562 15.48388826 I
OS 10.3328724 15.46542246
OS 10.3331772 15.44402042
OS 10.33923002 15.41968722
OS 10.35102832 15.39241778
OS 10.36857464 15.3622121
OS 10.39186898 15.32907526
OS 10.42091134 15.29299964
OS 10.49623758 15.21204984
OS 10.35255232 15.06836458
OS 10.3106093 15.10890298
OS 10.2355269 15.17273318
OS 10.20239006 15.19602752
OS 10.17218438 15.21357384
OS 10.14491494 15.22537214
OS 10.12058174 15.23142496
OS 10.0991797 15.23172976
OS 10.0807139 15.22628654
OS 10.06518434 15.21509784
OS 10.34950432 15.49941782
OS 10.33831562 15.48388826
OE
SE
S P 0
OB 10.877296 26.00823348 I
OS 10.860024 26.00204604
OS 10.844784 25.99173364
OS 10.831576 25.97729628
OS 10.8204 25.95873396
OS 10.811256 25.93604668
OS 10.804144 25.90923444
OS 10.799064 25.87829724
OS 10.796016 25.84323508
OS 10.795 25.80404796
OS 10.5918 25.80404796
OS 10.590784 25.84323508
OS 10.587736 25.87829724
OS 10.582656 25.90923444
OS 10.575544 25.93604668
OS 10.5664 25.95873396
OS 10.555224 25.97729628
OS 10.542016 25.99173364
OS 10.526776 26.00204604
OS 10.509504 26.00823348
OS 10.4902 26.01029596
OS 10.8966 26.01029596
OS 10.877296 26.00823348
OE
SE
S P 0
OB 11.7993668 15.83569604 I
OS 11.80555424 15.81842404
OS 11.81586664 15.80318404
OS 11.830304 15.78997604
OS 11.84886632 15.77880004
OS 11.8715536 15.76965604
OS 11.89836584 15.76254404
OS 11.92930304 15.75746404
OS 11.9643652 15.75441604
OS 12.00355232 15.75340004
OS 12.00355232 15.55020004
OS 11.9643652 15.54918404
OS 11.92930304 15.54613604
OS 11.89836584 15.54105604
OS 11.8715536 15.53394404
OS 11.84886632 15.52480004
OS 11.830304 15.51362404
OS 11.81586664 15.50041604
OS 11.80555424 15.48517604
OS 11.7993668 15.46790404
OS 11.79730432 15.44860004
OS 11.79730432 15.85500004
OS 11.7993668 15.83569604
OE
SE
S P 0
OB 13.468096 38.63203348 I
OS 13.450824 38.62584604
OS 13.435584 38.61553364
OS 13.422376 38.60109628
OS 13.4112 38.58253396
OS 13.402056 38.55984668
OS 13.394944 38.53303444
OS 13.389864 38.50209724
OS 13.386816 38.46703508
OS 13.3858 38.42784796
OS 13.1826 38.42784796
OS 13.181584 38.46703508
OS 13.178536 38.50209724
OS 13.173456 38.53303444
OS 13.166344 38.55984668
OS 13.1572 38.58253396
OS 13.146024 38.60109628
OS 13.132816 38.61553364
OS 13.117576 38.62584604
OS 13.100304 38.63203348
OS 13.081 38.63409596
OS 13.4874 38.63409596
OS 13.468096 38.63203348
OE
SE
S P 0
OB 13.468096 42.29523418 I
OS 13.450824 42.28904674
OS 13.435584 42.27873434
OS 13.422376 42.26429698
OS 13.4112 42.24573466
OS 13.402056 42.22304738
OS 13.394944 42.19623514
OS 13.389864 42.16529794
OS 13.386816 42.13023578
OS 13.3858 42.09104866
OS 13.1826 42.09104866
OS 13.181584 42.13023578
OS 13.178536 42.16529794
OS 13.173456 42.19623514
OS 13.166344 42.22304738
OS 13.1572 42.24573466
OS 13.146024 42.26429698
OS 13.132816 42.27873434
OS 13.117576 42.28904674
OS 13.100304 42.29523418
OS 13.081 42.29729666
OS 13.4874 42.29729666
OS 13.468096 42.29523418
OE
OB 13.386816 41.28954404 I
OS 13.389864 41.25500004
OS 13.394944 41.22452004
OS 13.402056 41.19810404
OS 13.4112 41.17575204
OS 13.422376 41.15746404
OS 13.435584 41.14324004
OS 13.450824 41.13308004
OS 13.468096 41.12698404
OS 13.4874 41.12495204
OS 13.081 41.12495204
OS 13.100304 41.12698404
OS 13.117576 41.13308004
OS 13.132816 41.14324004
OS 13.146024 41.15746404
OS 13.1572 41.17575204
OS 13.166344 41.19810404
OS 13.173456 41.22452004
OS 13.178536 41.25500004
OS 13.181584 41.28954404
OS 13.1826 41.32815204
OS 13.3858 41.32815204
OS 13.386816 41.28954404
OE
SE
S P 0
OB 13.58485218 13.47721206 I
OS 13.57910416 13.4585329
OS 13.57910416 13.43697846
OS 13.58485218 13.41255382
OS 13.59634568 13.3852539
OS 13.6135872 13.3550787
OS 13.63657674 13.3220333
OS 13.6653143 13.28611008
OS 13.74003094 13.20564796
OS 13.59634568 13.0619627
OS 13.55467698 13.1021963
OS 13.47996034 13.1654169
OS 13.44691494 13.18840644
OS 13.41673974 13.20564796
OS 13.38943982 13.21714146
OS 13.36501518 13.22288948
OS 13.34346074 13.22288948
OS 13.32478158 13.21714146
OS 13.3089777 13.20564796
OS 13.59634568 13.49301594
OS 13.58485218 13.47721206
OE
SE
S P 0
OB 14.58841634 28.89056452 I
OS 14.59146434 28.85550236
OS 14.59654434 28.82456516
OS 14.60365634 28.79775292
OS 14.61280034 28.77506564
OS 14.62397634 28.75650332
OS 14.63718434 28.74206596
OS 14.65242434 28.73175356
OS 14.66969634 28.72556612
OS 14.68900034 28.72350364
OS 14.28260034 28.72350364
OS 14.30190434 28.72556612
OS 14.31917634 28.73175356
OS 14.33441634 28.74206596
OS 14.34762434 28.75650332
OS 14.35880034 28.77506564
OS 14.36794434 28.79775292
OS 14.37505634 28.82456516
OS 14.38013634 28.85550236
OS 14.38318434 28.89056452
OS 14.38420034 28.92975164
OS 14.58740034 28.92975164
OS 14.58841634 28.89056452
OE
SE
S P 0
OB 14.66175122 29.17484894 I
OS 14.64762374 29.17281694
OS 14.6349847 29.16672094
OS 14.62383156 29.15656094
OS 14.61416686 29.14233694
OS 14.60598806 29.12404894
OS 14.5992977 29.10169694
OS 14.5940907 29.07528094
OS 14.59037468 29.04480094
OS 14.58814456 29.01025694
OS 14.58740034 28.97164894
OS 14.38420034 28.97164894
OS 14.38318434 29.01068874
OS 14.38013634 29.0456366
OS 14.37505634 29.07649252
OS 14.36794434 29.1032565
OS 14.35880034 29.125926
OS 14.34762434 29.1445061
OS 14.33441634 29.15899172
OS 14.31917634 29.1693854
OS 14.30190434 29.17568714
OS 14.28260034 29.17789694
OS 14.66175122 29.17484894
OE
SE
S P 0
OB 14.68778368 24.466296 I
OS 14.69387968 24.449024
OS 14.70403968 24.433784
OS 14.71826368 24.420576
OS 14.73655168 24.4094
OS 14.75890368 24.400256
OS 14.78531968 24.393144
OS 14.81579968 24.388064
OS 14.85034368 24.385016
OS 14.88895168 24.384
OS 14.88895168 24.1808
OS 14.85034368 24.179784
OS 14.81579968 24.176736
OS 14.78531968 24.171656
OS 14.75890368 24.164544
OS 14.73655168 24.1554
OS 14.71826368 24.144224
OS 14.70403968 24.131016
OS 14.69387968 24.115776
OS 14.68778368 24.098504
OS 14.68575168 24.0792
OS 14.68575168 24.4856
OS 14.68778368 24.466296
OE
SE
S P 0
OB 14.7090003 22.96035794 I
OS 14.7090003 22.00099994
OS 14.7090003 20.8009998
OS 14.7090003 19.60099966
OS 14.7090003 18.60026506
OS 14.39651172 18.60026506
OS 14.24785314 18.57069438
OS 14.12182596 18.4864883
OS 13.93791472 18.30257452
OS 13.92657362 18.2855997
OS 9.2685997 18.2855997
OS 9.2685997 18.80100126
OS 9.2685997 20.0010014
OS 9.2685997 21.2106002
OS 9.2685997 21.83581358
OS 9.30238424 21.85838656
OS 9.52468758 21.85838656
OS 9.60420228 21.89132274
OS 9.70980024 21.82076408
OS 9.70980024 21.1963
OS 11.9888 21.1963
OS 14.26779976 21.1963
OS 14.26779976 22.95981438
OS 14.34650166 23.0124
OS 14.55870088 23.0124
OS 14.60340234 23.0309166
OS 14.7090003 22.96035794
OE
OB 14.26779976 20.8153 H
OS 12.1793 20.8153
OS 12.1793 18.72680024
OS 14.26779976 18.72680024
OS 14.26779976 20.8153
OE
OB 11.7983 20.8153 H
OS 9.70980024 20.8153
OS 9.70980024 18.72680024
OS 11.7983 18.72680024
OS 11.7983 20.8153
OE
SE
S P 0
OB 14.8890101 26.58912386 I
OS 14.87170508 26.57085872
OS 14.85601804 26.55228878
OS 14.84194644 26.53341658
OS 14.82949536 26.51423958
OS 14.81865972 26.49475778
OS 14.80943952 26.47497118
OS 14.8018373 26.45488232
OS 14.79585306 26.43448866
OS 14.7914868 26.4137902
OS 14.78873852 26.39278948
OS 14.56406536 26.66842266
OS 14.58495686 26.66710694
OS 14.60558928 26.66787148
OS 14.62596262 26.67071374
OS 14.64607688 26.67563626
OS 14.6659346 26.6826365
OS 14.6855307 26.69171446
OS 14.70486772 26.70287014
OS 14.7239482 26.71610608
OS 14.74276706 26.73141974
OS 14.76132938 26.74881112
OS 14.8890101 26.58912386
OE
SE
S P 0
OB 15.3264362 27.02654996 I
OS 15.2858978 26.98460694
OS 15.2220676 26.90952454
OS 15.19877326 26.8763877
OS 15.18122694 26.84618202
OS 15.16942864 26.81891258
OS 15.16337582 26.79457938
OS 15.16307102 26.77317734
OS 15.16851424 26.75471154
OS 15.17970294 26.73918198
OS 14.89538296 27.02350196
OS 14.91091252 27.01231326
OS 14.92937832 27.00687004
OS 14.95078036 27.00717484
OS 14.97511356 27.01322766
OS 15.002383 27.02502596
OS 15.03258868 27.04257228
OS 15.06572552 27.06586662
OS 15.10180114 27.09490898
OS 15.18275094 27.17023522
OS 15.3264362 27.02654996
OE
SE
S P 0
OB 15.92966842 26.18374748 I
OS 15.92617084 26.1791958
OS 15.9230822 26.17164184
OS 15.92040758 26.16108306
OS 15.91814444 26.147522
OS 15.91629024 26.13095612
OS 15.91382136 26.08881752
OS 15.9129984 26.03466472
OS 15.6589984 26.03466472
OS 15.66204894 26.18224634
OS 15.93358002 26.18529434
OS 15.92966842 26.18374748
OE
SE
S P 0
OB 16.08760054 26.34359476 I
OS 16.07280504 26.34487492
OS 16.05746598 26.34391734
OS 16.04158082 26.34071948
OS 16.02514702 26.33528642
OS 16.00816966 26.32761308
OS 15.99064366 26.31770454
OS 15.9725741 26.30555572
OS 15.95395844 26.29116916
OS 15.93479414 26.27454232
OS 15.91508628 26.25568028
OS 15.7679263 26.46773218
OS 15.78714902 26.48748576
OS 15.83381136 26.54212116
OS 15.84569856 26.55879118
OS 15.85575188 26.57469158
OS 15.86396878 26.58981982
OS 15.8703518 26.6041759
OS 15.87490348 26.61776236
OS 15.87761874 26.6305792
OS 16.08760054 26.34359476
OE
SE
S P 0
OB 16.48573538 26.75224774 I
OS 16.46843036 26.73405372
OS 16.45263156 26.7155803
OS 16.4383339 26.69683256
OS 16.42554246 26.67780542
OS 16.4142547 26.65850142
OS 16.40447316 26.63891802
OS 16.39619276 26.6190603
OS 16.38941858 26.59892318
OS 16.38414808 26.5785092
OS 16.38038126 26.55781836
OS 16.17039946 26.8448028
OS 16.19097854 26.84248124
OS 16.21134172 26.84235678
OS 16.231489 26.84442434
OS 16.25141784 26.84868646
OS 16.27113332 26.85514568
OS 16.2906329 26.86379692
OS 16.30991404 26.87464272
OS 16.32898182 26.88768308
OS 16.34783116 26.902918
OS 16.36646714 26.92035002
OS 16.48573538 26.75224774
OE
SE
S P 0
OB 16.73963632 27.00615122 I
OS 16.69940272 26.96448252
OS 16.63618212 26.88976588
OS 16.61319258 26.85672048
OS 16.59595106 26.82654528
OS 16.58445756 26.79924536
OS 16.57870954 26.77482072
OS 16.57870954 26.75326628
OS 16.58445756 26.73458712
OS 16.59595106 26.71878324
OS 16.30858308 27.00615122
OS 16.32438696 26.99465772
OS 16.34306612 26.9889097
OS 16.36462056 26.9889097
OS 16.3890452 26.99465772
OS 16.41634512 27.00615122
OS 16.44652032 27.02339274
OS 16.47956572 27.04638228
OS 16.51548894 27.07511984
OS 16.59595106 27.14983648
OS 16.73963632 27.00615122
OE
SE
S P 0
OB 17.177893 24.67484778 I
OS 17.160621 24.6685181
OS 17.145381 24.65810156
OS 17.132173 24.64360324
OS 17.120997 24.6250206
OS 17.111853 24.60235364
OS 17.104741 24.57560236
OS 17.099661 24.5447693
OS 17.096613 24.50984938
OS 17.095597 24.47084768
OS 16.892397 24.47084768
OS 16.89544754 24.67404768
OS 17.197197 24.67709568
OS 17.177893 24.67484778
OE
SE
S P 0
OB 17.39221566 27.75964984 I
OS 17.37641178 27.77114334
OS 17.35773262 27.77689136
OS 17.33617818 27.77689136
OS 17.31175354 27.77114334
OS 17.28445362 27.75964984
OS 17.25427842 27.74240832
OS 17.22123302 27.71941878
OS 17.1853098 27.69068122
OS 17.10484768 27.61596458
OS 16.96116242 27.75964984
OS 17.00139602 27.80131854
OS 17.06461662 27.87603518
OS 17.08760616 27.90908058
OS 17.10484768 27.93925578
OS 17.11634118 27.9665557
OS 17.1220892 27.99098034
OS 17.1220892 28.01253478
OS 17.11634118 28.03121394
OS 17.10484768 28.04701782
OS 17.39221566 27.75964984
OE
SE
S P 0
OB 17.5358171 18.39196474 I
OS 17.5388651 18.35690258
OS 17.5439451 18.32596538
OS 17.5510571 18.29915314
OS 17.5602011 18.27646586
OS 17.5713771 18.25790354
OS 17.5845851 18.24346618
OS 17.5998251 18.23315378
OS 17.6170971 18.22696634
OS 17.6364011 18.22490386
OS 17.2300011 18.22490386
OS 17.2493051 18.22696634
OS 17.2665771 18.23315378
OS 17.2818171 18.24346618
OS 17.2950251 18.25790354
OS 17.3062011 18.27646586
OS 17.3153451 18.29915314
OS 17.3224571 18.32596538
OS 17.3275371 18.35690258
OS 17.3305851 18.39196474
OS 17.3316011 18.43115186
OS 17.5348011 18.43115186
OS 17.5358171 18.39196474
OE
SE
S P 0
OB 18.0477668 26.79049506 I
OS 18.05395424 26.77322306
OS 18.06426664 26.75798306
OS 18.078704 26.74477506
OS 18.09726632 26.73359906
OS 18.1199536 26.72445506
OS 18.14676584 26.71734306
OS 18.17770304 26.71226306
OS 18.2127652 26.70921506
OS 18.25195232 26.70819906
OS 18.25195232 26.50499906
OS 18.2127652 26.50398306
OS 18.17770304 26.50093506
OS 18.14676584 26.49585506
OS 18.1199536 26.48874306
OS 18.09726632 26.47959906
OS 18.078704 26.46842306
OS 18.06426664 26.45521506
OS 18.05395424 26.43997506
OS 18.0477668 26.42270306
OS 18.04570432 26.40339906
OS 18.04570432 26.80979906
OS 18.0477668 26.79049506
OE
SE
S P 0
OB 18.49189596 26.40339906 I
OS 18.48983348 26.42270306
OS 18.48364604 26.43997506
OS 18.47333364 26.45521506
OS 18.45889628 26.46842306
OS 18.44033396 26.47959906
OS 18.41764668 26.48874306
OS 18.39083444 26.49585506
OS 18.35989724 26.50093506
OS 18.32483508 26.50398306
OS 18.28564796 26.50499906
OS 18.28564796 26.70819906
OS 18.32483508 26.70921506
OS 18.35989724 26.71226306
OS 18.39083444 26.71734306
OS 18.41764668 26.72445506
OS 18.44033396 26.73359906
OS 18.45889628 26.74477506
OS 18.47333364 26.75798306
OS 18.48364604 26.77322306
OS 18.48983348 26.79049506
OS 18.49189596 26.80979906
OS 18.49189596 26.40339906
OE
SE
S P 0
OB 18.77172522 21.71905994 I
OS 18.77629722 21.66672578
OS 18.78391722 21.62054858
OS 18.79458522 21.58052834
OS 18.80830122 21.54666506
OS 18.82506522 21.51895874
OS 18.84487722 21.49740938
OS 18.86773722 21.48201698
OS 18.89364522 21.47278154
OS 18.92260122 21.46970306
OS 18.31300122 21.46970306
OS 18.34195722 21.47278154
OS 18.36786522 21.48201698
OS 18.39072522 21.49740938
OS 18.41053722 21.51895874
OS 18.42730122 21.54666506
OS 18.44101722 21.58052834
OS 18.45168522 21.62054858
OS 18.45930522 21.66672578
OS 18.46387722 21.71905994
OS 18.46540122 21.77755106
OS 18.77020122 21.77755106
OS 18.77172522 21.71905994
OE
SE
S P 0
OB 19.03280166 21.281644 I
OS 19.04194566 21.255736
OS 19.05718566 21.232876
OS 19.07852166 21.213064
OS 19.10595366 21.1963
OS 19.13948166 21.182584
OS 19.17910566 21.171916
OS 19.22482566 21.164296
OS 19.27664166 21.159724
OS 19.33455366 21.1582
OS 19.33455366 20.8534
OS 19.27664166 20.851876
OS 19.22482566 20.847304
OS 19.17910566 20.839684
OS 19.13948166 20.829016
OS 19.10595366 20.8153
OS 19.07852166 20.798536
OS 19.05718566 20.778724
OS 19.04194566 20.755864
OS 19.03280166 20.729956
OS 19.02975366 20.701
OS 19.02975366 21.3106
OS 19.03280166 21.281644
OE
SE
S P 0
OB 19.08659124 23.96209838 I
OS 19.16167364 23.89826818
OS 19.19481048 23.87497384
OS 19.22501616 23.85742752
OS 19.2522856 23.84562922
OS 19.2766188 23.8395764
OS 19.29802084 23.8392716
OS 19.31648664 23.84471482
OS 19.3320162 23.85590352
OS 19.04769622 23.57158354
OS 19.05888492 23.5871131
OS 19.06432814 23.6055789
OS 19.06402334 23.62698094
OS 19.05797052 23.65131414
OS 19.04617222 23.67858358
OS 19.0286259 23.70878926
OS 19.00533156 23.7419261
OS 18.9762892 23.77800172
OS 18.90096296 23.85895152
OS 19.04464822 24.00263678
OS 19.08659124 23.96209838
OE
SE
S P 0
OB 19.37785812 24.94561178 I
OS 19.3721101 24.92693262
OS 19.3721101 24.90537818
OS 19.37785812 24.88095354
OS 19.38935162 24.85365362
OS 19.40659314 24.82347842
OS 19.42958268 24.79043302
OS 19.45832024 24.7545098
OS 19.53303688 24.67404768
OS 19.38935162 24.53036242
OS 19.34768292 24.57059602
OS 19.27296628 24.63381662
OS 19.23992088 24.65680616
OS 19.20974568 24.67404768
OS 19.18244576 24.68554118
OS 19.15802112 24.6912892
OS 19.13646668 24.6912892
OS 19.11778752 24.68554118
OS 19.10198364 24.67404768
OS 19.38935162 24.96141566
OS 19.37785812 24.94561178
OE
SE
S P 0
OB 19.49744894 19.01864878 I
OS 19.19264894 18.9037976
OS 19.19264894 19.2085976
OS 19.25089622 19.2101216
OS 19.30303988 19.2146936
OS 19.34908246 19.2223136
OS 19.38902142 19.2329816
OS 19.42285676 19.2466976
OS 19.45059102 19.2634616
OS 19.47222166 19.2832736
OS 19.48774868 19.3061336
OS 19.49717462 19.3320416
OS 19.50049694 19.3609976
OS 19.49744894 19.01864878
OE
SE
S P 0
OB 19.62643522 27.166951 I
OS 19.58589682 27.12500798
OS 19.52206662 27.04992558
OS 19.49877228 27.01678874
OS 19.48122596 26.98658306
OS 19.46942766 26.95931362
OS 19.46337484 26.93498042
OS 19.46307004 26.91357838
OS 19.46851326 26.89511258
OS 19.47970196 26.87958302
OS 19.19538198 27.163903
OS 19.21091154 27.1527143
OS 19.22937734 27.14727108
OS 19.25077938 27.14757588
OS 19.27511258 27.1536287
OS 19.30238202 27.165427
OS 19.3325877 27.18297332
OS 19.36572454 27.20626766
OS 19.40180016 27.23531002
OS 19.48274996 27.31063626
OS 19.62643522 27.166951
OE
SE
S P 0
OB 19.85665828 17.69864634 I
OS 19.83690216 17.71301512
OS 19.81355448 17.72019824
OS 19.7866127 17.72019824
OS 19.75607936 17.71301512
OS 19.72195446 17.69864634
OS 19.684238 17.67709444
OS 19.64292998 17.64835688
OS 19.59802786 17.6124362
OS 19.49744894 17.5190404
OS 19.317843 17.69864634
OS 19.36813246 17.75073158
OS 19.44715948 17.84412738
OS 19.47589704 17.8854354
OS 19.49744894 17.92315186
OS 19.51181772 17.95727676
OS 19.51900084 17.9878101
OS 19.51900084 18.01475188
OS 19.51181772 18.03809956
OS 19.49744894 18.05785568
OS 19.85665828 17.69864634
OE
SE
S P 0
OB 19.92300054 19.1799972 I
OS 19.91401148 19.18025882
OS 19.90376004 19.1782827
OS 19.89224368 19.17406884
OS 19.8794624 19.1676147
OS 19.86541874 19.15892536
OS 19.85010762 19.14799574
OS 19.8156957 19.11942582
OS 19.79659236 19.10178298
OS 19.77622664 19.0819024
OS 19.60321454 19.339941
OS 19.62355232 19.3604515
OS 19.70769236 19.45545258
OS 19.71139568 19.46208452
OS 19.71301874 19.46698164
OS 19.92300054 19.1799972
OE
SE
S P 0
OB 19.96001596 20.85538374 I
OS 20.01343216 20.80885348
OS 20.02866708 20.79775114
OS 20.0426193 20.78884844
OS 20.05528628 20.78215046
OS 20.06666802 20.77765466
OS 20.07676452 20.77536358
OS 20.08557832 20.77527468
OS 19.86415128 20.4970253
OS 19.86258918 20.5029054
OS 19.85894682 20.51040602
OS 19.85322928 20.5195297
OS 19.84543656 20.53027644
OS 19.82361288 20.5566391
OS 19.77530462 20.60835604
OS 19.75504558 20.62884114
OS 19.93964008 20.87529988
OS 19.96001596 20.85538374
OE
SE
S P 0
OB 20.21740432 19.46208452 I
OS 20.22110764 19.45545258
OS 20.22688868 19.44708328
OS 20.23474998 19.4369817
OS 20.27081036 19.39626804
OS 20.32558546 19.339941
OS 20.15257336 19.0819024
OS 20.13220764 19.10178298
OS 20.07869238 19.14799574
OS 20.06338126 19.15892536
OS 20.0493376 19.1676147
OS 20.03655632 19.17406884
OS 20.02503996 19.1782827
OS 20.01478852 19.18025882
OS 20.00579946 19.1799972
OS 20.21578126 19.46698164
OS 20.21740432 19.46208452
OE
SE
S P 0
OB 20.77188378 25.22601508 I
OS 20.77836586 25.2062742
OS 20.7862043 25.18673652
OS 20.79539656 25.16740204
OS 20.80594772 25.14827076
OS 20.81785524 25.12934268
OS 20.83112166 25.1106178
OS 20.8617185 25.07378018
OS 20.87905146 25.0556649
OS 20.77222668 24.87512424
OS 20.75349164 24.89261468
OS 20.73461944 24.90775054
OS 20.71561008 24.9205369
OS 20.6964661 24.93096614
OS 20.67718496 24.93904588
OS 20.6577692 24.9447685
OS 20.63821628 24.94814162
OS 20.6185262 24.94915762
OS 20.59869896 24.94782412
OS 20.5787371 24.9441335
OS 20.76675806 25.2459617
OS 20.77188378 25.22601508
OE
SE
S P 0
OB 22.18811666 18.15220398 I
OS 22.2628333 18.08898338
OS 22.2958787 18.06599384
OS 22.3260539 18.04875232
OS 22.35335382 18.03725882
OS 22.37777846 18.0315108
OS 22.3993329 18.0315108
OS 22.41801206 18.03725882
OS 22.43381594 18.04875232
OS 22.14644796 17.76138434
OS 22.15794146 17.77718822
OS 22.16368948 17.79586738
OS 22.16368948 17.81742182
OS 22.15794146 17.84184646
OS 22.14644796 17.86914638
OS 22.12920644 17.89932158
OS 22.1062169 17.93236698
OS 22.07747934 17.9682902
OS 22.0027627 18.04875232
OS 22.14644796 18.19243758
OS 22.18811666 18.15220398
OE
SE
S P 0
OB 22.23692784 19.55116232 I
OS 22.30899272 19.4903471
OS 22.34137772 19.4678046
OS 22.37133194 19.45050974
OS 22.39885284 19.43845998
OS 22.42394042 19.43165278
OS 22.44659722 19.43009322
OS 22.4668207 19.43377622
OS 22.4846134 19.44270432
OS 22.14949596 19.2091818
OS 22.1629478 19.22245076
OS 22.1701487 19.23915888
OS 22.1711012 19.25930108
OS 22.16580276 19.28288244
OS 22.15425338 19.30990042
OS 22.1364556 19.34035756
OS 22.11240688 19.37424878
OS 22.08210976 19.41157916
OS 22.0027627 19.49654978
OS 22.19724542 19.58943758
OS 22.23692784 19.55116232
OE
SE
S P 0
OB 22.49112088 5.66961274 I
OS 22.51640912 5.24335502
OS 22.5257995 5.19077448
OS 22.53663768 5.14908292
OS 22.54891858 5.11828034
OS 22.56264474 5.09836674
OS 22.1133543 5.09836674
OS 22.12708046 5.11828034
OS 22.13936136 5.14908292
OS 22.15019954 5.19077448
OS 22.15958992 5.24335502
OS 22.17403998 5.38118812
OS 22.182709 5.56258222
OS 22.18559952 5.78753478
OS 22.49039952 5.78753478
OS 22.49112088 5.66961274
OE
SE
S P 0
OB 22.49192352 6.09226112 I
OS 22.49649552 6.03992696
OS 22.50411552 5.99374976
OS 22.51478352 5.95372952
OS 22.52849952 5.91986624
OS 22.54526352 5.89215992
OS 22.56507552 5.87061056
OS 22.58793552 5.85521816
OS 22.61384352 5.84598272
OS 22.64279952 5.84290424
OS 22.03319952 5.84290424
OS 22.06215552 5.84598272
OS 22.08806352 5.85521816
OS 22.11092352 5.87061056
OS 22.13073552 5.89215992
OS 22.14749952 5.91986624
OS 22.16121552 5.95372952
OS 22.17188352 5.99374976
OS 22.17950352 6.03992696
OS 22.18407552 6.09226112
OS 22.18559952 6.15075224
OS 22.49039952 6.15075224
OS 22.49192352 6.09226112
OE
SE
S P 0
OB 22.56323402 6.4661796 I
OS 22.5493961 6.45499344
OS 22.5370136 6.44141206
OS 22.52608906 6.425438
OS 22.51661994 6.40706872
OS 22.50860878 6.38630676
OS 22.50205304 6.36314958
OS 22.49695526 6.33759972
OS 22.4933129 6.30965464
OS 22.4911285 6.27931688
OS 22.49039952 6.2465839
OS 22.18559952 6.3093346
OS 22.1851728 6.34247144
OS 22.17877962 6.42848092
OS 22.17494422 6.45268204
OS 22.17025538 6.47464796
OS 22.16471564 6.49437868
OS 22.15832246 6.51187674
OS 22.15107584 6.5271396
OS 22.14297832 6.5401698
OS 22.56323402 6.4661796
OE
SE
S P 0
OB 22.59363782 3.9009955 I
OS 22.57947986 3.88883144
OS 22.56699068 3.86860542
OS 22.5561652 3.84031744
OS 22.54700342 3.80396496
OS 22.53951042 3.75955306
OS 22.53368112 3.70707666
OS 22.5270187 3.57793798
OS 22.52618558 3.5012757
OS 21.89104842 3.5012757
OS 21.89104842 3.9020496
OS 22.60945948 3.9050976
OS 22.59363782 3.9009955
OE
SE
S P 0
OB 24.131016 23.9277652 I
OS 24.134064 23.89270304
OS 24.139144 23.86176584
OS 24.146256 23.8349536
OS 24.1554 23.81226632
OS 24.166576 23.793704
OS 24.179784 23.77926664
OS 24.195024 23.76895424
OS 24.212296 23.7627668
OS 24.2316 23.76070432
OS 23.8252 23.76070432
OS 23.844504 23.7627668
OS 23.861776 23.76895424
OS 23.877016 23.77926664
OS 23.890224 23.793704
OS 23.9014 23.81226632
OS 23.910544 23.8349536
OS 23.917656 23.86176584
OS 23.922736 23.89270304
OS 23.925784 23.9277652
OS 23.9268 23.96695232
OS 24.13 23.96695232
OS 24.131016 23.9277652
OE
SE
S P 0
OB 24.29500094 22.22327788 I
OS 24.295227 22.17892186
OS 24.30944338 21.96301678
OS 24.31327878 21.9456889
OS 24.3175663 21.93173922
OS 24.00194082 22.08596548
OS 24.0190147 22.09277014
OS 24.03429026 22.10171094
OS 24.04777004 22.11278788
OS 24.0594515 22.12599588
OS 24.06933464 22.14134256
OS 24.077422 22.1588203
OS 24.08371358 22.17843672
OS 24.08820684 22.2001842
OS 24.09090178 22.22406782
OS 24.09180094 22.25008758
OS 24.29500094 22.22327788
OE
SE
S P 0
OB 24.29601694 22.47496394 I
OS 24.29906494 22.43990178
OS 24.30414494 22.40896458
OS 24.31125694 22.38215234
OS 24.32040094 22.35946506
OS 24.33157694 22.34090274
OS 24.34478494 22.32646538
OS 24.36002494 22.31615298
OS 24.37729694 22.30996554
OS 24.39660094 22.30790306
OS 23.99020094 22.30790306
OS 24.00950494 22.30996554
OS 24.02677694 22.31615298
OS 24.04201694 22.32646538
OS 24.05522494 22.34090274
OS 24.06640094 22.35946506
OS 24.07554494 22.38215234
OS 24.08265694 22.40896458
OS 24.08773694 22.43990178
OS 24.09078494 22.47496394
OS 24.09180094 22.51415106
OS 24.29500094 22.51415106
OS 24.29601694 22.47496394
OE
SE
S P 0
OB 24.37729694 22.8208332 I
OS 24.36002494 22.81464576
OS 24.34478494 22.80433336
OS 24.33157694 22.789896
OS 24.32040094 22.77133368
OS 24.31125694 22.7486464
OS 24.30414494 22.72183416
OS 24.29906494 22.69089696
OS 24.29601694 22.6558348
OS 24.29500094 22.61664768
OS 24.09180094 22.61664768
OS 24.09078494 22.6558348
OS 24.08773694 22.69089696
OS 24.08265694 22.72183416
OS 24.07554494 22.7486464
OS 24.06640094 22.77133368
OS 24.05522494 22.789896
OS 24.04201694 22.80433336
OS 24.02677694 22.81464576
OS 24.00950494 22.8208332
OS 23.99020094 22.82289568
OS 24.39660094 22.82289568
OS 24.37729694 22.8208332
OE
SE
S P 0
OB 24.46840166 20.3290424 I
OS 24.47754566 20.3031344
OS 24.49278566 20.2802744
OS 24.51412166 20.2604624
OS 24.54155366 20.2436984
OS 24.57508166 20.2299824
OS 24.61470566 20.2193144
OS 24.66042566 20.2116944
OS 24.71224166 20.2071224
OS 24.77015366 20.2055984
OS 24.77015366 19.9007984
OS 24.46535366 19.90384894
OS 24.46535366 20.3579984
OS 24.46840166 20.3290424
OE
SE
S P 0
OB 24.63936652 19.05630936 I
OS 24.64555396 19.03903736
OS 24.65586636 19.02379736
OS 24.67030372 19.01058936
OS 24.68886604 18.99941336
OS 24.71155332 18.99026936
OS 24.73836556 18.98315736
OS 24.76930276 18.97807736
OS 24.80436492 18.97502936
OS 24.84355204 18.97401336
OS 24.84355204 18.77081336
OS 24.80436492 18.76979736
OS 24.76930276 18.76674936
OS 24.73836556 18.76166936
OS 24.71155332 18.75455736
OS 24.68886604 18.74541336
OS 24.67030372 18.73423736
OS 24.65586636 18.72102936
OS 24.64555396 18.70578936
OS 24.63936652 18.68851736
OS 24.63730404 18.66921336
OS 24.63730404 19.07561336
OS 24.63936652 19.05630936
OE
SE
S P 0
OB 24.97314284 17.40459562 I
OS 24.95089752 17.42583002
OS 24.92798418 17.44482922
OS 24.90440028 17.46159322
OS 24.88014836 17.47612202
OS 24.85522588 17.48841562
OS 24.82963284 17.49847402
OS 24.80336924 17.50629722
OS 24.77643762 17.51188522
OS 24.77151256 17.51248466
OS 24.76930276 17.51229162
OS 24.73836556 17.50721162
OS 24.71155332 17.50009962
OS 24.68886604 17.49095562
OS 24.67030372 17.47977962
OS 24.65586636 17.46657162
OS 24.64555396 17.45133162
OS 24.63936652 17.43405962
OS 24.63730404 17.41475562
OS 24.63730404 17.82115562
OS 24.63936652 17.80185162
OS 24.64555396 17.78457962
OS 24.65586636 17.76933962
OS 24.67030372 17.75613162
OS 24.68886604 17.74495562
OS 24.71155332 17.73581162
OS 24.73836556 17.72869962
OS 24.76930276 17.72361962
OS 24.77151256 17.72342658
OS 24.77643762 17.72402602
OS 24.80336924 17.72961402
OS 24.82963284 17.73743722
OS 24.85522588 17.74749562
OS 24.88014836 17.75978922
OS 24.90440028 17.77431802
OS 24.92798418 17.79108202
OS 24.95089752 17.81008122
OS 24.97314284 17.83131562
OS 24.97314284 17.40459562
OE
SE
S P 0
OB 25.18765092 18.65905336 I
OS 25.1654056 18.68028776
OS 25.14249226 18.69928696
OS 25.11890836 18.71605096
OS 25.09465644 18.73057976
OS 25.06973396 18.74287336
OS 25.04414092 18.75293176
OS 25.01787732 18.76075496
OS 24.9909457 18.76634296
OS 24.96334352 18.76969576
OS 24.93507332 18.77081336
OS 24.93507332 18.97401336
OS 24.96334352 18.97513096
OS 24.9909457 18.97848376
OS 25.01787732 18.98407176
OS 25.04414092 18.99189496
OS 25.06973396 19.00195336
OS 25.09465644 19.01424696
OS 25.11890836 19.02877576
OS 25.14249226 19.04553976
OS 25.1654056 19.06453896
OS 25.18765092 19.08577336
OS 25.18765092 18.65905336
OE
SE
S P 0
OB 25.27240818 22.4496249 I
OS 25.27496596 22.42874864
OS 25.27937032 22.40817972
OS 25.28562126 22.38791814
OS 25.29372132 22.3679639
OS 25.30366796 22.34831954
OS 25.31546118 22.32898252
OS 25.32910352 22.30995284
OS 25.3445899 22.2912305
OS 25.3619254 22.27281804
OS 25.21824268 22.12913278
OS 25.19983022 22.14646828
OS 25.18110788 22.1619572
OS 25.16208074 22.175597
OS 25.14274372 22.18739276
OS 25.12309682 22.1973394
OS 25.10314512 22.20543692
OS 25.08288354 22.2116904
OS 25.06231462 22.21609476
OS 25.04143582 22.21865
OS 25.02025222 22.2193612
OS 25.27169698 22.47081104
OS 25.27240818 22.4496249
OE
SE
S P 0
OB 25.47898892 25.66680414 I
OS 25.4897128 25.65391618
OS 25.50161016 25.64254714
OS 25.514681 25.63269194
OS 25.52892532 25.62435312
OS 25.54434312 25.61753068
OS 25.56093694 25.61222462
OS 25.5787017 25.60843494
OS 25.59764248 25.6061591
OS 25.6177542 25.60540218
OS 25.57679924 25.45300218
OS 25.55744952 25.45252212
OS 25.51995658 25.44868164
OS 25.50181336 25.44531868
OS 25.484074 25.44099814
OS 25.46673596 25.43571494
OS 25.44979924 25.42947162
OS 25.43326384 25.42226818
OS 25.4171323 25.41410716
OS 25.40140208 25.40498094
OS 25.46944106 25.68120594
OS 25.47898892 25.66680414
OE
SE
S P 0
OB 25.67822398 28.67036938 I
OS 25.69415232 28.66634602
OS 25.71218886 28.66279764
OS 25.75459416 28.6571182
OS 25.80543988 28.65333106
OS 25.89753012 28.65120254
OS 25.91836066 28.49880254
OS 25.8979035 28.49803292
OS 25.87907702 28.49572152
OS 25.86187868 28.49187088
OS 25.84630848 28.486481
OS 25.83236642 28.47954934
OS 25.8200525 28.47107844
OS 25.80936926 28.46106576
OS 25.80031416 28.44951384
OS 25.7928872 28.43642014
OS 25.78708838 28.42178974
OS 25.66440638 28.67486518
OS 25.67822398 28.67036938
OE
SE
S P 0
OB 25.77471096 32.81405934 I
OS 25.7614293 32.80181146
OS 25.7495421 32.78871522
OS 25.73905698 32.7747757
OS 25.72996886 32.7599929
OS 25.72227774 32.74436428
OS 25.71598616 32.72789238
OS 25.71109158 32.71057466
OS 25.70759654 32.69241112
OS 25.7054985 32.6734043
OS 25.7048 32.6535542
OS 25.5524 32.66563444
OS 25.55178532 32.68524578
OS 25.54994382 32.70425768
OS 25.54687296 32.72267522
OS 25.54257528 32.74049586
OS 25.53704824 32.7577196
OS 25.53029438 32.77434644
OS 25.52231116 32.79037892
OS 25.51310112 32.80581196
OS 25.50266172 32.82065064
OS 25.4909955 32.83489242
OS 25.77471096 32.81405934
OE
SE
S P 0
OB 25.94027832 22.86961644 I
OS 25.95025036 22.8623241
OS 25.96170576 22.85589282
OS 25.97464452 22.85031752
OS 25.98906664 22.8455982
OS 26.00497212 22.84173994
OS 26.02236096 22.83873766
OS 26.02747144 22.838156
OS 26.13367646 22.84424946
OS 26.1481316 22.84711966
OS 26.15909424 22.85037086
OS 26.16656438 22.8540056
OS 26.16656438 22.59599748
OS 26.15443334 22.60277674
OS 26.139394 22.60884226
OS 26.1214489 22.61419404
OS 26.1005955 22.61883208
OS 26.07683888 22.62275638
OS 26.02060328 22.6284663
OS 26.01724286 22.62860854
OS 26.01253116 22.62824278
OS 25.99498992 22.6255707
OS 25.97890156 22.62213916
OS 25.964261 22.61794054
OS 25.95107078 22.61297992
OS 25.9393309 22.6072573
OS 25.92903882 22.60077014
OS 25.92019962 22.59352098
OS 25.92175156 22.63160828
OS 25.9144516 22.63167686
OS 25.926796 22.7553139
OS 25.9317871 22.87776476
OS 25.94027832 22.86961644
OE
SE
S P 0
OB 26.10402704 28.05493754 I
OS 26.1180326 28.04370058
OS 26.1316597 28.03452356
OS 26.13276714 28.034996
OS 26.15021186 28.04397236
OS 26.16656438 28.05400536
OS 26.16656438 28.01714234
OS 26.18121764 28.01197598
OS 26.19880206 28.0073481
OS 26.2171053 28.00404356
OS 26.23612228 28.00205982
OS 26.25585554 28.00139942
OS 26.25569298 27.84899942
OS 26.23596226 27.84833902
OS 26.21694528 27.84636036
OS 26.1986395 27.8430609
OS 26.18104746 27.83844318
OS 26.16656438 27.83334794
OS 26.16656438 27.79599724
OS 26.15021186 27.80603024
OS 26.13276714 27.8150066
OS 26.13112122 27.81571018
OS 26.117804 27.80676938
OS 26.10377304 27.79555274
OS 26.09045582 27.78301784
OS 26.09050408 27.83093748
OS 26.07386454 27.83560092
OS 26.05204086 27.84035326
OS 26.02912498 27.84404896
OS 25.98000646 27.84827298
OS 25.9538089 27.8488013
OS 25.9538089 28.0012013
OS 25.98000646 28.00172962
OS 26.02912498 28.00595364
OS 26.05204086 28.00964934
OS 26.07386454 28.01440168
OS 26.0906895 28.01911592
OS 26.09073776 28.06749784
OS 26.10402704 28.05493754
OE
SE
S P 0
OB 26.16656438 25.19599736 I
OS 26.15021186 25.20603036
OS 26.13276714 25.21500672
OS 26.11422768 25.22292644
OS 26.09459348 25.22979206
OS 26.07386454 25.23560104
OS 26.05204086 25.24035338
OS 26.02912498 25.24404908
OS 25.98000646 25.2482731
OS 25.9538089 25.24880142
OS 25.9538089 25.40120142
OS 25.98000646 25.40172974
OS 26.02912498 25.40595376
OS 26.05204086 25.40964946
OS 26.07386454 25.4144018
OS 26.09459348 25.42021078
OS 26.11422768 25.4270764
OS 26.13276714 25.43499612
OS 26.15021186 25.44397248
OS 26.16656438 25.45400548
OS 26.16656438 25.19599736
OE
SE
S P 0
OB 26.16656438 28.44599848 I
OS 26.15021186 28.45603148
OS 26.13276714 28.46500784
OS 26.11422768 28.47292756
OS 26.09459348 28.47979318
OS 26.07386454 28.48560216
OS 26.05204086 28.4903545
OS 26.02912498 28.4940502
OS 25.98000646 28.49827422
OS 25.9538089 28.49880254
OS 25.9538089 28.65120254
OS 25.98000646 28.65173086
OS 26.02912498 28.65595488
OS 26.05204086 28.65965058
OS 26.07386454 28.66440292
OS 26.09459348 28.6702119
OS 26.11422768 28.67707752
OS 26.13276714 28.68499724
OS 26.15021186 28.6939736
OS 26.16656438 28.7040066
OS 26.16656438 28.44599848
OE
SE
S P 0
OB 26.52479836 19.33841446 I
OS 26.50549436 19.33806648
OS 26.48822236 19.33321508
OS 26.47298236 19.32385518
OS 26.45977436 19.30998932
OS 26.44859836 19.2916175
OS 26.43945436 19.26873972
OS 26.43234236 19.24135598
OS 26.42726236 19.20946628
OS 26.42421436 19.17306808
OS 26.42319836 19.13216646
OS 26.2200009 19.13216646
OS 26.21901284 19.16666982
OS 26.2160512 19.19893036
OS 26.21111598 19.22894808
OS 26.2042021 19.25672044
OS 26.19531718 19.28225252
OS 26.18445614 19.30554178
OS 26.17162152 19.32658568
OS 26.15681078 19.3453893
OS 26.14002646 19.36194756
OS 26.12126602 19.37626554
OS 26.52479836 19.33841446
OE
SE
S P 0
OB 26.57471698 13.90029732 I
OS 26.72690108 13.90029732
OS 26.69794508 13.89721884
OS 26.67203708 13.8879834
OS 26.64917708 13.872591
OS 26.62936508 13.85104164
OS 26.61260108 13.82333532
OS 26.59888508 13.78947204
OS 26.58849648 13.75050082
OS 26.59888508 13.7115296
OS 26.61260108 13.67766632
OS 26.62936508 13.64996
OS 26.64917708 13.62841064
OS 26.67203708 13.61301824
OS 26.69794508 13.6037828
OS 26.72690108 13.60070432
OS 26.57471698 13.60070432
OS 26.57450108 13.59244932
OS 26.26970108 13.59244932
OS 26.26948518 13.60070432
OS 26.11730108 13.60070432
OS 26.14625708 13.6037828
OS 26.17216508 13.61301824
OS 26.19502508 13.62841064
OS 26.21483708 13.64996
OS 26.23160108 13.67766632
OS 26.24531708 13.7115296
OS 26.25570568 13.75050082
OS 26.24531708 13.78947204
OS 26.23160108 13.82333532
OS 26.21483708 13.85104164
OS 26.19502508 13.872591
OS 26.17216508 13.8879834
OS 26.14625708 13.89721884
OS 26.11730108 13.90029732
OS 26.26948518 13.90029732
OS 26.26970108 13.90855232
OS 26.57450108 13.90855232
OS 26.57471698 13.90029732
OE
SE
S P 0
OB 26.58242588 15.07746032 I
OS 26.58699788 15.02512616
OS 26.59461788 14.97894896
OS 26.60528588 14.93892872
OS 26.61900188 14.90506544
OS 26.63576588 14.87735912
OS 26.65557788 14.85580976
OS 26.67843788 14.84041736
OS 26.70434588 14.83118192
OS 26.73330188 14.82810344
OS 26.12370188 14.82810344
OS 26.15265788 14.83118192
OS 26.17856588 14.84041736
OS 26.20142588 14.85580976
OS 26.22123788 14.87735912
OS 26.23800188 14.90506544
OS 26.25171788 14.93892872
OS 26.26238588 14.97894896
OS 26.27000588 15.02512616
OS 26.27457788 15.07746032
OS 26.27610188 15.13595144
OS 26.58090188 15.13595144
OS 26.58242588 15.07746032
OE
SE
S P 0
OB 26.6272391 15.37360146 I
OS 26.61751344 15.35816588
OS 26.60893332 15.34055352
OS 26.6014962 15.32076692
OS 26.59520462 15.29880608
OS 26.59005604 15.274671
OS 26.58605046 15.24836168
OS 26.58147338 15.18921524
OS 26.58090188 15.15638066
OS 26.27610188 15.14192298
OS 26.27545926 15.17467628
OS 26.27031068 15.23351284
OS 26.26580472 15.2595961
OS 26.26001352 15.28345178
OS 26.25293454 15.30508242
OS 26.24456778 15.32449056
OS 26.23491578 15.34167112
OS 26.223976 15.35662918
OS 26.21174844 15.3693622
OS 26.63810776 15.3868628
OS 26.6272391 15.37360146
OE
SE
S P 0
OB 26.68517904 24.78682622 I
OS 26.68863598 24.78467992
OS 26.69386076 24.78278762
OS 26.70085592 24.78114678
OS 26.70962146 24.7797574
OS 26.73246368 24.7777381
OS 26.76238488 24.77672972
OS 26.77999978 24.77660272
OS 26.74382256 24.57340272
OS 26.6265152 24.5774718
OS 26.68349502 24.78922398
OS 26.68517904 24.78682622
OE
SE
S P 0
OB 26.8729841 33.38750244 I
OS 26.8752701 33.36107628
OS 26.8790801 33.33775908
OS 26.8844141 33.31755084
OS 26.8912721 33.30045156
OS 26.8996541 33.28646124
OS 26.9095601 33.27557988
OS 26.9209901 33.26780748
OS 26.9339441 33.26314404
OS 26.9484221 33.26158956
OS 26.6436221 33.26158956
OS 26.6581001 33.26314404
OS 26.6710541 33.26780748
OS 26.6824841 33.27557988
OS 26.6923901 33.28646124
OS 26.7007721 33.30045156
OS 26.7076301 33.31755084
OS 26.7129641 33.33775908
OS 26.7167741 33.36107628
OS 26.7190601 33.38750244
OS 26.7198221 33.41703756
OS 26.8722221 33.41703756
OS 26.8729841 33.38750244
OE
SE
S P 0
OB 26.9418435 34.61488886 I
OS 26.92861518 34.60254954
OS 26.91677878 34.58937456
OS 26.90633684 34.57536646
OS 26.89728682 34.56052524
OS 26.88962618 34.5448509
OS 26.88336254 34.52834344
OS 26.87848828 34.51100286
OS 26.87500594 34.49282916
OS 26.87291806 34.4738198
OS 26.8722221 34.45397732
OS 26.7198221 34.4650568
OS 26.71920488 34.4846783
OS 26.71735068 34.50369274
OS 26.7142595 34.52210012
OS 26.70993134 34.53990298
OS 26.70436874 34.55710132
OS 26.69756916 34.5736926
OS 26.6895326 34.58967936
OS 26.68025906 34.60505906
OS 26.66975108 34.61983424
OS 26.65800612 34.63400236
OS 26.9418435 34.61488886
OE
SE
S P 0
OB 27.01041334 32.34571382 I
OS 26.9950692 32.35580016
OS 26.9792704 32.36482478
OS 26.96301694 32.37278768
OS 26.94631136 32.37968886
OS 26.92915112 32.38552832
OS 26.91153368 32.39030606
OS 26.89346666 32.39402208
OS 26.87494244 32.39667638
OS 26.85596356 32.39826896
OS 26.83653256 32.39879982
OS 26.80589762 32.55119982
OS 26.82592044 32.5519415
OS 26.84488916 32.55416908
OS 26.86280124 32.55788256
OS 26.87965668 32.56307686
OS 26.89545548 32.5697596
OS 26.91020018 32.5779257
OS 26.92388824 32.5875777
OS 26.93651712 32.59871306
OS 26.94809444 32.61133432
OS 26.95861258 32.62543894
OS 27.01041334 32.34571382
OE
SE
S P 0
OB 27.03288726 30.99816 I
OS 27.02418776 31.0058816
OS 27.01402776 31.0127904
OS 27.00240472 31.0188864
OS 26.98932118 31.0241696
OS 26.97477206 31.02864
OS 26.95876244 31.0322976
OS 26.94129232 31.0351424
OS 26.92235916 31.0371744
OS 26.88010372 31.0388
OS 26.88010372 31.242
OS 26.90196296 31.2424064
OS 26.94129232 31.2456576
OS 26.95876244 31.2485024
OS 26.97477206 31.25216
OS 26.98932118 31.2566304
OS 27.00240472 31.2619136
OS 27.01402776 31.2680096
OS 27.02418776 31.2749184
OS 27.03288726 31.28264
OS 27.03288726 30.99816
OE
SE
S P 0
OB 27.04474906 25.82714418 I
OS 27.03675568 25.83593258
OS 27.0272256 25.84379642
OS 27.01616136 25.8507357
OS 27.00356042 25.85675042
OS 26.98942278 25.86183804
OS 26.97374844 25.8660011
OS 26.9565374 25.8692396
OS 26.93778966 25.87155354
OS 26.91750522 25.87294038
OS 26.89568662 25.87340266
OS 26.9223109 26.07660266
OS 26.94428698 26.0769354
OS 27.0014954 26.08191888
OS 27.01765742 26.08490846
OS 27.03236402 26.08856352
OS 27.04562028 26.09288406
OS 27.05742112 26.09786754
OS 27.06776908 26.1035165
OS 27.07666416 26.1098284
OS 27.04474906 25.82714418
OE
SE
S P 0
OB 27.08526714 29.10274088 I
OS 27.0694404 29.11149372
OS 27.05322758 29.11932454
OS 27.0366236 29.12623334
OS 27.019631 29.13222012
OS 27.00224978 29.13728742
OS 26.98447994 29.1414327
OS 26.96632402 29.1446585
OS 26.92884124 29.14834404
OS 26.90951692 29.14880378
OS 26.86467068 29.30120378
OS 26.88481796 29.30196578
OS 26.90374604 29.30425432
OS 26.92145746 29.30806686
OS 26.93795222 29.3134034
OS 26.95322778 29.32026648
OS 26.96728922 29.32865356
OS 26.98013146 29.33856464
OS 26.9917545 29.35000226
OS 27.00216088 29.36296388
OS 27.01135314 29.37745204
OS 27.08526714 29.10274088
OE
SE
S P 0
OB 27.23913018 37.53120256 I
OS 27.23964834 37.52205856
OS 27.2416016 37.22945056
OS 26.9368016 37.22945056
OS 26.9352776 37.28736256
OS 26.9307056 37.33917856
OS 26.9230856 37.38489856
OS 26.9124176 37.42452256
OS 26.8987016 37.45805056
OS 26.8819376 37.48548256
OS 26.8621256 37.50681856
OS 26.8392656 37.52205856
OS 26.8133576 37.53120256
OS 26.7844016 37.53425056
OS 27.23855106 37.53425056
OS 27.23913018 37.53120256
OE
SE
S P 0
OB 27.9220168 37.7556776 I
OS 27.91644404 37.76292168
OS 27.90833128 37.76940376
OS 27.89768106 37.7751213
OS 27.88449338 37.78007684
OS 27.86876824 37.78427292
OS 27.85050564 37.78770192
OS 27.82970558 37.79037146
OS 27.780488 37.793422
OS 27.75207302 37.793803
OS 27.86052848 38.098603
OS 28.01392416 38.09919482
OS 27.9220168 37.7556776
OE
SE
S P 0
OB 28.07312902 28.38748958 I
OS 28.08294358 28.37995848
OS 28.09425928 28.3733113
OS 28.10707612 28.36755312
OS 28.12139664 28.36267886
OS 28.13721576 28.35869106
OS 28.15453856 28.35558972
OS 28.1733625 28.35337484
OS 28.21551634 28.35160192
OS 28.1992705 28.14840192
OS 28.17735284 28.1480387
OS 28.13785838 28.14513548
OS 28.12027904 28.14259548
OS 28.10415004 28.1393265
OS 28.0894663 28.13533616
OS 28.07623036 28.13061684
OS 28.06444222 28.12517108
OS 28.05410188 28.11900142
OS 28.0452068 28.11210532
OS 28.06481814 28.39590714
OS 28.07312902 28.38748958
OE
SE
S P 0
OB 28.18481028 16.27520494 I
OS 28.20001472 16.26521258
OS 28.21576018 16.25639624
OS 28.23205174 16.24875846
OS 28.24888432 16.24229162
OS 28.26626046 16.23700334
OS 28.28417762 16.23288854
OS 28.30264088 16.2299523
OS 28.32164516 16.228187
OS 28.34119554 16.22760026
OS 28.3594683 16.07520026
OS 28.33955724 16.07448398
OS 28.32056058 16.07233768
OS 28.30247832 16.06875882
OS 28.285313 16.0637474
OS 28.26905954 16.05730596
OS 28.25372048 16.04943196
OS 28.23929582 16.04012794
OS 28.22578556 16.02939136
OS 28.2131897 16.01722222
OS 28.20151078 16.00362306
OS 28.1701494 16.28637078
OS 28.18481028 16.27520494
OE
SE
S P 0
OB 28.19081738 36.57298248 I
OS 28.20592784 36.56287074
OS 28.2215971 36.55394772
OS 28.23782008 36.54621596
OS 28.25460186 36.53967292
OS 28.2719399 36.5343186
OS 28.2898342 36.53015554
OS 28.30828476 36.5271812
OS 28.32729412 36.52539558
OS 28.3468572 36.52480122
OS 28.3634942 36.37240122
OS 28.34359838 36.37169002
OS 28.32459918 36.36955388
OS 28.3064966 36.36599788
OS 28.2892881 36.36101694
OS 28.27297622 36.35461106
OS 28.25756096 36.34678532
OS 28.24303978 36.33753464
OS 28.22941522 36.32686156
OS 28.21668728 36.31476354
OS 28.20485342 36.30124312
OS 28.17626318 36.58428294
OS 28.19081738 36.57298248
OE
SE
S P 0
OB 28.27419034 38.09908306 I
OS 28.29749992 38.09881636
OS 28.42587152 38.098603
OS 28.53432698 37.793803
OS 28.505912 37.793422
OS 28.43589436 37.78770192
OS 28.41763176 37.78427292
OS 28.40190662 37.78007684
OS 28.38871894 37.7751213
OS 28.37806872 37.76940376
OS 28.36995596 37.76292168
OS 28.3643832 37.7556776
OS 28.27247584 38.09919482
OS 28.27419034 38.09908306
OE
SE
S P 0
OB 28.30624768 40.79004796 I
OS 27.85839742 40.78699742
OS 27.85839742 41.29499742
OS 27.94391668 41.29693544
OS 28.02044942 41.30275204
OS 28.08800072 41.31244468
OS 28.1465655 41.32601336
OS 28.19614884 41.34346062
OS 28.23674566 41.36478392
OS 28.2683585 41.38998326
OS 28.2909899 41.41906118
OS 28.30463478 41.45201514
OS 28.30929568 41.48884768
OS 28.30624768 40.79004796
OE
SE
S P 0
OB 28.32870128 35.41660684 I
OS 28.31329618 35.40074962
OS 28.27620964 35.3569143
OS 28.26689292 35.34354882
OS 28.25909766 35.33080564
OS 28.2528264 35.31868476
OS 28.2480766 35.30718618
OS 28.24484826 35.29631244
OS 28.24314392 35.28605846
OS 28.1178127 35.49331484
OS 28.12818352 35.48999252
OS 28.13883628 35.48839232
OS 28.14977352 35.48851932
OS 28.1609927 35.49036844
OS 28.17249382 35.49394222
OS 28.18427942 35.49924066
OS 28.19634696 35.50626376
OS 28.20869898 35.51501152
OS 28.22133294 35.52548394
OS 28.23425138 35.53768102
OS 28.32870128 35.41660684
OE
SE
S P 0
OB 28.4306137 17.4277401 I
OS 28.44446178 17.41637868
OS 28.45904646 17.40635076
OS 28.47437282 17.39766142
OS 28.49043578 17.39031066
OS 28.50723788 17.3842934
OS 28.52477658 17.37961472
OS 28.54305696 17.37627462
OS 28.5620714 17.37426802
OS 28.58182752 17.3736
OS 28.5795212 17.2212
OS 28.55981334 17.22054722
OS 28.54079382 17.21859142
OS 28.52246772 17.21533006
OS 28.50482996 17.21076568
OS 28.48788308 17.20489828
OS 28.47162962 17.19772278
OS 28.4560645 17.1892468
OS 28.44119026 17.17946526
OS 28.4270069 17.16837816
OS 28.41351188 17.15598804
OS 28.41750222 17.4404401
OS 28.4306137 17.4277401
OE
SE
S P 0
OB 28.48068726 31.35976202 I
OS 28.47198776 31.36748362
OS 28.46182776 31.37439242
OS 28.45020472 31.38048842
OS 28.43712118 31.38577162
OS 28.42257206 31.39024202
OS 28.40656244 31.39389962
OS 28.38909232 31.39674442
OS 28.37015916 31.39877642
OS 28.32790372 31.40040202
OS 28.32790372 31.60360202
OS 28.34976296 31.60400842
OS 28.38909232 31.60725962
OS 28.40656244 31.61010442
OS 28.42257206 31.61376202
OS 28.43712118 31.61823242
OS 28.45020472 31.62351562
OS 28.46182776 31.62961162
OS 28.47198776 31.63652042
OS 28.48068726 31.64424202
OS 28.48068726 31.35976202
OE
SE
S P 0
OB 28.51822592 20.95719456 I
OS 28.50957214 20.96502538
OS 28.49945278 20.9720307
OS 28.4878653 20.97821052
OS 28.47481224 20.98356738
OS 28.4602936 20.98809874
OS 28.44430684 20.99180714
OS 28.4268545 20.99469258
OS 28.40793404 20.99675252
OS 28.36569638 20.99840098
OS 28.36800778 21.20160098
OS 28.3898721 21.2020023
OS 28.42922686 21.20520524
OS 28.4467173 21.20801194
OS 28.46274724 21.2116162
OS 28.47732176 21.2160231
OS 28.49043578 21.2212301
OS 28.50209184 21.22723974
OS 28.5122874 21.23404948
OS 28.52102754 21.24166186
OS 28.51822592 20.95719456
OE
SE
S P 0
OB 28.5808928 28.75719674 I
OS 28.57224156 28.76502502
OS 28.56211966 28.77203034
OS 28.55053472 28.77821016
OS 28.53748166 28.78356702
OS 28.52296048 28.78809838
OS 28.50697372 28.79180678
OS 28.48952138 28.79469222
OS 28.47060346 28.79675216
OS 28.4283658 28.79840062
OS 28.43067212 29.00160062
OS 28.45253898 29.00200194
OS 28.49189374 29.00520742
OS 28.50938164 29.00801158
OS 28.52541412 29.01161584
OS 28.5399861 29.01602274
OS 28.55310012 29.02122974
OS 28.56475618 29.02723938
OS 28.57495428 29.03405166
OS 28.58369188 29.0416615
OS 28.5808928 28.75719674
OE
SE
S P 0
OB 28.62437252 32.67781628 I
OS 28.61656456 32.68172788
OS 28.60714116 32.685228
OS 28.59610232 32.68831664
OS 28.5834455 32.69099126
OS 28.553283 32.6951086
OS 28.53577986 32.69655132
OS 28.4735651 32.69840298
OS 28.40818804 32.90160298
OS 28.43003458 32.90211098
OS 28.46863242 32.90618006
OS 28.48538372 32.90974114
OS 28.50043576 32.91431822
OS 28.51379108 32.91991384
OS 28.52544714 32.92652546
OS 28.53540648 32.93415562
OS 28.54366656 32.94280178
OS 28.55022992 32.95246648
OS 28.62437252 32.67781628
OE
SE
S P 0
OB 28.7050988 23.5571665 I
OS 28.69644756 23.56499986
OS 28.6863282 23.57201026
OS 28.6747458 23.57819516
OS 28.66169274 23.5835571
OS 28.6471741 23.588091
OS 28.63118988 23.59180448
OS 28.61373754 23.59468992
OS 28.59481962 23.5967524
OS 28.55258196 23.59840086
OS 28.55501782 23.80160086
OS 28.57688214 23.80200218
OS 28.61623944 23.80520258
OS 28.63372988 23.80800674
OS 28.64976236 23.81160846
OS 28.66433688 23.81601282
OS 28.6774509 23.82121474
OS 28.6891095 23.8272193
OS 28.6993076 23.83402396
OS 28.70805028 23.84163126
OS 28.7050988 23.5571665
OE
SE
S P 0
OB 28.88427548 9.56924426 I
OS 28.90585532 9.54396618
OS 28.92802444 9.52166244
OS 28.95078284 9.5023305
OS 28.97413052 9.48597544
OS 28.99807002 9.47259218
OS 29.0225988 9.46218326
OS 29.04771432 9.45474868
OS 29.07342166 9.4502859
OS 29.09972082 9.4488
OS 29.07306098 9.2964
OS 29.0493577 9.29520366
OS 29.0246816 9.29161464
OS 28.9990276 9.2856304
OS 28.97240078 9.27725602
OS 28.9447986 9.26648642
OS 28.91622106 9.25332414
OS 28.8866707 9.23776918
OS 28.82464136 9.19948122
OS 28.79216746 9.17674568
OS 28.86328746 9.59749668
OS 28.88427548 9.56924426
OE
SE
S P 0
OB 29.02912406 37.641403 I
OS 29.02604558 37.670359
OS 29.01681014 37.696267
OS 29.00141774 37.719127
OS 28.97986838 37.738939
OS 28.95216206 37.755703
OS 28.91829878 37.769419
OS 28.87827854 37.780087
OS 28.83210134 37.787707
OS 28.81267034 37.78940372
OS 28.79323934 37.787707
OS 28.74706214 37.780087
OS 28.7070419 37.769419
OS 28.67317862 37.755703
OS 28.6454723 37.738939
OS 28.62392294 37.719127
OS 28.60853054 37.696267
OS 28.5992951 37.670359
OS 28.59621662 37.641403
OS 28.59621662 38.251003
OS 28.5992951 38.222047
OS 28.60853054 38.196139
OS 28.62392294 38.173279
OS 28.6454723 38.153467
OS 28.67317862 38.136703
OS 28.7070419 38.122987
OS 28.74706214 38.112319
OS 28.79323934 38.104699
OS 28.81267034 38.10300228
OS 28.83210134 38.104699
OS 28.87827854 38.112319
OS 28.91829878 38.122987
OS 28.95216206 38.136703
OS 28.97986838 38.153467
OS 29.00141774 38.173279
OS 29.01681014 38.196139
OS 29.02604558 38.222047
OS 29.02912406 38.251003
OS 29.02912406 37.641403
OE
OB 27.6684105 37.641403 I
OS 27.66533202 37.670359
OS 27.65609658 37.696267
OS 27.64070418 37.719127
OS 27.61915482 37.738939
OS 27.5914485 37.755703
OS 27.55758522 37.769419
OS 27.51756498 37.780087
OS 27.47138778 37.787707
OS 27.45195678 37.78940372
OS 27.43252578 37.787707
OS 27.38634858 37.780087
OS 27.34632834 37.769419
OS 27.31246506 37.755703
OS 27.28475874 37.738939
OS 27.26320938 37.719127
OS 27.24781698 37.696267
OS 27.23858154 37.670359
OS 27.23550306 37.641403
OS 27.23550306 38.251003
OS 27.23858154 38.222047
OS 27.24781698 38.196139
OS 27.26320938 38.173279
OS 27.28475874 38.153467
OS 27.31246506 38.136703
OS 27.34632834 38.122987
OS 27.38634858 38.112319
OS 27.43252578 38.104699
OS 27.45195678 38.10300228
OS 27.47138778 38.104699
OS 27.51756498 38.112319
OS 27.55758522 38.122987
OS 27.5914485 38.136703
OS 27.61915482 38.153467
OS 27.64070418 38.173279
OS 27.65609658 38.196139
OS 27.66533202 38.222047
OS 27.6684105 38.251003
OS 27.6684105 37.641403
OE
OB 8.83249694 26.28939878 I
OS 8.82941846 26.31835478
OS 8.82018302 26.34426278
OS 8.80479062 26.36712278
OS 8.78324126 26.38693478
OS 8.75553494 26.40369878
OS 8.72167166 26.41741478
OS 8.68165142 26.42808278
OS 8.63547422 26.43570278
OS 8.6233 26.43676704
OS 8.61112578 26.43570278
OS 8.56494858 26.42808278
OS 8.52492834 26.41741478
OS 8.49106506 26.40369878
OS 8.46335874 26.38693478
OS 8.44180938 26.36712278
OS 8.42641698 26.34426278
OS 8.41718154 26.31835478
OS 8.41410306 26.28939878
OS 8.41410306 26.89899878
OS 8.41718154 26.87004278
OS 8.42641698 26.84413478
OS 8.44180938 26.82127478
OS 8.46335874 26.80146278
OS 8.49106506 26.78469878
OS 8.52492834 26.77098278
OS 8.56494858 26.76031478
OS 8.61112578 26.75269478
OS 8.6233 26.75163052
OS 8.63547422 26.75269478
OS 8.68165142 26.76031478
OS 8.72167166 26.77098278
OS 8.75553494 26.78469878
OS 8.78324126 26.80146278
OS 8.80479062 26.82127478
OS 8.82018302 26.84413478
OS 8.82941846 26.87004278
OS 8.83249694 26.89899878
OS 8.83249694 26.28939878
OE
OB 52.55775366 27.19364894 I
OS 52.53659546 27.19060094
OS 52.51766738 27.18145694
OS 52.50096434 27.16621694
OS 52.48648634 27.14488094
OS 52.47423846 27.11744894
OS 52.46421562 27.08392094
OS 52.4564229 27.04429694
OS 52.45085522 26.99857694
OS 52.44804852 26.9550515
OS 52.45249606 26.90412704
OS 52.46011606 26.85794984
OS 52.47078406 26.8179296
OS 52.48450006 26.78406632
OS 52.50126406 26.75636
OS 52.52107606 26.73481064
OS 52.54393606 26.71941824
OS 52.56984406 26.7101828
OS 52.59880006 26.70710432
OS 51.98920006 26.70710432
OS 52.01815606 26.7101828
OS 52.04406406 26.71941824
OS 52.06692406 26.73481064
OS 52.08673606 26.75636
OS 52.10350006 26.78406632
OS 52.11721606 26.8179296
OS 52.12788406 26.85794984
OS 52.13550406 26.90412704
OS 52.13966966 26.95182316
OS 52.13550406 26.9994126
OS 52.12788406 27.04550852
OS 52.11721606 27.0854805
OS 52.10350006 27.119326
OS 52.08673606 27.1470501
OS 52.06692406 27.16864772
OS 52.04406406 27.1841214
OS 52.01815606 27.19347114
OS 51.98920006 27.19669694
OS 52.55775366 27.19364894
OE
OB 52.56984406 25.7662172 I
OS 52.54393606 25.75698176
OS 52.52107606 25.74158936
OS 52.50126406 25.72004
OS 52.48450006 25.69233368
OS 52.47078406 25.6584704
OS 52.46011606 25.61845016
OS 52.45249606 25.57227296
OS 52.44854128 25.527
OS 52.45249606 25.48172704
OS 52.46011606 25.43554984
OS 52.47078406 25.3955296
OS 52.48450006 25.36166632
OS 52.50126406 25.33396
OS 52.52107606 25.31241064
OS 52.54393606 25.29701824
OS 52.56984406 25.2877828
OS 52.59880006 25.28470432
OS 51.98920006 25.28470432
OS 52.01815606 25.2877828
OS 52.04406406 25.29701824
OS 52.06692406 25.31241064
OS 52.08673606 25.33396
OS 52.10350006 25.36166632
OS 52.11721606 25.3955296
OS 52.12788406 25.43554984
OS 52.13550406 25.48172704
OS 52.13945884 25.527
OS 52.13550406 25.57227296
OS 52.12788406 25.61845016
OS 52.11721606 25.6584704
OS 52.10350006 25.69233368
OS 52.08673606 25.72004
OS 52.06692406 25.74158936
OS 52.04406406 25.75698176
OS 52.01815606 25.7662172
OS 51.98920006 25.76929568
OS 52.59880006 25.76929568
OS 52.56984406 25.7662172
OE
OB 9.69489552 24.58398182 I
OS 9.73975192 24.58280072
OS 9.73975192 24.32880072
OS 9.69489552 24.32761962
OS 9.69489552 24.20180072
OS 9.69232504 24.22593072
OS 9.6846136 24.24752072
OS 9.6717612 24.26657072
OS 9.65376784 24.28308072
OS 9.63063352 24.29705072
OS 9.60235824 24.30848072
OS 9.58969888 24.31184876
OS 9.57719192 24.30848072
OS 9.54925192 24.29705072
OS 9.52639192 24.28308072
OS 9.50861192 24.26657072
OS 9.49591192 24.24752072
OS 9.48829192 24.22593072
OS 9.48575192 24.20180072
OS 9.48575192 24.32755612
OS 9.43784752 24.32880072
OS 9.43784752 24.58280072
OS 9.48575192 24.58404532
OS 9.48575192 24.70980072
OS 9.48829192 24.68567072
OS 9.49591192 24.66408072
OS 9.50861192 24.64503072
OS 9.52639192 24.62852072
OS 9.54925192 24.61455072
OS 9.57719192 24.60312072
OS 9.58969888 24.59975268
OS 9.60235824 24.60312072
OS 9.63063352 24.61455072
OS 9.65376784 24.62852072
OS 9.6717612 24.64503072
OS 9.6846136 24.66408072
OS 9.69232504 24.68567072
OS 9.69489552 24.70980072
OS 9.69489552 24.58398182
OE
OB 7.03184522 20.06891846 I
OS 7.00593722 20.05968302
OS 6.98307722 20.04429062
OS 6.96326522 20.02274126
OS 6.94650122 19.99503494
OS 6.93278522 19.96117166
OS 6.92211722 19.92115142
OS 6.91449722 19.87497422
OS 6.9131561 19.859625
OS 6.91449722 19.84427578
OS 6.92211722 19.79809858
OS 6.93278522 19.75807834
OS 6.94650122 19.72421506
OS 6.96326522 19.69650874
OS 6.98307722 19.67495938
OS 7.00593722 19.65956698
OS 7.03184522 19.65033154
OS 7.06080122 19.64725306
OS 6.45120122 19.64725306
OS 6.48015722 19.65033154
OS 6.50606522 19.65956698
OS 6.52892522 19.67495938
OS 6.54873722 19.69650874
OS 6.56550122 19.72421506
OS 6.57921722 19.75807834
OS 6.58988522 19.79809858
OS 6.59750522 19.84427578
OS 6.59884634 19.859625
OS 6.59750522 19.87497422
OS 6.58988522 19.92115142
OS 6.57921722 19.96117166
OS 6.56550122 19.99503494
OS 6.54873722 20.02274126
OS 6.52892522 20.04429062
OS 6.50606522 20.05968302
OS 6.48015722 20.06891846
OS 6.45120122 20.07199694
OS 7.06080122 20.07199694
OS 7.03184522 20.06891846
OE
OB 7.03184522 18.71636846 I
OS 7.00593722 18.70713302
OS 6.98307722 18.69174062
OS 6.96326522 18.67019126
OS 6.94650122 18.64248494
OS 6.93278522 18.60862166
OS 6.92211722 18.56860142
OS 6.91449722 18.52242422
OS 6.9131561 18.507075
OS 6.91449722 18.49172578
OS 6.92211722 18.44554858
OS 6.93278522 18.40552834
OS 6.94650122 18.37166506
OS 6.96326522 18.34395874
OS 6.98307722 18.32240938
OS 7.00593722 18.30701698
OS 7.03184522 18.29778154
OS 7.06080122 18.29470306
OS 6.45120122 18.29470306
OS 6.48015722 18.29778154
OS 6.50606522 18.30701698
OS 6.52892522 18.32240938
OS 6.54873722 18.34395874
OS 6.56550122 18.37166506
OS 6.57921722 18.40552834
OS 6.58988522 18.44554858
OS 6.59750522 18.49172578
OS 6.59884634 18.507075
OS 6.59750522 18.52242422
OS 6.58988522 18.56860142
OS 6.57921722 18.60862166
OS 6.56550122 18.64248494
OS 6.54873722 18.67019126
OS 6.52892522 18.69174062
OS 6.50606522 18.70713302
OS 6.48015722 18.71636846
OS 6.45120122 18.71944694
OS 7.06080122 18.71944694
OS 7.03184522 18.71636846
OE
OB 65.62557106 13.10567356 I
OS 65.64843106 13.10041068
OS 65.65626442 13.09945564
OS 65.95404894 13.11155112
OS 65.95404894 13.08636956
OS 66.37995106 13.08060122
OS 66.37995106 12.31860122
OS 65.95404894 12.30130128
OS 65.95404894 12.28764624
OS 65.94642894 12.29352888
OS 65.92356894 12.29878922
OS 65.9157305 12.29974426
OS 65.61795106 12.28764878
OS 65.61795106 12.31283288
OS 65.19204894 12.31860122
OS 65.19204894 13.08060122
OS 65.61795106 13.09790116
OS 65.61795106 13.11155366
OS 65.62557106 13.10567356
OE
OB 64.1608572 6.25890036 I
OS 64.16654172 6.16984796
OS 64.25135232 6.16984796
OS 64.23407016 6.16301282
OS 64.21860918 6.14250994
OS 64.20496684 6.10833678
OS 64.19314314 6.06049588
OS 64.18313808 5.99898724
OS 64.18149978 5.98395044
OS 64.1828028 5.97713054
OS 64.1896608 5.95233252
OS 64.1974332 5.9338718
OS 64.20612 5.92174076
OS 64.17486022 5.92174076
OS 64.16130932 5.61625496
OS 64.1604 5.4864
OS 63.3984 5.4864
OS 63.39749068 5.61625496
OS 63.37560096 5.92174076
OS 63.35268 5.92174076
OS 63.3613668 5.9338718
OS 63.3691392 5.95233252
OS 63.3725301 5.96459056
OS 63.36565686 6.06049588
OS 63.35383316 6.10833678
OS 63.34019082 6.14250994
OS 63.32472984 6.16301282
OS 63.30744768 6.16984796
OS 63.3949456 6.16984796
OS 63.3984 6.328029
OS 64.1604 6.328029
OS 64.1608572 6.25890036
OE
SE
S P 0
OB 29.0384103 35.3314 I
OS 29.03685582 35.345878
OS 29.03219238 35.358832
OS 29.02441998 35.370262
OS 29.01353862 35.380168
OS 28.9995483 35.38855
OS 28.98244902 35.395408
OS 28.96224078 35.400742
OS 28.93892358 35.404552
OS 28.91249742 35.406838
OS 28.8829623 35.4076
OS 28.8829623 35.56
OS 28.91249742 35.560762
OS 28.93892358 35.563048
OS 28.96224078 35.566858
OS 28.98244902 35.572192
OS 28.9995483 35.57905
OS 29.01353862 35.587432
OS 29.02441998 35.597338
OS 29.03219238 35.608768
OS 29.03685582 35.621722
OS 29.0384103 35.6362
OS 29.0384103 35.3314
OE
SE
S P 0
OB 29.03841284 17.145 I
OS 29.03685836 17.159478
OS 29.03219492 17.172432
OS 29.02442252 17.183862
OS 29.01354116 17.193768
OS 28.99955084 17.20215
OS 28.98245156 17.209008
OS 28.96224332 17.214342
OS 28.93892612 17.218152
OS 28.91249996 17.220438
OS 28.88296484 17.2212
OS 28.88296484 17.3736
OS 28.91249996 17.374362
OS 28.93892612 17.376648
OS 28.96224332 17.380458
OS 28.98245156 17.385792
OS 28.99955084 17.39265
OS 29.01354116 17.401032
OS 29.02442252 17.410938
OS 29.03219492 17.422368
OS 29.03685836 17.435322
OS 29.03841284 17.4498
OS 29.03841284 17.145
OE
SE
S P 0
OB 29.2491668 43.071161 I
OS 29.25535424 43.053889
OS 29.26566664 43.038649
OS 29.280104 43.025441
OS 29.29866632 43.014265
OS 29.3213536 43.005121
OS 29.34816584 42.998009
OS 29.37910304 42.992929
OS 29.4141652 42.989881
OS 29.45335232 42.988865
OS 29.45335232 42.785665
OS 29.4141652 42.784649
OS 29.37910304 42.781601
OS 29.34816584 42.776521
OS 29.3213536 42.769409
OS 29.29866632 42.760265
OS 29.280104 42.749089
OS 29.26566664 42.735881
OS 29.25535424 42.720641
OS 29.2491668 42.703369
OS 29.24710432 42.684065
OS 29.24710432 43.090465
OS 29.2491668 43.071161
OE
SE
S P 0
OB 29.36341092 33.7566 I
OS 29.36033244 33.785556
OS 29.351097 33.811464
OS 29.3357046 33.834324
OS 29.31415524 33.854136
OS 29.28644892 33.8709
OS 29.25258564 33.884616
OS 29.2125654 33.895284
OS 29.1663882 33.902904
OS 29.11405404 33.907476
OS 29.05556292 33.909
OS 29.05556292 34.2138
OS 29.11405404 34.215324
OS 29.1663882 34.219896
OS 29.2125654 34.227516
OS 29.25258564 34.238184
OS 29.28644892 34.2519
OS 29.31415524 34.268664
OS 29.3357046 34.288476
OS 29.351097 34.311336
OS 29.36033244 34.337244
OS 29.36341092 34.3662
OS 29.36341092 33.7566
OE
SE
S P 0
OB 29.98855826 8.61295204 I
OS 29.937964 8.56059248
OS 29.85832738 8.46683092
OS 29.82928502 8.42543146
OS 29.80742832 8.38768452
OS 29.79275474 8.3535901
OS 29.78526682 8.3231482
OS 29.78496202 8.29635882
OS 29.79184034 8.2732245
OS 29.80590432 8.2537427
OS 29.44974298 8.60990404
OS 29.46922478 8.59584006
OS 29.4923591 8.58896174
OS 29.51914848 8.58926654
OS 29.54959038 8.59675446
OS 29.5836848 8.61142804
OS 29.62143174 8.63328474
OS 29.6628312 8.6623271
OS 29.70788572 8.69855258
OS 29.80895232 8.79255798
OS 29.98855826 8.61295204
OE
SE
S P 0
OB 3.54240846 29.50393642 I
OS 3.55053646 29.40640042
OS 3.55764846 29.36677642
OS 3.56679246 29.33324842
OS 3.57796846 29.30581642
OS 3.59117646 29.28448042
OS 3.60641646 29.26924042
OS 3.62368846 29.26009642
OS 3.64299246 29.25704842
OS 3.23659246 29.25704842
OS 3.25589646 29.26009642
OS 3.27316846 29.26924042
OS 3.28840846 29.28448042
OS 3.30161646 29.30581642
OS 3.31279246 29.33324842
OS 3.32193646 29.36677642
OS 3.32904846 29.40640042
OS 3.33412846 29.45212042
OS 3.33819246 29.56184842
OS 3.54139246 29.56184842
OS 3.54240846 29.50393642
OE
SE
S P 0
OB 3.62368846 30.13583254 I
OS 3.60641646 30.1296451
OS 3.59117646 30.1193327
OS 3.57796846 30.10489534
OS 3.56679246 30.08633302
OS 3.55764846 30.06364574
OS 3.55053646 30.0368335
OS 3.54545646 30.0058963
OS 3.54240846 29.97083414
OS 3.54139246 29.93164702
OS 3.33819246 29.93164702
OS 3.33717646 29.97083414
OS 3.33412846 30.0058963
OS 3.32904846 30.0368335
OS 3.32193646 30.06364574
OS 3.31279246 30.08633302
OS 3.30161646 30.10489534
OS 3.28840846 30.1193327
OS 3.27316846 30.1296451
OS 3.25589646 30.13583254
OS 3.23659246 30.13789502
OS 3.64299246 30.13789502
OS 3.62368846 30.13583254
OE
SE
S P 0
OB 30.06057234 42.684065 I
OS 30.05850986 42.703369
OS 30.05232242 42.720641
OS 30.04201002 42.735881
OS 30.02757266 42.749089
OS 30.00901034 42.760265
OS 29.98632306 42.769409
OS 29.95951082 42.776521
OS 29.92857362 42.781601
OS 29.89351146 42.784649
OS 29.85432434 42.785665
OS 29.85432434 42.988865
OS 29.89351146 42.989881
OS 29.92857362 42.992929
OS 29.95951082 42.998009
OS 29.98632306 43.005121
OS 30.00901034 43.014265
OS 30.02757266 43.025441
OS 30.04201002 43.038649
OS 30.05232242 43.053889
OS 30.05850986 43.071161
OS 30.06057234 43.090465
OS 30.06057234 42.684065
OE
SE
S P 0
OB 30.55498842 36.81826266 I
OS 30.55761986 36.80037852
OS 30.56160512 36.78293634
OS 30.56694166 36.76593358
OS 30.57363202 36.74937278
OS 30.58167366 36.73325648
OS 30.59106912 36.7175796
OS 30.6018184 36.70234468
OS 30.61391896 36.68755172
OS 30.62737334 36.67320072
OS 30.52454652 36.56049838
OS 30.51006344 36.57401626
OS 30.49516634 36.58601014
OS 30.47986284 36.59648002
OS 30.4641504 36.6054259
OS 30.44802648 36.61284524
OS 30.43149362 36.61874058
OS 30.41455182 36.62311192
OS 30.39720108 36.62595926
OS 30.37943886 36.6272826
OS 30.3612677 36.6270794
OS 30.5537108 36.8365913
OS 30.55498842 36.81826266
OE
SE
S P 0
OB 30.9193184 18.89618776 I
OS 30.9124096 18.88602776
OS 30.9063136 18.87440472
OS 30.9010304 18.86132118
OS 30.89656 18.84677206
OS 30.8929024 18.83076244
OS 30.8900576 18.81329232
OS 30.8880256 18.79435916
OS 30.8864 18.75210372
OS 30.6832 18.75210372
OS 30.6827936 18.77396296
OS 30.6795424 18.81329232
OS 30.6766976 18.83076244
OS 30.67304 18.84677206
OS 30.6685696 18.86132118
OS 30.6632864 18.87440472
OS 30.6571904 18.88602776
OS 30.6502816 18.89618776
OS 30.64256 18.90488726
OS 30.92704 18.90488726
OS 30.9193184 18.89618776
OE
SE
S P 0
OB 30.94280324 34.2450928 I
OS 30.93497242 34.23643902
OS 30.9279671 34.22631966
OS 30.92178728 34.21473218
OS 30.91643042 34.20167912
OS 30.91189906 34.18716048
OS 30.90819066 34.17117372
OS 30.90530522 34.15372138
OS 30.90324528 34.13480092
OS 30.90159682 34.09256326
OS 30.69839682 34.09487466
OS 30.6979955 34.11673898
OS 30.69479256 34.15609374
OS 30.69198586 34.17358418
OS 30.6883816 34.18961412
OS 30.6839747 34.20418864
OS 30.6787677 34.21730266
OS 30.67275806 34.22895872
OS 30.66594832 34.23915428
OS 30.65833594 34.24789442
OS 30.94280324 34.2450928
OE
SE
S P 0
OB 31.55169966 18.55689456 I
OS 31.55816904 18.45936364
OS 31.55991656 18.45460368
OS 31.56186728 18.45213734
OS 31.3387867 18.44994024
OS 31.34061296 18.45238118
OS 31.34224618 18.45712336
OS 31.3436889 18.46416678
OS 31.34493858 18.47351398
OS 31.34686136 18.49910956
OS 31.34839806 18.57792576
OS 31.55159806 18.58000094
OS 31.55169966 18.55689456
OE
SE
S P 0
OB 31.55211876 33.61403234 I
OS 31.55367578 33.59395618
OS 31.55627674 33.57569866
OS 31.55991402 33.55925978
OS 31.5645927 33.54464208
OS 31.5703077 33.53184048
OS 31.57706664 33.52086006
OS 31.5848619 33.51169828
OS 31.59369602 33.50435768
OS 31.60357154 33.49883572
OS 31.33710014 33.39922708
OS 31.33924644 33.40583362
OS 31.34116668 33.4159987
OS 31.34286086 33.42971978
OS 31.34658958 33.4922241
OS 31.34839806 33.62536074
OS 31.55159806 33.63592968
OS 31.55211876 33.61403234
OE
SE
S P 0
OB 31.75055118 37.641403 I
OS 31.7474727 37.670359
OS 31.73823726 37.696267
OS 31.72284486 37.719127
OS 31.7012955 37.738939
OS 31.67358918 37.755703
OS 31.6397259 37.769419
OS 31.59970566 37.780087
OS 31.55352846 37.787707
OS 31.53409746 37.78940372
OS 31.51466646 37.787707
OS 31.46848926 37.780087
OS 31.42846902 37.769419
OS 31.39460574 37.755703
OS 31.36689942 37.738939
OS 31.34535006 37.719127
OS 31.32995766 37.696267
OS 31.32072222 37.670359
OS 31.31764374 37.641403
OS 31.31764374 38.251003
OS 31.32072222 38.222047
OS 31.32995766 38.196139
OS 31.34535006 38.173279
OS 31.36689942 38.153467
OS 31.39460574 38.136703
OS 31.42846902 38.122987
OS 31.46848926 38.112319
OS 31.51466646 38.104699
OS 31.53409746 38.10300228
OS 31.55352846 38.104699
OS 31.59970566 38.112319
OS 31.6397259 38.122987
OS 31.67358918 38.136703
OS 31.7012955 38.153467
OS 31.72284486 38.173279
OS 31.73823726 38.196139
OS 31.7474727 38.222047
OS 31.75055118 38.251003
OS 31.75055118 37.641403
OE
SE
S P 0
OB 31.95951952 7.87656032 I
OS 31.99060912 7.87019508
OS 32.03591764 7.8645766
OS 32.16918636 7.85558754
OS 32.7511791 7.8462251
OS 32.7511791 7.0842251
OS 32.64121996 7.08262998
OS 32.45889368 7.06986902
OS 32.38652654 7.05870572
OS 32.32668668 7.04434964
OS 32.27937664 7.02680332
OS 32.24459642 7.0060693
OS 32.22234856 6.9821425
OS 32.21262798 6.955028
OS 32.21543722 6.92472326
OS 31.94264884 7.8836774
OS 31.95951952 7.87656032
OE
SE
S P 0
OB 32.02544522 13.89721884 I
OS 31.99953722 13.8879834
OS 31.97667722 13.872591
OS 31.95686522 13.85104164
OS 31.94010122 13.82333532
OS 31.92638522 13.78947204
OS 31.91571722 13.7494518
OS 31.90918942 13.70989892
OS 31.91571722 13.67034858
OS 31.92638522 13.63032834
OS 31.94010122 13.59646506
OS 31.95686522 13.56875874
OS 31.97667722 13.54720938
OS 31.99953722 13.53181698
OS 32.02544522 13.52258154
OS 32.05440122 13.51950306
OS 31.44480122 13.51950306
OS 31.47375722 13.52258154
OS 31.49966522 13.53181698
OS 31.52252522 13.54720938
OS 31.54233722 13.56875874
OS 31.55910122 13.59646506
OS 31.57281722 13.63032834
OS 31.58348522 13.67034858
OS 31.59001302 13.70989892
OS 31.58348522 13.7494518
OS 31.57281722 13.78947204
OS 31.55910122 13.82333532
OS 31.54233722 13.85104164
OS 31.52252522 13.872591
OS 31.49966522 13.8879834
OS 31.47375722 13.89721884
OS 31.44480122 13.90029732
OS 32.05440122 13.90029732
OS 32.02544522 13.89721884
OE
OB 32.02544522 12.58861846 I
OS 31.99953722 12.57938302
OS 31.97667722 12.56399062
OS 31.95686522 12.54244126
OS 31.94010122 12.51473494
OS 31.92638522 12.48087166
OS 31.91571722 12.44085142
OS 31.91027908 12.4079
OS 31.91571722 12.37494858
OS 31.92638522 12.33492834
OS 31.94010122 12.30106506
OS 31.95686522 12.27335874
OS 31.97667722 12.25180938
OS 31.99953722 12.23641698
OS 32.02544522 12.22718154
OS 32.05440122 12.22410306
OS 31.44480122 12.22410306
OS 31.47375722 12.22718154
OS 31.49966522 12.23641698
OS 31.52252522 12.25180938
OS 31.54233722 12.27335874
OS 31.55910122 12.30106506
OS 31.57281722 12.33492834
OS 31.58348522 12.37494858
OS 31.58892336 12.4079
OS 31.58348522 12.44085142
OS 31.57281722 12.48087166
OS 31.55910122 12.51473494
OS 31.54233722 12.54244126
OS 31.52252522 12.56399062
OS 31.49966522 12.57938302
OS 31.47375722 12.58861846
OS 31.44480122 12.59169694
OS 32.05440122 12.59169694
OS 32.02544522 12.58861846
OE
SE
S P 0
OB 32.04557726 37.77705424 I
OS 32.04021532 37.78023686
OS 32.03224988 37.7830842
OS 32.0216784 37.78559626
OS 32.00850596 37.78777304
OS 31.97434804 37.7911233
OS 31.92977358 37.79313244
OS 31.87478766 37.793803
OS 31.83402828 38.098603
OS 31.86252454 38.09892304
OS 31.9332229 38.1037338
OS 31.95185888 38.10661924
OS 31.96802852 38.1101473
OS 31.98173436 38.11431544
OS 31.9929764 38.1191262
OS 32.0017521 38.12457704
OS 32.00806146 38.1306705
OS 32.04557726 37.77705424
OE
SE
S P 0
OB 32.23240442 18.99811288 I
OS 32.22549562 18.98795288
OS 32.21939962 18.97632984
OS 32.21411642 18.9632463
OS 32.20964602 18.94869718
OS 32.20598842 18.93268756
OS 32.20314362 18.91521744
OS 32.20111162 18.89628428
OS 32.19948602 18.85402884
OS 31.99628602 18.85402884
OS 31.99587962 18.87588808
OS 31.99262842 18.91521744
OS 31.98978362 18.93268756
OS 31.98612602 18.94869718
OS 31.98165562 18.9632463
OS 31.97637242 18.97632984
OS 31.97027642 18.98795288
OS 31.96336762 18.99811288
OS 31.95564602 19.00681238
OS 32.24012602 19.00681238
OS 32.23240442 18.99811288
OE
SE
S P 0
OB 32.23251618 34.24442478 I
OS 32.22560738 34.23426478
OS 32.21951138 34.22264174
OS 32.21422818 34.2095582
OS 32.20975778 34.19500908
OS 32.20610018 34.17899946
OS 32.20325538 34.16152934
OS 32.20122338 34.14259618
OS 32.19959778 34.10034074
OS 31.99639778 34.10034074
OS 31.99599138 34.12219998
OS 31.99274018 34.16152934
OS 31.98989538 34.17899946
OS 31.98623778 34.19500908
OS 31.98176738 34.2095582
OS 31.97648418 34.22264174
OS 31.97038818 34.23426478
OS 31.96347938 34.24442478
OS 31.95575778 34.25312428
OS 32.24023778 34.25312428
OS 32.23251618 34.24442478
OE
SE
S P 0
OB 32.851598 33.91704926 I
OS 32.85199932 33.8951824
OS 32.8552048 33.85582764
OS 32.85800896 33.83833974
OS 32.86161322 33.82230726
OS 32.86602012 33.80773528
OS 32.87122712 33.79462126
OS 32.87723676 33.7829652
OS 32.88404904 33.7727671
OS 32.89165888 33.7640295
OS 32.60719412 33.76682858
OS 32.6150224 33.77547982
OS 32.62202772 33.78560172
OS 32.62820754 33.79718666
OS 32.6335644 33.81023972
OS 32.63809576 33.8247609
OS 32.64180416 33.84074766
OS 32.6446896 33.8582
OS 32.64674954 33.87711792
OS 32.648398 33.91935558
OS 32.851598 33.91704926
OE
SE
S P 0
OB 32.85400592 18.47779896 I
OS 32.85725712 18.4384696
OS 32.86010192 18.42099948
OS 32.86375952 18.40498986
OS 32.86822992 18.39044074
OS 32.87351312 18.3773572
OS 32.87960912 18.36573416
OS 32.88651792 18.35557416
OS 32.89423952 18.34687466
OS 32.60975952 18.34687466
OS 32.61748112 18.35557416
OS 32.62438992 18.36573416
OS 32.63048592 18.3773572
OS 32.63576912 18.39044074
OS 32.64023952 18.40498986
OS 32.64389712 18.42099948
OS 32.64674192 18.4384696
OS 32.64877392 18.45740276
OS 32.65039952 18.4996582
OS 32.85359952 18.4996582
OS 32.85400592 18.47779896
OE
SE
S P 0
OB 33.13640058 16.22940366 I
OS 33.13701526 16.20979232
OS 33.13885676 16.19078042
OS 33.14193016 16.17236288
OS 33.14623038 16.15454478
OS 33.15175742 16.13732104
OS 33.15851636 16.12069674
OS 33.16650212 16.10466934
OS 33.17571724 16.08923884
OS 33.18615918 16.07440524
OS 33.19783302 16.06016854
OS 32.9141074 16.08088986
OS 32.92738652 16.09314536
OS 32.93926864 16.10624414
OS 32.94975376 16.12018874
OS 32.95883934 16.13497408
OS 32.96652792 16.15060524
OS 32.97281696 16.16708222
OS 32.977709 16.18439994
OS 32.98120404 16.20256348
OS 32.98330208 16.2215703
OS 32.98400058 16.24142294
OS 33.13640058 16.22940366
OE
SE
S P 0
OB 33.1911579 16.44612916 I
OS 33.17966694 16.42528592
OS 33.16952472 16.40403628
OS 33.16073632 16.38238278
OS 33.15330174 16.36032034
OS 33.1472159 16.33785404
OS 33.14248388 16.3149788
OS 33.13910568 16.2916997
OS 33.13707622 16.2680142
OS 33.13640058 16.2439223
OS 32.98400058 16.26369874
OS 32.98361958 16.2920045
OS 32.97791982 16.36623346
OS 32.97449844 16.38740944
OS 32.9653773 16.42441978
OS 32.95967754 16.4402516
OS 32.95321578 16.45430034
OS 32.94599456 16.466566
OS 33.20400268 16.466566
OS 33.1911579 16.44612916
OE
SE
S P 0
OB 33.53251612 18.84536236 I
OS 33.52560732 18.83520236
OS 33.51951132 18.82357932
OS 33.51422812 18.81049578
OS 33.50975772 18.79594666
OS 33.50610012 18.77993704
OS 33.50325532 18.76246692
OS 33.50122332 18.74353376
OS 33.49959772 18.70127832
OS 33.29639772 18.70127832
OS 33.29599132 18.72313756
OS 33.29274012 18.76246692
OS 33.28989532 18.77993704
OS 33.28623772 18.79594666
OS 33.28176732 18.81049578
OS 33.27648412 18.82357932
OS 33.27038812 18.83520236
OS 33.26347932 18.84536236
OS 33.25575772 18.85406186
OS 33.54023772 18.85406186
OS 33.53251612 18.84536236
OE
SE
S P 0
OB 33.53451764 34.24558048 I
OS 33.52760884 34.23542048
OS 33.52151284 34.22379744
OS 33.51622964 34.2107139
OS 33.51175924 34.19616478
OS 33.50810164 34.18015516
OS 33.50525684 34.16268504
OS 33.50322484 34.14375188
OS 33.50159924 34.10149644
OS 33.29839924 34.10149644
OS 33.29799284 34.12335568
OS 33.29474164 34.16268504
OS 33.29189684 34.18015516
OS 33.28823924 34.19616478
OS 33.28376884 34.2107139
OS 33.27848564 34.22379744
OS 33.27238964 34.23542048
OS 33.26548084 34.24558048
OS 33.25775924 34.25427998
OS 33.54223924 34.25427998
OS 33.53451764 34.24558048
OE
SE
S P 0
OB 33.5401031 14.8235924 I
OS 33.54716176 14.81682838
OS 33.5589245 14.81086192
OS 33.57539132 14.80569048
OS 33.59656476 14.80131406
OS 33.62244482 14.79773266
OS 33.68831464 14.79296
OS 33.7730084 14.79136742
OS 33.7730084 14.48656742
OS 33.72783704 14.48573938
OS 33.65172086 14.47910998
OS 33.62077604 14.47331116
OS 33.59457594 14.46585372
OS 33.57311548 14.45673766
OS 33.55639974 14.44596806
OS 33.54442364 14.43353984
OS 33.53719226 14.419453
OS 33.53470306 14.40371008
OS 33.53775106 14.83115144
OS 33.5401031 14.8235924
OE
SE
S P 0
OB 33.8256118 36.32832206 I
OS 33.82589628 36.29893934
OS 33.83270856 36.20339978
OS 33.83583276 36.18501018
OS 33.83952338 36.16882022
OS 33.84378042 36.15482736
OS 33.84860642 36.1430316
OS 33.85400138 36.13343548
OS 33.59954672 36.1332653
OS 33.61354212 36.13555892
OS 33.62606686 36.14241946
OS 33.63711586 36.15384946
OS 33.64669166 36.16984384
OS 33.65479426 36.19040768
OS 33.6614262 36.21553844
OS 33.6665824 36.24523358
OS 33.6702654 36.27950072
OS 33.6732118 36.36173068
OS 33.8256118 36.32832206
OE
SE
S P 0
OB 33.87279992 36.44928702 I
OS 33.80329282 36.36790542
OS 33.69553078 36.47566746
OS 33.73300594 36.5157766
OS 33.87279992 36.44928702
OE
SE
S P 0
OB 34.18629434 33.27501092 I
OS 34.21640858 33.24951186
OS 34.23077736 33.23917914
OS 34.24468894 33.23045678
OS 34.25814078 33.22334732
OS 34.27113796 33.21784822
OS 34.2836754 33.21395948
OS 34.2957531 33.21168364
OS 34.30737614 33.21101816
OS 34.10668312 33.0093955
OS 34.10596938 33.02099314
OS 34.10364528 33.03305306
OS 34.09971844 33.04557526
OS 34.09418378 33.05855466
OS 34.08704384 33.07199634
OS 34.07829862 33.08589776
OS 34.06794558 33.10026146
OS 34.05598726 33.11508236
OS 34.02725224 33.146111
OS 34.17055142 33.2901798
OS 34.18629434 33.27501092
OE
SE
S P 0
OB 34.3799668 43.02212884 I
OS 34.38615424 43.00485684
OS 34.39646664 42.98961684
OS 34.410904 42.97640884
OS 34.42946632 42.96523284
OS 34.4521536 42.95608884
OS 34.47896584 42.94897684
OS 34.50990304 42.94389684
OS 34.5449652 42.94084884
OS 34.58415232 42.93983284
OS 34.58415232 42.73663284
OS 34.5449652 42.73561684
OS 34.50990304 42.73256884
OS 34.47896584 42.72748884
OS 34.4521536 42.72037684
OS 34.42946632 42.71123284
OS 34.410904 42.70005684
OS 34.39646664 42.68684884
OS 34.38615424 42.67160884
OS 34.3799668 42.65433684
OS 34.37790432 42.63503284
OS 34.37790432 43.04143284
OS 34.3799668 43.02212884
OE
SE
S P 0
OB 34.4719783 37.641403 I
OS 34.46889982 37.670359
OS 34.45966438 37.696267
OS 34.44427198 37.719127
OS 34.42272262 37.738939
OS 34.3950163 37.755703
OS 34.36115302 37.769419
OS 34.32113278 37.780087
OS 34.27495558 37.787707
OS 34.25552458 37.78940372
OS 34.23609358 37.787707
OS 34.18991638 37.780087
OS 34.14989614 37.769419
OS 34.11603286 37.755703
OS 34.08832654 37.738939
OS 34.06677718 37.719127
OS 34.05138478 37.696267
OS 34.04214934 37.670359
OS 34.03907086 37.641403
OS 34.03907086 38.251003
OS 34.04214934 38.222047
OS 34.05138478 38.196139
OS 34.06677718 38.173279
OS 34.08832654 38.153467
OS 34.11603286 38.136703
OS 34.14989614 38.122987
OS 34.18991638 38.112319
OS 34.23609358 38.104699
OS 34.25552458 38.10300228
OS 34.27495558 38.104699
OS 34.32113278 38.112319
OS 34.36115302 38.122987
OS 34.3950163 38.136703
OS 34.42272262 38.153467
OS 34.44427198 38.173279
OS 34.45966438 38.196139
OS 34.46889982 38.222047
OS 34.4719783 38.251003
OS 34.4719783 37.641403
OE
OB 26.34723204 6.4685291 I
OS 26.35161862 6.4578992
OS 26.36003364 6.44397492
OS 26.37248218 6.42675372
OS 26.40946712 6.3824231
OS 26.49517434 6.29120916
OS 26.49792516 6.2884304
OS 26.58081044 6.2096523
OS 26.67049022 6.13332022
OS 26.76008618 6.06596958
OS 26.84960086 6.00759784
OS 26.93903172 5.958205
OS 27.0283813 5.9177936
OS 27.11764706 5.88636364
OS 27.20683154 5.86391258
OS 27.2959322 5.85044296
OS 27.38495158 5.84595224
OS 26.49409738 4.94792762
OS 26.52955324 4.99720362
OS 26.54708432 5.055489
OS 26.54668808 5.12277614
OS 26.5283696 5.19907012
OS 26.49212634 5.28437094
OS 26.4379583 5.37867606
OS 26.36586548 5.48198802
OS 26.27584788 5.59430428
OS 26.0420358 5.84595224
OS 26.04747648 5.85139292
OS 25.78866572 6.1626496
OS 26.34687644 6.47586208
OS 26.34723204 6.4685291
OE
SE
S P 0
OB 34.47700496 35.4166424 I
OS 34.48025616 35.37731304
OS 34.48310096 35.35984292
OS 34.48675856 35.3438333
OS 34.49122896 35.32928418
OS 34.49651216 35.31620064
OS 34.50260816 35.3045776
OS 34.50951696 35.2944176
OS 34.51723856 35.2857181
OS 34.23275856 35.2857181
OS 34.24048016 35.2944176
OS 34.24738896 35.3045776
OS 34.25348496 35.31620064
OS 34.25876816 35.32928418
OS 34.26323856 35.3438333
OS 34.26689616 35.35984292
OS 34.26974096 35.37731304
OS 34.27177296 35.3962462
OS 34.27339856 35.43850164
OS 34.47659856 35.43850164
OS 34.47700496 35.4166424
OE
SE
S P 0
OB 35.116897 42.63503284 I
OS 35.11483452 42.65433684
OS 35.10864708 42.67160884
OS 35.09833468 42.68684884
OS 35.08389732 42.70005684
OS 35.065335 42.71123284
OS 35.04264772 42.72037684
OS 35.01583548 42.72748884
OS 34.98489828 42.73256884
OS 34.94983612 42.73561684
OS 34.910649 42.73663284
OS 34.910649 42.93983284
OS 34.94983612 42.94084884
OS 34.98489828 42.94389684
OS 35.01583548 42.94897684
OS 35.04264772 42.95608884
OS 35.065335 42.96523284
OS 35.08389732 42.97640884
OS 35.09833468 42.98961684
OS 35.10864708 43.00485684
OS 35.11483452 43.02212884
OS 35.116897 43.04143284
OS 35.116897 42.63503284
OE
SE
S P 0
OB 35.13983828 36.50160086 I
OS 35.12923124 36.48691712
OS 35.11987388 36.47161616
OS 35.11176112 36.45569544
OS 35.10489804 36.43915496
OS 35.0992821 36.42199726
OS 35.09491584 36.4042198
OS 35.09179672 36.38582258
OS 35.08992474 36.3668056
OS 35.0894015 36.3503337
OS 35.0899476 36.32963778
OS 35.09188816 36.30567288
OS 35.09512412 36.282249
OS 35.09965294 36.25936614
OS 35.10547462 36.2370243
OS 35.1125917 36.21522602
OS 35.12100418 36.19396622
OS 35.13070952 36.17324744
OS 35.14170772 36.15307222
OS 35.15400132 36.13343548
OS 34.8959932 36.13343548
OS 34.9037656 36.14650378
OS 34.91072012 36.161218
OS 34.91685676 36.17758068
OS 34.92217298 36.19558928
OS 34.92667386 36.21524634
OS 34.93035432 36.23654932
OS 34.93526414 36.28410066
OS 34.93649096 36.31034902
OS 34.93689228 36.3377353
OS 34.93620902 36.35734918
OS 34.9341313 36.37635854
OS 34.93067182 36.39455256
OS 34.92582804 36.41192616
OS 34.91959996 36.42848442
OS 34.91198758 36.4442248
OS 34.90299344 36.45914476
OS 34.89261246 36.47324938
OS 34.88084972 36.48653612
OS 34.86770268 36.49900498
OS 35.151695 36.51566484
OS 35.13983828 36.50160086
OE
SE
S P 0
OB 35.459416 11.80696394 I
OS 35.462464 11.77190178
OS 35.467544 11.74096458
OS 35.474656 11.71415234
OS 35.4838 11.69146506
OS 35.494976 11.67290274
OS 35.508184 11.65846538
OS 35.523424 11.64815298
OS 35.540696 11.64196554
OS 35.56 11.63990306
OS 35.1536 11.63990306
OS 35.172904 11.64196554
OS 35.190176 11.64815298
OS 35.205416 11.65846538
OS 35.218624 11.67290274
OS 35.2298 11.69146506
OS 35.238944 11.71415234
OS 35.246056 11.74096458
OS 35.251136 11.77190178
OS 35.254184 11.80696394
OS 35.2552 11.84615106
OS 35.4584 11.84615106
OS 35.459416 11.80696394
OE
SE
S P 0
OB 35.540696 12.54101124 I
OS 35.523424 12.53491524
OS 35.508184 12.52475524
OS 35.494976 12.51053124
OS 35.4838 12.49224324
OS 35.474656 12.46989124
OS 35.467544 12.44347524
OS 35.462464 12.41299524
OS 35.459416 12.37845124
OS 35.4584 12.33984324
OS 35.2552 12.33984324
OS 35.254184 12.37845124
OS 35.251136 12.41299524
OS 35.246056 12.44347524
OS 35.238944 12.46989124
OS 35.2298 12.49224324
OS 35.218624 12.51053124
OS 35.205416 12.52475524
OS 35.190176 12.53491524
OS 35.172904 12.54101124
OS 35.1536 12.54304324
OS 35.56 12.54304324
OS 35.540696 12.54101124
OE
SE
S P 0
OB 35.7770049 35.35705908 I
OS 35.7802561 35.31772972
OS 35.7831009 35.3002596
OS 35.7867585 35.28424998
OS 35.7912289 35.26970086
OS 35.7965121 35.25661732
OS 35.8026081 35.24499428
OS 35.8095169 35.23483428
OS 35.8172385 35.22613478
OS 35.5327585 35.22613478
OS 35.5404801 35.23483428
OS 35.5473889 35.24499428
OS 35.5534849 35.25661732
OS 35.5587681 35.26970086
OS 35.5632385 35.28424998
OS 35.5668961 35.3002596
OS 35.5697409 35.31772972
OS 35.5717729 35.33666288
OS 35.5733985 35.37891832
OS 35.7765985 35.37891832
OS 35.7770049 35.35705908
OE
SE
S P 0
OB 36.4487968 16.45674128 I
OS 36.44413844 16.44367298
OS 36.44002872 16.42736364
OS 36.4364651 16.40780818
OS 36.43098378 16.35896398
OS 36.42769702 16.297148
OS 36.42659974 16.22235516
OS 36.22339974 16.22235516
OS 36.22312542 16.26137464
OS 36.21353438 16.40780818
OS 36.20997076 16.42736364
OS 36.20586104 16.44367298
OS 36.20120268 16.45674128
OS 36.19599568 16.466566
OS 36.4540038 16.466566
OS 36.4487968 16.45674128
OE
SE
S P 0
OB 36.907216 11.80696394 I
OS 36.910264 11.77190178
OS 36.915344 11.74096458
OS 36.922456 11.71415234
OS 36.9316 11.69146506
OS 36.942776 11.67290274
OS 36.955984 11.65846538
OS 36.971224 11.64815298
OS 36.988496 11.64196554
OS 37.0078 11.63990306
OS 36.6014 11.63990306
OS 36.620704 11.64196554
OS 36.637976 11.64815298
OS 36.653216 11.65846538
OS 36.666424 11.67290274
OS 36.6776 11.69146506
OS 36.686744 11.71415234
OS 36.693856 11.74096458
OS 36.698936 11.77190178
OS 36.701984 11.80696394
OS 36.703 11.84615106
OS 36.9062 11.84615106
OS 36.907216 11.80696394
OE
SE
S P 0
OB 36.988496 12.54101124 I
OS 36.971224 12.53491524
OS 36.955984 12.52475524
OS 36.942776 12.51053124
OS 36.9316 12.49224324
OS 36.922456 12.46989124
OS 36.915344 12.44347524
OS 36.910264 12.41299524
OS 36.907216 12.37845124
OS 36.9062 12.33984324
OS 36.703 12.33984324
OS 36.701984 12.37845124
OS 36.698936 12.41299524
OS 36.693856 12.44347524
OS 36.686744 12.46989124
OS 36.6776 12.49224324
OS 36.666424 12.51053124
OS 36.653216 12.52475524
OS 36.637976 12.53491524
OS 36.620704 12.54101124
OS 36.6014 12.54304324
OS 37.0078 12.54304324
OS 36.988496 12.54101124
OE
SE
S P 0
OB 37.10158696 16.46091958 I
OS 37.09942796 16.45159016
OS 37.09752042 16.43857774
OS 37.09446988 16.40150136
OS 37.09141934 16.28314244
OS 37.09129234 16.24434394
OS 36.88809234 16.21016316
OS 36.8876707 16.24753926
OS 36.88135626 16.34402116
OS 36.87756912 16.37096548
OS 36.867465 16.41702838
OS 36.86115056 16.4361495
OS 36.85399284 16.45266204
OS 36.84599438 16.466566
OS 37.1040025 16.466566
OS 37.10158696 16.46091958
OE
SE
S P 0
OB 37.6658759 12.96809446 I
OS 37.67206334 12.95082246
OS 37.68237574 12.93558246
OS 37.6968131 12.92237446
OS 37.71537542 12.91119846
OS 37.7380627 12.90205446
OS 37.76487494 12.89494246
OS 37.79581214 12.88986246
OS 37.8308743 12.88681446
OS 37.87006142 12.88579846
OS 37.87006142 12.68259846
OS 37.8308743 12.68158246
OS 37.79581214 12.67853446
OS 37.76487494 12.67345446
OS 37.7380627 12.66634246
OS 37.71537542 12.65719846
OS 37.6968131 12.64602246
OS 37.68237574 12.63281446
OS 37.67206334 12.61757446
OS 37.6658759 12.60030246
OS 37.66381342 12.58099846
OS 37.66381342 12.98739846
OS 37.6658759 12.96809446
OE
SE
S P 0
OB 37.70172546 36.3199934 I
OS 37.70594948 36.27087488
OS 37.70964518 36.247959
OS 37.71439752 36.22613532
OS 37.7202065 36.20540638
OS 37.72707212 36.18577218
OS 37.73499184 36.16723272
OS 37.7439682 36.149788
OS 37.7540012 36.13343548
OS 37.49599308 36.13343548
OS 37.50602608 36.149788
OS 37.51500244 36.16723272
OS 37.52292216 36.18577218
OS 37.52978778 36.20540638
OS 37.53559676 36.22613532
OS 37.5403491 36.247959
OS 37.5440448 36.27087488
OS 37.54826882 36.3199934
OS 37.54879714 36.34619096
OS 37.70119714 36.34619096
OS 37.70172546 36.3199934
OE
SE
S P 0
OB 37.77635828 37.07417528 I
OS 37.7620784 37.06418546
OS 37.74929966 37.0530755
OS 37.73802714 37.0408454
OS 37.72825576 37.02749262
OS 37.71998806 37.01302224
OS 37.71322404 36.99742918
OS 37.70796116 36.98071598
OS 37.7042045 36.96288264
OS 37.70194898 36.9439317
OS 37.70119714 36.92385808
OS 37.54879714 36.96009626
OS 37.54829422 36.97948154
OS 37.54678292 36.99844264
OS 37.54426578 37.0169821
OS 37.54074026 37.03509738
OS 37.53620636 37.05278848
OS 37.53066662 37.07005794
OS 37.5241185 37.08690322
OS 37.51656454 37.10332686
OS 37.50800474 37.11932632
OS 37.49843402 37.1349016
OS 37.77635828 37.07417528
OE
SE
S P 0
OB 38.05159776 33.92884502 I
OS 38.0518035 33.90649302
OS 38.05676412 33.83323434
OS 38.05903488 33.818957
OS 38.064821 33.7952461
OS 38.06833382 33.78581254
OS 38.07225812 33.77799188
OS 37.7975495 33.85191096
OS 37.80721166 33.85848194
OS 37.81585528 33.86674964
OS 37.8234829 33.8767166
OS 37.83009198 33.88837774
OS 37.83568506 33.90173814
OS 37.84026214 33.91679526
OS 37.84382068 33.9335491
OS 37.84636322 33.95199966
OS 37.84788976 33.97214948
OS 37.84839776 33.99399602
OS 38.05159776 33.92884502
OE
SE
S P 0
OB 38.05200416 18.41705994 I
OS 38.05525536 18.37773058
OS 38.05810016 18.36026046
OS 38.06175776 18.34425084
OS 38.06622816 18.32970172
OS 38.07151136 18.31661818
OS 38.07760736 18.30499514
OS 38.08451616 18.29483514
OS 38.09223776 18.28613564
OS 37.80775776 18.28613564
OS 37.81547936 18.29483514
OS 37.82238816 18.30499514
OS 37.82848416 18.31661818
OS 37.83376736 18.32970172
OS 37.83823776 18.34425084
OS 37.84189536 18.36026046
OS 37.84474016 18.37773058
OS 37.84677216 18.39666374
OS 37.84839776 18.43891918
OS 38.05159776 18.43891918
OS 38.05200416 18.41705994
OE
SE
S P 0
OB 38.36190448 16.47843288 I
OS 38.37394408 16.25311202
OS 38.10676656 16.35081058
OS 38.11663446 16.35641382
OS 38.1254635 16.36382808
OS 38.13325622 16.37305082
OS 38.14000754 16.38408458
OS 38.14572 16.39692682
OS 38.1503936 16.41158008
OS 38.15403088 16.42804182
OS 38.15662676 16.44631204
OS 38.15818632 16.46639582
OS 38.15870448 16.48828554
OS 38.36190448 16.47843288
OE
SE
S P 0
OB 38.42644588 33.04100834 I
OS 38.599999 33.0064872
OS 38.77355212 33.04100834
OS 38.92067908 33.13931904
OS 38.92932016 33.13931904
OS 39.07644712 33.04100834
OS 39.25000024 33.0064872
OS 39.42355336 33.04100834
OS 39.48110976 33.07946902
OS 39.61564086 32.94493792
OS 39.80235372 32.8676
OS 40.00444628 32.8676
OS 40.19115914 32.94493792
OS 40.32296482 33.0767436
OS 40.37644706 33.04100834
OS 40.55000018 33.0064872
OS 40.7235533 33.04100834
OS 40.82580608 33.10933434
OS 40.9142946 33.02084582
OS 41.10100746 32.9435079
OS 41.30310002 32.9435079
OS 41.48981288 33.02084582
OS 41.57665548 33.10768842
OS 41.676447 33.04100834
OS 41.85000012 33.0064872
OS 42.02355324 33.04100834
OS 42.07105378 33.07274818
OS 42.17500074 33.1366622
OS 42.27894516 33.07274818
OS 42.3264457 33.04100834
OS 42.49999882 33.0064872
OS 42.63319642 33.03298194
OS 42.6529246 33.02210566
OS 42.72210404 32.95292622
OS 42.73298032 32.93319804
OS 42.70648558 32.80000044
OS 42.74100672 32.62644732
OS 42.83931742 32.47932036
OS 42.83931742 32.47068182
OS 42.74100672 32.32355486
OS 42.70648558 32.15000174
OS 42.74100672 31.97644862
OS 42.83931742 31.82932166
OS 42.83931742 31.82068058
OS 42.74100672 31.67355362
OS 42.70648558 31.5000005
OS 42.74100672 31.32644738
OS 42.77274656 31.27894684
OS 42.83666058 31.17499988
OS 42.77274656 31.07105546
OS 42.74100672 31.02355492
OS 42.70648558 30.8500018
OS 42.74100672 30.67644868
OS 42.83931742 30.52932172
OS 42.83931742 30.52068064
OS 42.74100672 30.37355368
OS 42.70648558 30.20000056
OS 42.74100672 30.02644744
OS 42.77274656 29.9789469
OS 42.83666058 29.87499994
OS 42.77274656 29.77105552
OS 42.74100672 29.72355498
OS 42.70648558 29.55000186
OS 42.74100672 29.37644874
OS 42.83931742 29.22932178
OS 42.83931742 29.2206807
OS 42.74100672 29.07355374
OS 42.70648558 28.90000062
OS 42.74100672 28.7264475
OS 42.83931742 28.57932054
OS 42.83931742 28.570682
OS 42.74100672 28.42355504
OS 42.70648558 28.25000192
OS 42.74100672 28.0764488
OS 42.83931742 27.92932184
OS 42.83931742 27.92068076
OS 42.74100672 27.7735538
OS 42.70648558 27.60000068
OS 42.74100672 27.42644756
OS 42.83931742 27.2793206
OS 42.83931742 27.27068206
OS 42.74100672 27.1235551
OS 42.70648558 26.95000198
OS 42.74100672 26.77644886
OS 42.83931742 26.6293219
OS 42.83931742 26.62068082
OS 42.74100672 26.47355386
OS 42.70648558 26.30000074
OS 42.74100672 26.12644762
OS 42.83931742 25.97932066
OS 42.83931742 25.97067958
OS 42.74100672 25.82355262
OS 42.70648558 25.6499995
OS 42.74100672 25.47644638
OS 42.7919261 25.4002413
OS 42.7857412 25.37985272
OS 42.6428408 25.23695232
OS 42.56550288 25.05023946
OS 42.56550288 24.8481469
OS 42.6428408 24.66143404
OS 42.75691474 24.5473601
OS 42.74100672 24.52355268
OS 42.70648558 24.34999956
OS 42.7228 24.26798042
OS 42.7228 24.20675372
OS 42.80013792 24.02004086
OS 42.82336622 23.99681256
OS 42.74100672 23.87355398
OS 42.70648558 23.70000086
OS 42.74100672 23.52644774
OS 42.83931742 23.37932078
OS 42.83931742 23.3706797
OS 42.74100672 23.22355274
OS 42.70648558 23.04999962
OS 42.74100672 22.8764465
OS 42.77274656 22.82894596
OS 42.83666058 22.724999
OS 42.77274656 22.62105458
OS 42.74100672 22.57355404
OS 42.70648558 22.40000092
OS 42.74100672 22.2264478
OS 42.83931742 22.07932084
OS 42.83931742 22.07067976
OS 42.74100672 21.9235528
OS 42.70648558 21.74999968
OS 42.74100672 21.57644656
OS 42.77274656 21.52894602
OS 42.83666058 21.42499906
OS 42.77274656 21.32105464
OS 42.74100672 21.2735541
OS 42.70648558 21.10000098
OS 42.74100672 20.92644786
OS 42.83931742 20.7793209
OS 42.83931742 20.77067982
OS 42.74100672 20.62355286
OS 42.70648558 20.44999974
OS 42.74100672 20.27644662
OS 42.77274656 20.22894608
OS 42.83666058 20.12499912
OS 42.77274656 20.0210547
OS 42.74100672 19.97355416
OS 42.7359953 19.94836498
OS 42.14000208 19.94836498
OS 41.98143242 19.91682326
OS 41.84700292 19.82700124
OS 41.57169486 19.55169318
OS 41.56380054 19.5398771
OS 41.43923894 19.51510194
OS 41.373552 19.55899314
OS 41.19999888 19.59351428
OS 41.1944185 19.5924043
OS 41.1875986 19.59376066
OS 41.00920932 19.55827686
OS 40.86691598 19.46319958
OS 40.7235533 19.55899314
OS 40.55000018 19.59351428
OS 40.37644706 19.55899314
OS 40.35716846 19.54611026
OS 40.24676228 19.65651644
OS 40.06004942 19.73385436
OS 39.85795686 19.73385436
OS 39.671244 19.65651644
OS 39.5283436 19.51361604
OS 39.50297916 19.50592238
OS 39.42355336 19.55899314
OS 39.25000024 19.59351428
OS 39.07644712 19.55899314
OS 39.02894404 19.5272533
OS 38.92499962 19.46333928
OS 38.8210552 19.5272533
OS 38.77355212 19.55899314
OS 38.599999 19.59351428
OS 38.42644588 19.55899314
OS 38.37894534 19.5272533
OS 38.27499838 19.46333928
OS 38.17105396 19.5272533
OS 38.12355342 19.55899314
OS 37.9500003 19.59351428
OS 37.77644718 19.55899314
OS 37.62932022 19.46068244
OS 37.62067914 19.46068244
OS 37.47355218 19.55899314
OS 37.29999906 19.59351428
OS 37.12644594 19.55899314
OS 36.97931644 19.46068244
OS 36.97471904 19.45380412
OS 36.93405618 19.42405818
OS 36.80373132 19.51113954
OS 36.65000036 19.5417186
OS 36.4962694 19.51113954
OS 36.41492844 19.45679116
OS 36.32499974 19.43429946
OS 36.23507104 19.45679116
OS 36.15373008 19.51113954
OS 35.99999912 19.5417186
OS 35.95352474 19.53247554
OS 35.86679136 19.74186806
OS 35.69530834 19.91335108
OS 35.47125494 20.0061576
OS 35.22874082 20.0061576
OS 35.00468742 19.91335108
OS 34.8332044 19.74186806
OS 34.76629318 19.58032914
OS 34.69999918 19.59351428
OS 34.5362276 19.56093878
OS 34.50181568 19.64401456
OS 34.35891274 19.7869175
OS 34.17219988 19.86425542
OS 33.97010732 19.86425542
OS 33.78339446 19.7869175
OS 33.64049152 19.64401456
OS 33.60983372 19.56999896
OS 33.57354982 19.55899314
OS 33.39999924 19.59351428
OS 33.22644612 19.55899314
OS 33.07931916 19.46068244
OS 33.07067808 19.46068244
OS 32.92355112 19.55899314
OS 32.749998 19.59351428
OS 32.57644488 19.55899314
OS 32.47621394 19.49201842
OS 32.38564516 19.5825872
OS 32.1989323 19.65992512
OS 31.99683974 19.65992512
OS 31.81012688 19.5825872
OS 31.72124974 19.49371006
OS 31.62355118 19.55899314
OS 31.44999806 19.59351428
OS 31.27644494 19.55899314
OS 31.2289444 19.5272533
OS 31.12499744 19.46333928
OS 31.02105302 19.5272533
OS 30.97355248 19.55899314
OS 30.79999936 19.59351428
OS 30.62644624 19.55899314
OS 30.52907534 19.49393104
OS 30.49704086 19.48066208
OS 30.47648972 19.46011094
OS 30.4706782 19.46068498
OS 30.32355124 19.55899314
OS 30.14999812 19.59351428
OS 29.976445 19.55899314
OS 29.92894446 19.5272533
OS 29.84380874 19.4749039
OS 29.72805078 19.5295139
OS 29.69442118 19.64044586
OS 29.7259629 19.79901298
OS 29.7259629 21.92840166
OS 29.69442118 22.08697132
OS 29.60459916 22.22140082
OS 29.26061712 22.56538286
OS 29.25899152 22.57355404
OS 29.22725168 22.62105458
OS 29.16333766 22.72500154
OS 29.22725168 22.82894596
OS 29.25899152 22.8764465
OS 29.29351266 23.04999962
OS 29.25899152 23.22355274
OS 29.19360938 23.32140116
OS 29.28234174 23.41013352
OS 29.35967966 23.59684638
OS 29.35967966 23.79893894
OS 29.28234174 23.9856518
OS 29.19192028 24.07607326
OS 29.25898898 24.17644898
OS 29.29351012 24.3500021
OS 29.25898898 24.52355522
OS 29.22724914 24.57105576
OS 29.16333512 24.67500272
OS 29.22725168 24.7789446
OS 29.25899152 24.82644768
OS 29.29351266 25.0000008
OS 29.25899152 25.17355392
OS 29.16067828 25.32068342
OS 29.16067828 25.32932196
OS 29.25898898 25.47644892
OS 29.29351012 25.65000204
OS 29.25898898 25.82355516
OS 29.22724914 25.8710557
OS 29.16333512 25.97500266
OS 29.22725168 26.07894454
OS 29.25899152 26.12644762
OS 29.29351266 26.30000074
OS 29.25899152 26.47355386
OS 29.16068082 26.62068082
OS 29.16068082 26.6293219
OS 29.25899152 26.77644886
OS 29.29351266 26.95000198
OS 29.25899152 27.1235551
OS 29.24033776 27.15147478
OS 29.38307814 27.29421516
OS 29.46041606 27.48092802
OS 29.46041606 27.68302058
OS 29.38307814 27.86973344
OS 29.24017774 28.01263384
OS 29.23273808 28.03715754
OS 29.25899152 28.0764488
OS 29.29351266 28.25000192
OS 29.25899152 28.42355504
OS 29.22725168 28.47105558
OS 29.16333766 28.57500254
OS 29.22725168 28.67894696
OS 29.25899152 28.7264475
OS 29.29351266 28.90000062
OS 29.25899152 29.07355374
OS 29.16068082 29.2206807
OS 29.16068082 29.22932178
OS 29.25899152 29.37644874
OS 29.29351266 29.55000186
OS 29.25899152 29.72355498
OS 29.22725168 29.77105552
OS 29.16333766 29.87500248
OS 29.22725168 29.9789469
OS 29.25899152 30.02644744
OS 29.29351266 30.20000056
OS 29.25899152 30.37355368
OS 29.16068082 30.52068064
OS 29.16068082 30.52932172
OS 29.25899152 30.67644868
OS 29.29351266 30.8500018
OS 29.25899152 31.02355492
OS 29.16067828 31.17068442
OS 29.16067828 31.17932296
OS 29.25898898 31.32644992
OS 29.29351012 31.50000304
OS 29.25898898 31.67355616
OS 29.22724914 31.7210567
OS 29.16333512 31.82500366
OS 29.22725168 31.92894554
OS 29.25899152 31.97644862
OS 29.29351266 32.15000174
OS 29.25899152 32.32355486
OS 29.16067828 32.47068436
OS 29.16067828 32.4793229
OS 29.25898898 32.62644986
OS 29.29351012 32.80000298
OS 29.26701538 32.93320058
OS 29.27789166 32.95292876
OS 29.3470711 33.0221082
OS 29.36679928 33.03298448
OS 29.49999688 33.00648974
OS 29.51080458 33.00863858
OS 29.57478464 32.8541761
OS 29.71768758 32.71127316
OS 29.90440044 32.63393524
OS 30.106493 32.63393524
OS 30.29320586 32.71127316
OS 30.4361088 32.8541761
OS 30.48842772 32.98048776
OS 30.62136116 33.03878076
OS 30.63942818 33.0384277
OS 30.79999682 33.00648974
OS 30.97354994 33.04101088
OS 30.99393344 33.05463036
OS 31.09048646 33.02534162
OS 31.23338686 32.88244122
OS 31.42009972 32.8051033
OS 31.62219228 32.8051033
OS 31.80890514 32.88244122
OS 31.95180808 33.02534416
OS 31.95587208 33.03515618
OS 32.0999993 33.0064872
OS 32.27355242 33.04100834
OS 32.32105296 33.07274818
OS 32.42499992 33.1366622
OS 32.52894434 33.07274818
OS 32.57644488 33.04100834
OS 32.749998 33.0064872
OS 32.92355112 33.04100834
OS 33.07067808 33.13931904
OS 33.07931916 33.13931904
OS 33.22644612 33.04100834
OS 33.39999924 33.0064872
OS 33.57354982 33.04100834
OS 33.74337422 33.0017374
OS 33.77169268 32.95935496
OS 33.80187804 32.9291696
OS 33.80187804 32.90678712
OS 33.87921596 32.72007426
OS 34.0221189 32.57717132
OS 34.20883176 32.4998334
OS 34.41092432 32.4998334
OS 34.52144734 32.54561436
OS 34.66018468 32.40687702
OS 34.84689754 32.3295391
OS 35.0489901 32.3295391
OS 35.23570296 32.40687702
OS 35.3786059 32.54977996
OS 35.45594382 32.73649282
OS 35.45594382 32.93858284
OS 35.52355354 33.04101088
OS 35.67067796 33.13931904
OS 35.67931904 33.13931904
OS 35.826446 33.04100834
OS 35.99999912 33.0064872
OS 36.17355224 33.04100834
OS 36.22105532 33.07274818
OS 36.3249972 33.13666474
OS 36.42894416 33.07275072
OS 36.4764447 33.04101088
OS 36.64999782 33.00648974
OS 36.82355094 33.04101088
OS 36.9706779 33.13932158
OS 36.97931644 33.13932158
OS 37.12644594 33.04100834
OS 37.29999906 33.0064872
OS 37.47355218 33.04100834
OS 37.52105526 33.07274818
OS 37.62499714 33.13666474
OS 37.7289441 33.07275072
OS 37.77644464 33.04101088
OS 37.94999776 33.00648974
OS 38.12355088 33.04101088
OS 38.27067784 33.13932158
OS 38.27931638 33.13932158
OS 38.42644588 33.04100834
OE
OB 30.70804628 21.2598 H
OS 30.50595372 21.2598
OS 30.31924086 21.18246208
OS 30.17633792 21.03955914
OS 30.099 20.85284628
OS 30.099 20.65075372
OS 30.17633792 20.46404086
OS 30.31924086 20.32113792
OS 30.50595372 20.2438
OS 30.70804628 20.2438
OS 30.89475914 20.32113792
OS 31.03766208 20.46404086
OS 31.115 20.65075372
OS 31.115 20.85284628
OS 31.03766208 21.03955914
OS 30.89475914 21.18246208
OS 30.70804628 21.2598
OE
SE
S P 0
OB 38.47904674 14.83115144 I
OS 38.48209474 14.60695326
OS 38.48074854 14.61152272
OS 38.47684202 14.61560958
OS 38.47037518 14.61921892
OS 38.46134548 14.62234566
OS 38.449758 14.6249898
OS 38.43560766 14.62715388
OS 38.39962348 14.63003932
OS 38.35339802 14.63100198
OS 38.35339802 14.83420198
OS 38.47904674 14.83115144
OE
SE
S P 0
OB 38.48209474 12.58099846 I
OS 38.48003226 12.60030246
OS 38.47384482 12.61757446
OS 38.46353242 12.63281446
OS 38.44909506 12.64602246
OS 38.43053274 12.65719846
OS 38.40784546 12.66634246
OS 38.38103322 12.67345446
OS 38.35009602 12.67853446
OS 38.31503386 12.68158246
OS 38.27584674 12.68259846
OS 38.27584674 12.88579846
OS 38.31503386 12.88681446
OS 38.35009602 12.88986246
OS 38.38103322 12.89494246
OS 38.40784546 12.90205446
OS 38.43053274 12.91119846
OS 38.44909506 12.92237446
OS 38.46353242 12.93558246
OS 38.47384482 12.95082246
OS 38.48003226 12.96809446
OS 38.48209474 12.98739846
OS 38.48209474 12.58099846
OE
SE
S P 0
OB 38.537896 37.80141538 I
OS 38.520624 37.79531938
OS 38.505384 37.78515938
OS 38.492176 37.77093538
OS 38.481 37.75264738
OS 38.471856 37.73029538
OS 38.464744 37.70387938
OS 38.459664 37.67339938
OS 38.456616 37.63885538
OS 38.45575748 37.60626972
OS 38.4560064 37.59293726
OS 38.4592576 37.5536079
OS 38.4621024 37.53613778
OS 38.46576 37.52012816
OS 38.4702304 37.50557904
OS 38.4755136 37.4924955
OS 38.4816096 37.48087246
OS 38.4885184 37.47071246
OS 38.49624 37.46201296
OS 38.21176 37.46201296
OS 38.2194816 37.47071246
OS 38.2263904 37.48087246
OS 38.2324864 37.4924955
OS 38.2377696 37.50557904
OS 38.24224 37.52012816
OS 38.2458976 37.53613778
OS 38.2487424 37.5536079
OS 38.2507744 37.57254106
OS 38.2521714 37.60888592
OS 38.251384 37.63885538
OS 38.248336 37.67339938
OS 38.243256 37.70387938
OS 38.236144 37.73029538
OS 38.227 37.75264738
OS 38.215824 37.77093538
OS 38.202616 37.78515938
OS 38.187376 37.79531938
OS 38.170104 37.80141538
OS 38.1508 37.80344738
OS 38.5572 37.80344738
OS 38.537896 37.80141538
OE
SE
S P 0
OB 38.8380732 41.86210068 I
OS 38.84310748 41.85192036
OS 38.85140566 41.84293892
OS 38.86296266 41.83515636
OS 38.8777861 41.8285676
OS 38.89586836 41.82318026
OS 38.91721452 41.81898926
OS 38.94182458 41.8159946
OS 38.969696 41.81419882
OS 39.00082878 41.81359938
OS 39.00082878 41.71199938
OS 39.07267014 41.78384074
OS 39.08673666 41.77026444
OS 39.11225858 41.74863126
OS 39.12371652 41.74057946
OS 39.13430578 41.73436662
OS 39.1440289 41.72999782
OS 39.1528808 41.72747052
OS 39.16086402 41.72678218
OS 39.16797856 41.72793788
OS 39.17422442 41.73093508
OS 39.04070678 41.5017077
OS 39.03993716 41.50755732
OS 39.0368536 41.51518494
OS 39.03145864 41.52458802
OS 39.02375482 41.53576656
OS 39.01373706 41.54872564
OS 38.98676988 41.57996764
OS 38.95675724 41.6112325
OS 38.83935082 41.61344738
OS 38.83630282 41.87347734
OS 38.8380732 41.86210068
OE
SE
S P 0
OB 38.97797132 35.74279872 I
OS 38.97495634 35.7383969
OS 38.97229442 35.73229328
OS 38.9699881 35.7244904
OS 38.96803484 35.71498826
OS 38.96643972 35.70378178
OS 38.96430866 35.67627104
OS 38.9636 35.64195564
OS 38.8112 35.64195564
OS 38.8110222 35.65996424
OS 38.80676516 35.71498826
OS 38.8048119 35.7244904
OS 38.80250558 35.73229328
OS 38.79984366 35.7383969
OS 38.79682868 35.74279872
OS 38.79345556 35.74549874
OS 38.98134444 35.74549874
OS 38.97797132 35.74279872
OE
SE
S P 0
OB 39.65119832 35.41235488 I
OS 39.65185364 35.39263686
OS 39.6538196 35.37361988
OS 39.6570962 35.35529886
OS 39.6616809 35.33768142
OS 39.66757878 35.32075994
OS 39.67478476 35.3045395
OS 39.68330392 35.28901756
OS 39.69313118 35.27419666
OS 39.70426908 35.26007172
OS 39.71671762 35.24665036
OS 39.43225032 35.2491675
OS 39.44489444 35.26234756
OS 39.4562076 35.27625914
OS 39.4661898 35.2908997
OS 39.47484104 35.30627178
OS 39.48216132 35.3223703
OS 39.48815064 35.33920034
OS 39.492809 35.35675682
OS 39.4961364 35.37504482
OS 39.49813284 35.3940618
OS 39.49879832 35.41380776
OS 39.65119832 35.41235488
OE
SE
S P 0
OB 39.76816278 6.92472326 I
OS 39.77097202 6.955028
OS 39.76125144 6.9821425
OS 39.73900358 7.00606676
OS 39.70422336 7.02680332
OS 39.65691332 7.0443471
OS 39.597076 7.05870318
OS 39.52470632 7.06986648
OS 39.43980936 7.07784208
OS 39.23242344 7.08422256
OS 39.23242344 7.84622256
OS 40.04095116 7.8836774
OS 39.76816278 6.92472326
OE
SE
S P 0
OB 4.94806478 27.44300328 I
OS 4.94022634 27.42641454
OS 4.936744 27.40834752
OS 4.93761268 27.38879714
OS 4.94283492 27.36777102
OS 4.95241072 27.34526154
OS 4.96634262 27.32127378
OS 4.98462554 27.2958052
OS 5.00726202 27.26885834
OS 5.01334786 27.26244738
OS 5.01973088 27.25638948
OS 5.04658122 27.23384952
OS 5.07198122 27.21563518
OS 5.09592834 27.20174646
OS 5.11842258 27.19218336
OS 5.13946394 27.18694588
OS 5.15905242 27.18603656
OS 5.17719056 27.18945032
OS 5.19387582 27.19719224
OS 5.2091082 27.20925978
OS 4.98271038 26.98717234
OS 4.98292882 26.99026606
OS 4.9801018 26.99605726
OS 4.97422424 27.00454848
OS 4.96529868 27.01573972
OS 4.92023654 27.06550848
OS 4.8777144 27.10895264
OS 4.86214166 27.12373798
OS 4.8351948 27.14637446
OS 4.80972622 27.16465738
OS 4.78573846 27.17858928
OS 4.76322898 27.18816508
OS 4.74220286 27.19338732
OS 4.72265248 27.194256
OS 4.70458546 27.19077366
OS 4.68799672 27.18293522
OS 4.6728888 27.17074322
OS 4.96025678 27.4581112
OS 4.94806478 27.44300328
OE
OB 5.68339224 26.70767582 I
OS 5.67565032 26.69099056
OS 5.67223656 26.67285242
OS 5.67314588 26.65326394
OS 5.67838336 26.63222258
OS 5.68794646 26.60972834
OS 5.70183518 26.58578122
OS 5.72004952 26.56038122
OS 5.74258948 26.53353088
OS 5.74847466 26.52733074
OS 5.7546494 26.5214735
OS 5.7812305 26.49920278
OS 5.80637396 26.4812399
OS 5.83008232 26.46758994
OS 5.85235304 26.45825036
OS 5.87318866 26.4532237
OS 5.8925841 26.45250488
OS 5.91054444 26.45609644
OS 5.92706968 26.46399838
OS 5.94215728 26.47621324
OS 5.65478676 26.18884272
OS 5.66700162 26.20393032
OS 5.67490356 26.22045556
OS 5.67849512 26.2384159
OS 5.6777763 26.25781134
OS 5.67274964 26.27864696
OS 5.66341006 26.30091768
OS 5.6497601 26.32462604
OS 5.63179722 26.3497695
OS 5.6095265 26.3763506
OS 5.59445414 26.3922383
OS 5.47646606 26.49672882
OS 5.47337234 26.49651038
OS 5.69545978 26.7229082
OS 5.68339224 26.70767582
OE
SE
S P 0
OB 40.05297806 19.04568962 I
OS 40.0432143 19.03946154
OS 40.03448178 19.0314961
OS 40.02677542 19.02179584
OS 40.02009522 19.01035568
OS 40.01444372 18.9971807
OS 40.00981838 18.98226836
OS 40.00622174 18.96561866
OS 40.0036538 18.9472316
OS 40.00211202 18.92710972
OS 40.00159894 18.90524794
OS 39.79839894 18.97944896
OS 39.79822368 19.00192796
OS 39.7920464 19.08900678
OS 39.78975278 19.1013588
OS 39.7871061 19.1120268
OS 39.78410636 19.1210057
OS 39.78075356 19.1282955
OS 40.05297806 19.04568962
OE
SE
S P 0
OB 40.6658064 18.48783704 I
OS 40.6690576 18.44850768
OS 40.6719024 18.43103756
OS 40.67556 18.41502794
OS 40.6800304 18.40047882
OS 40.6853136 18.38739528
OS 40.6914096 18.37577224
OS 40.6983184 18.36561224
OS 40.70604 18.35691274
OS 40.42156 18.35691274
OS 40.4292816 18.36561224
OS 40.4361904 18.37577224
OS 40.4422864 18.38739528
OS 40.4475696 18.40047882
OS 40.45204 18.41502794
OS 40.4556976 18.43103756
OS 40.4585424 18.44850768
OS 40.4605744 18.46744084
OS 40.4622 18.50969628
OS 40.6654 18.50969628
OS 40.6658064 18.48783704
OE
SE
S P 0
OB 40.68251706 34.21238776 I
OS 40.67560826 34.20222776
OS 40.66951226 34.19060472
OS 40.66422906 34.17752118
OS 40.65975866 34.16297206
OS 40.65610106 34.14696244
OS 40.65325626 34.12949232
OS 40.65122426 34.11055916
OS 40.64959866 34.06830372
OS 40.44639866 34.06830372
OS 40.44599226 34.09016296
OS 40.44274106 34.12949232
OS 40.43989626 34.14696244
OS 40.43623866 34.16297206
OS 40.43176826 34.17752118
OS 40.42648506 34.19060472
OS 40.42038906 34.20222776
OS 40.41348026 34.21238776
OS 40.40575866 34.22108726
OS 40.69023866 34.22108726
OS 40.68251706 34.21238776
OE
SE
S P 0
OB 41.30201036 33.7287235 I
OS 41.30530982 33.689417
OS 41.30819526 33.6719672
OS 41.31190366 33.65598044
OS 41.31643756 33.6414618
OS 41.32179696 33.62840874
OS 41.32797932 33.6168238
OS 41.33498718 33.60670444
OS 41.342818 33.5980532
OS 41.05835324 33.59517538
OS 41.06596308 33.60391552
OS 41.07277028 33.61411362
OS 41.07877738 33.62577222
OS 41.08398184 33.63888624
OS 41.08838874 33.65346076
OS 41.09199046 33.6694907
OS 41.09479462 33.68698114
OS 41.09679614 33.70592954
OS 41.09839888 33.74820276
OS 41.30159888 33.75057512
OS 41.30201036 33.7287235
OE
SE
S P 0
OB 41.64879656 16.45674128 I
OS 41.6441382 16.44367298
OS 41.64002848 16.42736364
OS 41.63646486 16.40780818
OS 41.63098354 16.35896398
OS 41.62769678 16.297148
OS 41.6265995 16.22235516
OS 41.4233995 16.22235516
OS 41.42312518 16.26137464
OS 41.41353414 16.40780818
OS 41.40997052 16.42736364
OS 41.4058608 16.44367298
OS 41.40120244 16.45674128
OS 41.39599544 16.466566
OS 41.65400356 16.466566
OS 41.64879656 16.45674128
OE
SE
S P 0
OB 41.69119678 6.5986914 I
OS 41.74180628 5.83421998
OS 41.75762032 5.76881752
OS 41.7755451 5.72112902
OS 41.79557554 5.69115702
OS 41.07670982 5.69115702
OS 41.09674026 5.72112902
OS 41.11466504 5.76881752
OS 41.13047908 5.83421998
OS 41.14418746 5.91734148
OS 41.16527454 6.13673144
OS 41.18108858 6.5986914
OS 41.18214268 6.7881119
OS 41.69014268 6.7881119
OS 41.69119678 6.5986914
OE
SE
S P 0
OB 42.10831558 19.35863032 I
OS 42.071925 19.32083512
OS 42.01529316 19.25295108
OS 41.99504682 19.22286224
OS 41.98018274 19.19534134
OS 41.97070092 19.17038838
OS 41.96660136 19.1480059
OS 41.96788152 19.12819136
OS 41.97454394 19.11094476
OS 41.98658608 19.0962661
OS 41.7965636 19.26900388
OS 41.78345466 19.26829014
OS 41.7767008 19.27262846
OS 41.7763071 19.28202138
OS 41.78227102 19.29646636
OS 41.79459002 19.3159634
OS 41.81326918 19.34051504
OS 41.86970036 19.4047745
OS 41.95156456 19.48924728
OS 42.10831558 19.35863032
OE
SE
S P 0
OB 42.18999182 14.64462908 I
OS 42.19303982 14.60956692
OS 42.19811982 14.57862972
OS 42.20523182 14.55181748
OS 42.21437582 14.5291302
OS 42.22555182 14.51056788
OS 42.23875982 14.49613052
OS 42.25399982 14.48581812
OS 42.27127182 14.47963068
OS 42.29057582 14.4775682
OS 41.88417582 14.4775682
OS 41.90347982 14.47963068
OS 41.92075182 14.48581812
OS 41.93599182 14.49613052
OS 41.94919982 14.51056788
OS 41.96037582 14.5291302
OS 41.96951982 14.55181748
OS 41.97663182 14.57862972
OS 41.98171182 14.60956692
OS 41.98475982 14.64462908
OS 41.98577582 14.6838162
OS 42.18897582 14.6838162
OS 42.18999182 14.64462908
OE
SE
S P 0
OB 42.27780724 8.74196372 I
OS 42.3715688 8.6623271
OS 42.41296826 8.63328474
OS 42.4507152 8.61142804
OS 42.48480962 8.59675446
OS 42.51525152 8.58926654
OS 42.5420409 8.58896174
OS 42.56517522 8.59584006
OS 42.58465702 8.60990404
OS 42.22849568 8.2537427
OS 42.24255966 8.2732245
OS 42.24943798 8.29635882
OS 42.24913318 8.3231482
OS 42.24164526 8.3535901
OS 42.22697168 8.38768452
OS 42.20511498 8.42543146
OS 42.17607262 8.46683092
OS 42.13984714 8.51188544
OS 42.04584174 8.61295204
OS 42.22544768 8.79255798
OS 42.27780724 8.74196372
OE
SE
S P 0
OB 42.48487566 12.8816862 I
OS 42.25728658 12.8786382
OS 42.26249866 12.88002504
OS 42.26716464 12.88403824
OS 42.27127944 12.89068034
OS 42.2748456 12.8999488
OS 42.27786312 12.91184362
OS 42.28033454 12.9263648
OS 42.28225478 12.94351488
OS 42.28444934 12.98569412
OS 42.28472366 13.01072328
OS 42.48792366 13.01072328
OS 42.48487566 12.8816862
OE
SE
S P 0
OB 42.63864726 18.76389694 I
OS 42.6448347 18.74662494
OS 42.6551471 18.73138494
OS 42.66958446 18.71817694
OS 42.68814678 18.70700094
OS 42.71083406 18.69785694
OS 42.7376463 18.69074494
OS 42.7685835 18.68566494
OS 42.80364566 18.68261694
OS 42.84283278 18.68160094
OS 42.84283278 18.47840094
OS 42.80364566 18.47738494
OS 42.7685835 18.47433694
OS 42.7376463 18.46925694
OS 42.71083406 18.46214494
OS 42.68814678 18.45300094
OS 42.66958446 18.44182494
OS 42.6551471 18.42861694
OS 42.6448347 18.41337694
OS 42.63864726 18.39610494
OS 42.63658478 18.37680094
OS 42.63658478 18.78320094
OS 42.63864726 18.76389694
OE
SE
S P 0
OB 42.96305352 17.1995465 I
OS 42.96745534 17.1712382
OS 42.97479086 17.14280544
OS 42.98506262 17.11425076
OS 42.99826808 17.0855767
OS 43.01440978 17.05677818
OS 43.03348518 17.02785774
OS 43.05549428 16.99881538
OS 43.08043962 16.96965364
OS 43.10831866 16.94036744
OS 43.10831866 16.65299946
OS 43.08043962 16.67941038
OS 43.05549428 16.6999539
OS 43.03348518 16.71462748
OS 43.01440978 16.72343112
OS 42.99826808 16.72636482
OS 42.98506262 16.72343112
OS 42.97479086 16.71462748
OS 42.96745534 16.6999539
OS 42.96305352 16.67941038
OS 42.9615854 16.65299946
OS 42.9615854 17.22773542
OS 42.96305352 17.1995465
OE
SE
S P 0
OB 42.96313988 35.83572208 I
OS 42.96780332 35.82276808
OS 42.97557572 35.81133808
OS 42.98645708 35.80143208
OS 43.0004474 35.79305008
OS 43.01754668 35.78619208
OS 43.03775492 35.78085808
OS 43.06107212 35.77704808
OS 43.08749828 35.77476208
OS 43.1170334 35.77400008
OS 43.1170334 35.62160008
OS 43.08749828 35.62083808
OS 43.06107212 35.61855208
OS 43.03775492 35.61474208
OS 43.01754668 35.60940808
OS 43.0004474 35.60255008
OS 42.98645708 35.59416808
OS 42.97557572 35.58426208
OS 42.96780332 35.57283208
OS 42.96313988 35.55987808
OS 42.9615854 35.54540008
OS 42.9615854 35.85020008
OS 42.96313988 35.83572208
OE
SE
S P 0
OB 43.03281716 41.61344738 I
OS 43.01701328 41.62494088
OS 42.99833412 41.6306889
OS 42.97677968 41.6306889
OS 42.95235504 41.62494088
OS 42.92505512 41.61344738
OS 42.89487992 41.59620586
OS 42.86183452 41.57321632
OS 42.8259113 41.54447876
OS 42.74544918 41.46976212
OS 42.60176392 41.61344738
OS 42.64199752 41.65511608
OS 42.70521812 41.72983272
OS 42.72820766 41.76287812
OS 42.74544918 41.79305332
OS 42.75694268 41.82035324
OS 42.7626907 41.84477788
OS 42.7626907 41.86633232
OS 42.75694268 41.88501148
OS 42.74544918 41.90081536
OS 43.03281716 41.61344738
OE
SE
S P 0
OB 43.18640334 25.11909632 I
OS 43.19595628 25.11542348
OS 43.20710688 25.11218498
OS 43.2198526 25.10937574
OS 43.23419344 25.10700084
OS 43.26765794 25.1035439
OS 43.30750292 25.1018167
OS 43.32981936 25.1016008
OS 43.39217128 24.8984008
OS 43.37032982 24.89789534
OS 43.3317015 24.8938415
OS 43.31491464 24.8902982
OS 43.2998118 24.8857389
OS 43.28639298 24.88016868
OS 43.27466072 24.873585
OS 43.26461248 24.86598786
OS 43.2562508 24.85737726
OS 43.24957314 24.84775574
OS 43.17844298 25.12319842
OS 43.18640334 25.11909632
OE
SE
S P 0
OB 43.48621224 28.3825188 I
OS 43.49637224 28.37561
OS 43.50799528 28.369514
OS 43.52107882 28.3642308
OS 43.53562794 28.3597604
OS 43.55163756 28.3561028
OS 43.56910768 28.353258
OS 43.58804084 28.351226
OS 43.63029628 28.3496004
OS 43.63029628 28.1464004
OS 43.60843704 28.145994
OS 43.56910768 28.1427428
OS 43.55163756 28.139898
OS 43.53562794 28.1362404
OS 43.52107882 28.13177
OS 43.50799528 28.1264868
OS 43.49637224 28.1203908
OS 43.48621224 28.113482
OS 43.47751274 28.1057604
OS 43.47751274 28.3902404
OS 43.48621224 28.3825188
OE
SE
S P 0
OB 43.57148766 27.07120824 I
OS 43.57839138 27.06709344
OS 43.58728646 27.06346124
OS 43.5981729 27.06031672
OS 43.61105324 27.05765226
OS 43.62592494 27.05547548
OS 43.66164242 27.05256972
OS 43.70532534 27.05160198
OS 43.70763674 26.84840198
OS 43.68481484 26.84815052
OS 43.6282973 26.84439132
OS 43.61344338 26.84213326
OS 43.60058336 26.83937736
OS 43.5897147 26.83611854
OS 43.5808374 26.8323568
OS 43.573954 26.82809468
OS 43.56906196 26.82333218
OS 43.5665753 27.07580564
OS 43.57148766 27.07120824
OE
SE
S P 0
OB 43.57395146 29.67190916 I
OS 43.58083486 29.66764704
OS 43.58971216 29.6638853
OS 43.60058082 29.66062648
OS 43.61344338 29.65787058
OS 43.6282973 29.65561252
OS 43.66398176 29.65260516
OS 43.7076342 29.65160186
OS 43.70532788 29.44840186
OS 43.6824882 29.44816056
OS 43.62592494 29.44452836
OS 43.61105578 29.44235158
OS 43.59817544 29.43968712
OS 43.587289 29.4365426
OS 43.57839138 29.4329104
OS 43.57148766 29.4287956
OS 43.5665753 29.4241982
OS 43.56905942 29.67667166
OS 43.57395146 29.67190916
OE
SE
S P 0
OB 43.60501566 13.94204984 I
OS 43.58921178 13.95354334
OS 43.57053262 13.95929136
OS 43.54897818 13.95929136
OS 43.52455354 13.95354334
OS 43.49725362 13.94204984
OS 43.46707842 13.92480832
OS 43.43403302 13.90181878
OS 43.3981098 13.87308122
OS 43.31764768 13.79836458
OS 43.17396242 13.94204984
OS 43.21419602 13.98371854
OS 43.27741662 14.05843518
OS 43.30040616 14.09148058
OS 43.31764768 14.12165578
OS 43.32914118 14.1489557
OS 43.3348892 14.17338034
OS 43.3348892 14.19493478
OS 43.32914118 14.21361394
OS 43.31764768 14.22941782
OS 43.60501566 13.94204984
OE
SE
S P 0
OB 43.78860686 33.05175508 I
OS 43.7942355 32.98777248
OS 43.79761624 32.97213116
OS 43.80174374 32.95933464
OS 43.80662308 32.94938292
OS 43.81225426 32.94227346
OS 43.81863474 32.9380088
OS 43.82576706 32.9365864
OS 43.54749482 32.9365864
OS 43.55462714 32.9380088
OS 43.56100762 32.94227346
OS 43.5666388 32.94938292
OS 43.57151814 32.95933464
OS 43.57564564 32.97213116
OS 43.57902638 32.98777248
OS 43.58165274 33.00625606
OS 43.5835298 33.02758444
OS 43.58503094 33.07877052
OS 43.78823094 33.07877052
OS 43.78860686 33.05175508
OE
SE
S P 0
OB 43.84639186 31.39350338 I
OS 43.8443624 31.39481402
OS 43.84002154 31.3959875
OS 43.83336674 31.39702128
OS 43.824398 31.3979179
OS 43.78361068 31.39978226
OS 43.72200044 31.40040202
OS 43.72200044 31.60360202
OS 43.74485028 31.6036706
OS 43.8443624 31.60919002
OS 43.84639186 31.61050066
OS 43.84639186 31.39350338
OE
SE
S P 0
OB 43.84899536 26.1894828 I
OS 43.84665348 26.19117698
OS 43.84199766 26.19269336
OS 43.8350279 26.19403194
OS 43.82574674 26.19519018
OS 43.8002426 26.19697326
OS 43.72147466 26.19840074
OS 43.71999892 26.40160074
OS 43.74299608 26.40169726
OS 43.8397904 26.40772214
OS 43.84444876 26.40934774
OS 43.8468135 26.41116638
OS 43.84899536 26.1894828
OE
SE
S P 0
OB 43.90765666 5.00661178 I
OS 43.90190864 4.98793262
OS 43.90190864 4.96637818
OS 43.90765666 4.94195354
OS 43.91915016 4.91465362
OS 43.93639168 4.88447842
OS 43.95938122 4.85143302
OS 43.98811878 4.8155098
OS 44.06283542 4.73504768
OS 43.91915016 4.59136242
OS 43.87748146 4.63159602
OS 43.80276482 4.69481662
OS 43.76971942 4.71780616
OS 43.73954422 4.73504768
OS 43.7122443 4.74654118
OS 43.68781966 4.7522892
OS 43.66626522 4.7522892
OS 43.64758606 4.74654118
OS 43.63178218 4.73504768
OS 43.91915016 5.02241566
OS 43.90765666 5.00661178
OE
SE
S P 0
OB 43.95069188 20.9583401 I
OS 43.94195428 20.96594994
OS 43.93175618 20.97276222
OS 43.92010012 20.97877186
OS 43.9069861 20.98397886
OS 43.89241412 20.98838576
OS 43.87638164 20.99199002
OS 43.85889374 20.99479418
OS 43.83994534 20.99679824
OS 43.79767212 20.99840098
OS 43.7953658 21.20160098
OS 43.81721742 21.20201246
OS 43.85652138 21.20530938
OS 43.87397372 21.20819482
OS 43.88996048 21.21190322
OS 43.90448166 21.21643458
OS 43.91753472 21.22179144
OS 43.92911966 21.22797126
OS 43.93924156 21.23497658
OS 43.9478928 21.24280486
OS 43.95069188 20.9583401
OE
SE
S P 0
OB 43.95427836 22.25776092 I
OS 43.94557886 22.26548252
OS 43.93541886 22.27239132
OS 43.92379582 22.27848732
OS 43.91071228 22.28377052
OS 43.89616316 22.28824092
OS 43.88015354 22.29189852
OS 43.86268342 22.29474332
OS 43.84375026 22.29677532
OS 43.80149482 22.29840092
OS 43.80149482 22.50160092
OS 43.82335406 22.50200732
OS 43.86268342 22.50525852
OS 43.88015354 22.50810332
OS 43.89616316 22.51176092
OS 43.91071228 22.51623132
OS 43.92379582 22.52151452
OS 43.93541886 22.52761052
OS 43.94557886 22.53451932
OS 43.95427836 22.54224092
OS 43.95427836 22.25776092
OE
SE
S P 0
OB 43.96410308 19.84689198 I
OS 43.98849216 19.89130642
OS 43.99479136 19.89326222
OS 44.00109564 19.89501228
OS 44.02002372 19.89902802
OS 44.02633816 19.89995258
OS 44.04530688 19.9014969
OS 44.05163656 19.90160104
OS 43.96410308 19.84689198
OE
OB 43.8547764 19.6478017 I
OS 43.85116452 19.6574156
OS 43.84550286 19.66601858
OS 43.8377965 19.6736081
OS 43.82804036 19.6801867
OS 43.81623952 19.68575184
OS 43.8023889 19.69030606
OS 43.78649358 19.69384682
OS 43.76854848 19.69637666
OS 43.74855614 19.69789558
OS 43.72651656 19.69840104
OS 43.96410308 19.84689198
OS 43.8547764 19.6478017
OE
SE
S P 0
OB 44.01057492 25.50263886 I
OS 44.00187542 25.51036046
OS 43.99171542 25.51726926
OS 43.98009238 25.52336526
OS 43.96700884 25.52864846
OS 43.95245972 25.53311886
OS 43.9364501 25.53677646
OS 43.91897998 25.53962126
OS 43.90004682 25.54165326
OS 43.85779138 25.54327886
OS 43.85779138 25.74647886
OS 43.87965062 25.74688526
OS 43.91897998 25.75013646
OS 43.9364501 25.75298126
OS 43.95245972 25.75663886
OS 43.96700884 25.76110926
OS 43.98009238 25.76639246
OS 43.99171542 25.77248846
OS 44.00187542 25.77939726
OS 44.01057492 25.78711886
OS 44.01057492 25.50263886
OE
SE
S P 0
OB 44.23836466 39.579296 I
OS 44.2445521 39.562024
OS 44.2548645 39.546784
OS 44.26930186 39.533576
OS 44.28786418 39.5224
OS 44.31055146 39.513256
OS 44.3373637 39.506144
OS 44.3683009 39.501064
OS 44.40336306 39.498016
OS 44.44255018 39.497
OS 44.44255018 39.2938
OS 44.40336306 39.292784
OS 44.3683009 39.289736
OS 44.3373637 39.284656
OS 44.31055146 39.277544
OS 44.28786418 39.2684
OS 44.26930186 39.257224
OS 44.2548645 39.244016
OS 44.2445521 39.228776
OS 44.23836466 39.211504
OS 44.23630218 39.1922
OS 44.23630218 39.5986
OS 44.23836466 39.579296
OE
SE
S P 0
OB 44.23836466 40.849296 I
OS 44.2445521 40.832024
OS 44.2548645 40.816784
OS 44.26930186 40.803576
OS 44.28786418 40.7924
OS 44.31055146 40.783256
OS 44.3373637 40.776144
OS 44.3683009 40.771064
OS 44.40336306 40.768016
OS 44.44255018 40.767
OS 44.44255018 40.5638
OS 44.40336306 40.562784
OS 44.3683009 40.559736
OS 44.3373637 40.554656
OS 44.31055146 40.547544
OS 44.28786418 40.5384
OS 44.26930186 40.527224
OS 44.2548645 40.514016
OS 44.2445521 40.498776
OS 44.23836466 40.481504
OS 44.23630218 40.4622
OS 44.23630218 40.8686
OS 44.23836466 40.849296
OE
SE
S P 0
OB 44.2605668 12.97289506 I
OS 44.26675424 12.95562306
OS 44.27706664 12.94038306
OS 44.291504 12.92717506
OS 44.31006632 12.91599906
OS 44.3327536 12.90685506
OS 44.35956584 12.89974306
OS 44.39050304 12.89466306
OS 44.4255652 12.89161506
OS 44.46475232 12.89059906
OS 44.46475232 12.68739906
OS 44.4255652 12.68638306
OS 44.39050304 12.68333506
OS 44.35956584 12.67825506
OS 44.3327536 12.67114306
OS 44.31006632 12.66199906
OS 44.291504 12.65082306
OS 44.27706664 12.63761506
OS 44.26675424 12.62237506
OS 44.2605668 12.60510306
OS 44.25850432 12.58579906
OS 44.25850432 12.99219906
OS 44.2605668 12.97289506
OE
SE
S P 0
OB 44.40020838 36.30676 I
OS 44.38690386 36.3193076
OS 44.3728856 36.3305344
OS 44.3581536 36.3404404
OS 44.34270786 36.3490256
OS 44.32654584 36.35629
OS 44.30967262 36.3622336
OS 44.29208312 36.3668564
OS 44.27377988 36.3701584
OS 44.2547629 36.3721396
OS 44.23502964 36.3728
OS 44.23502964 36.5252
OS 44.2547629 36.5258604
OS 44.27377988 36.5278416
OS 44.29208312 36.5311436
OS 44.30967262 36.5357664
OS 44.32654584 36.54171
OS 44.34270786 36.5489744
OS 44.3581536 36.5575596
OS 44.3728856 36.5674656
OS 44.38690386 36.5786924
OS 44.40020838 36.59124
OS 44.40020838 36.30676
OE
SE
S P 0
OB 44.70947116 3.94640816 I
OS 44.73943554 3.92150092
OS 44.76921196 3.90014968
OS 44.79880042 3.88235698
OS 44.82820346 3.86812282
OS 44.85741854 3.85744466
OS 44.88644566 3.85032504
OS 44.91528482 3.84676142
OS 44.94393856 3.84675888
OS 44.97240434 3.85031234
OS 44.57946634 3.59185718
OS 44.59319504 3.61527344
OS 44.60289784 3.63880654
OS 44.60857728 3.6624514
OS 44.61023082 3.6862131
OS 44.607861 3.7100891
OS 44.60146528 3.7340794
OS 44.59104366 3.75818654
OS 44.57659868 3.78240544
OS 44.55813034 3.80674118
OS 44.5356361 3.83119122
OS 44.67931882 3.97487394
OS 44.70947116 3.94640816
OE
SE
S P 0
OB 44.87009568 39.1922 I
OS 44.8680332 39.211504
OS 44.86184576 39.228776
OS 44.85153336 39.244016
OS 44.837096 39.257224
OS 44.81853368 39.2684
OS 44.7958464 39.277544
OS 44.76903416 39.284656
OS 44.73809696 39.289736
OS 44.7030348 39.292784
OS 44.66384768 39.2938
OS 44.66384768 39.497
OS 44.7030348 39.498016
OS 44.73809696 39.501064
OS 44.76903416 39.506144
OS 44.7958464 39.513256
OS 44.81853368 39.5224
OS 44.837096 39.533576
OS 44.85153336 39.546784
OS 44.86184576 39.562024
OS 44.8680332 39.579296
OS 44.87009568 39.5986
OS 44.87009568 39.1922
OE
SE
S P 0
OB 44.87009568 40.4622 I
OS 44.8680332 40.481504
OS 44.86184576 40.498776
OS 44.85153336 40.514016
OS 44.837096 40.527224
OS 44.81853368 40.5384
OS 44.7958464 40.547544
OS 44.76903416 40.554656
OS 44.73809696 40.559736
OS 44.7030348 40.562784
OS 44.66384768 40.5638
OS 44.66384768 40.767
OS 44.7030348 40.768016
OS 44.73809696 40.771064
OS 44.76903416 40.776144
OS 44.7958464 40.783256
OS 44.81853368 40.7924
OS 44.837096 40.803576
OS 44.85153336 40.816784
OS 44.86184576 40.832024
OS 44.8680332 40.849296
OS 44.87009568 40.8686
OS 44.87009568 40.4622
OE
SE
S P 0
OB 45.01504078 35.267138 I
OS 45.07834012 35.24091758
OS 45.1081394 35.09111092
OS 44.9453127 34.92828422
OS 44.86110408 34.80225704
OS 44.8315334 34.65359846
OS 44.8315334 33.57851552
OS 44.65999958 33.57851552
OS 44.48644646 33.54399438
OS 44.33931696 33.44568368
OS 44.26687616 33.3372714
OS 44.13566738 33.33779464
OS 44.12801436 33.34064452
OS 44.11729302 33.36652966
OS 43.97439008 33.5094326
OS 43.78767722 33.58677052
OS 43.58558466 33.58677052
OS 43.3988718 33.5094326
OS 43.25596886 33.36652966
OS 43.20915666 33.2535149
OS 43.16000004 33.2535149
OS 43.02680244 33.22702016
OS 43.00707426 33.23789644
OS 42.93789482 33.30707588
OS 42.92701854 33.32680406
OS 42.95351328 33.46000166
OS 42.95351328 33.71581268
OS 43.0022 33.83335372
OS 43.0022 34.03544628
OS 42.95351328 34.15298732
OS 42.95351328 34.5320493
OS 42.99855256 34.54100788
OS 43.14568206 34.63931858
OS 43.24399276 34.78644808
OS 43.2785139 34.9600012
OS 43.2785139 35.30933502
OS 44.97284376 35.30933502
OS 45.01504078 35.267138
OE
SE
S P 0
OB 45.0170296 29.3617777 I
OS 45.02694576 29.35439392
OS 45.0383529 29.34787882
OS 45.05124848 29.34223494
OS 45.06563504 29.3374572
OS 45.0815075 29.33355068
OS 45.09887348 29.3305103
OS 45.1177279 29.3283386
OS 45.1599046 29.32660124
OS 45.14786754 29.12340124
OS 45.12596766 29.12302532
OS 45.08651384 29.12002812
OS 45.0689599 29.1174043
OS 45.05285122 29.11403118
OS 45.03819288 29.10990876
OS 45.02498488 29.1050345
OS 45.01322214 29.09941348
OS 45.00290974 29.09304062
OS 44.99404514 29.085921
OS 45.00860188 29.37002762
OS 45.0170296 29.3617777
OE
SE
S P 0
OB 45.09228726 18.17116 I
OS 45.08358776 18.1788816
OS 45.07342776 18.1857904
OS 45.06180472 18.1918864
OS 45.04872118 18.1971696
OS 45.03417206 18.20164
OS 45.01816244 18.2052976
OS 45.00069232 18.2081424
OS 44.98175916 18.2101744
OS 44.93950372 18.2118
OS 44.93950372 18.415
OS 44.96136296 18.4154064
OS 45.00069232 18.4186576
OS 45.01816244 18.4215024
OS 45.03417206 18.42516
OS 45.04872118 18.4296304
OS 45.06180472 18.4349136
OS 45.07342776 18.4410096
OS 45.08358776 18.4479184
OS 45.09228726 18.45564
OS 45.09228726 18.17116
OE
SE
S P 0
OB 45.13230242 5.8429652 I
OS 45.13535042 5.80790304
OS 45.14043042 5.77696584
OS 45.14754242 5.7501536
OS 45.15668642 5.72746632
OS 45.16786242 5.708904
OS 45.18107042 5.69446664
OS 45.19631042 5.68415424
OS 45.21358242 5.6779668
OS 45.23288642 5.67590432
OS 44.82648642 5.67590432
OS 44.84579042 5.6779668
OS 44.86306242 5.68415424
OS 44.87830242 5.69446664
OS 44.89151042 5.708904
OS 44.90268642 5.72746632
OS 44.91183042 5.7501536
OS 44.91894242 5.77696584
OS 44.92402242 5.80790304
OS 44.92707042 5.8429652
OS 44.92808642 5.88215232
OS 45.13128642 5.88215232
OS 45.13230242 5.8429652
OE
SE
S P 0
OB 45.15768718 35.55556008 I
OS 45.14438266 35.56810768
OS 45.1303644 35.57933448
OS 45.1156324 35.58924048
OS 45.10018666 35.59782568
OS 45.08402464 35.60509008
OS 45.06715142 35.61103368
OS 45.04956192 35.61565648
OS 45.03125868 35.61895848
OS 45.0122417 35.62093968
OS 44.99250844 35.62160008
OS 44.99250844 35.77400008
OS 45.0122417 35.77466048
OS 45.03125868 35.77664168
OS 45.04956192 35.77994368
OS 45.06715142 35.78456648
OS 45.08402464 35.79051008
OS 45.10018666 35.79777448
OS 45.1156324 35.80635968
OS 45.1303644 35.81626568
OS 45.14438266 35.82749248
OS 45.15768718 35.84004008
OS 45.15768718 35.55556008
OE
SE
S P 0
OB 45.22181202 6.28337072 I
OS 45.20281282 6.26045738
OS 45.18604882 6.23687348
OS 45.17152002 6.21262156
OS 45.15922642 6.18769908
OS 45.14916802 6.16210604
OS 45.14134482 6.13584244
OS 45.13575682 6.10891082
OS 45.13240402 6.08130864
OS 45.13128642 6.05303844
OS 44.92808642 6.05303844
OS 44.92696882 6.08130864
OS 44.92361602 6.10891082
OS 44.91802802 6.13584244
OS 44.91020482 6.16210604
OS 44.90014642 6.18769908
OS 44.88785282 6.21262156
OS 44.87332402 6.23687348
OS 44.85656002 6.26045738
OS 44.83756082 6.28337072
OS 44.81632642 6.30561604
OS 45.24304642 6.30561604
OS 45.22181202 6.28337072
OE
SE
S P 0
OB 45.29696046 33.3874999 I
OS 45.29924646 33.36107374
OS 45.30305646 33.33775654
OS 45.30839046 33.3175483
OS 45.31524846 33.30044902
OS 45.32363046 33.2864587
OS 45.33353646 33.27557734
OS 45.34496646 33.26780494
OS 45.35792046 33.2631415
OS 45.37239846 33.26158702
OS 45.06759846 33.26158702
OS 45.08207646 33.2631415
OS 45.09503046 33.26780494
OS 45.10646046 33.27557734
OS 45.11636646 33.2864587
OS 45.12474846 33.30044902
OS 45.13160646 33.3175483
OS 45.13694046 33.33775654
OS 45.14075046 33.36107374
OS 45.14303646 33.3874999
OS 45.14379846 33.41703502
OS 45.29619846 33.41703502
OS 45.29696046 33.3874999
OE
SE
S P 0
OB 45.52118404 5.390896 I
OS 45.52728004 5.373624
OS 45.53744004 5.358384
OS 45.55166404 5.345176
OS 45.56995204 5.334
OS 45.59230404 5.324856
OS 45.61872004 5.317744
OS 45.64920004 5.312664
OS 45.68374404 5.309616
OS 45.72235204 5.3086
OS 45.72235204 5.1054
OS 45.68374404 5.104384
OS 45.64920004 5.101336
OS 45.61872004 5.096256
OS 45.59230404 5.089144
OS 45.56995204 5.08
OS 45.55166404 5.068824
OS 45.53744004 5.055616
OS 45.52728004 5.040376
OS 45.52118404 5.023104
OS 45.51915204 5.0038
OS 45.51915204 5.4102
OS 45.52118404 5.390896
OE
SE
S P 0
OB 45.78820408 18.97088662 I
OS 45.8180821 18.94482622
OS 45.83223244 18.93401852
OS 45.8589507 18.91684304
OS 45.87151862 18.9104778
OS 45.88356076 18.90559592
OS 45.89507712 18.90219232
OS 45.90606516 18.90026954
OS 45.69462794 18.77241102
OS 45.69803408 18.78345494
OS 45.69969016 18.79472746
OS 45.69959364 18.80622858
OS 45.6977496 18.81796084
OS 45.69415296 18.8299217
OS 45.6888088 18.8421137
OS 45.68171204 18.85453176
OS 45.67286268 18.8671835
OS 45.6622658 18.8800613
OS 45.64991886 18.89317024
OS 45.77247386 18.98613932
OS 45.78820408 18.97088662
OE
SE
S P 0
OB 45.7932028 21.25826584 I
OS 45.78642608 21.2678518
OS 45.7779755 21.2764243
OS 45.76785106 21.28399096
OS 45.75605276 21.29054924
OS 45.7425806 21.2960966
OS 45.72743458 21.30063812
OS 45.71061724 21.30416872
OS 45.69212604 21.30669094
OS 45.67196098 21.30820224
OS 45.65012206 21.3087077
OS 45.70987302 21.5119077
OS 45.7321539 21.51213122
OS 45.80550656 21.51752618
OS 45.81990074 21.5199976
OS 45.83271504 21.5229186
OS 45.84395454 21.52628918
OS 45.85361416 21.53010934
OS 45.86169644 21.53437908
OS 45.7932028 21.25826584
OE
SE
S P 0
OB 45.79560056 40.6964007 I
OS 45.78929374 40.67880104
OS 45.78897878 40.65801876
OS 45.79466076 40.63405386
OS 45.80633714 40.60690888
OS 45.82400792 40.57658128
OS 45.8476731 40.54307106
OS 45.87733268 40.50637822
OS 45.95463758 40.42344976
OS 45.7859511 40.30476572
OS 45.7451206 40.34418906
OS 45.6715241 40.4065359
OS 45.63875556 40.4294594
OS 45.60867688 40.4468838
OS 45.58128298 40.45880656
OS 45.5565764 40.46523022
OS 45.53455714 40.46615224
OS 45.51522774 40.46157516
OS 45.49858312 40.45149898
OS 45.80790432 40.71081774
OS 45.79560056 40.6964007
OE
SE
S P 0
OB 45.79993126 35.04126342 I
OS 45.78164072 35.03902822
OS 45.76379976 35.0355535
OS 45.7464033 35.03083418
OS 45.72945642 35.0248728
OS 45.71295912 35.01766936
OS 45.69690632 35.00922386
OS 45.6813031 34.99953376
OS 45.66614692 34.98860414
OS 45.65143778 34.97642992
OS 45.63717568 34.96301364
OS 45.5180954 35.05945998
OS 45.531659 35.07402434
OS 45.54358684 35.08896716
OS 45.553884 35.10428336
OS 45.56255048 35.11997548
OS 45.5695812 35.13604352
OS 45.57498124 35.15248748
OS 45.5787506 35.16930736
OS 45.5808842 35.18650316
OS 45.58138712 35.20407234
OS 45.58025936 35.22201998
OS 45.79993126 35.04126342
OE
SE
S P 0
OB 45.8099668 39.4792962 I
OS 45.81615424 39.4620242
OS 45.82646664 39.4467842
OS 45.840904 39.4335762
OS 45.85946632 39.4224002
OS 45.8821536 39.4132562
OS 45.90896584 39.4061442
OS 45.93990304 39.4010642
OS 45.9749652 39.3980162
OS 46.01415232 39.3970002
OS 46.01415232 39.1938002
OS 45.9749652 39.1927842
OS 45.93990304 39.1897362
OS 45.90896584 39.1846562
OS 45.8821536 39.1775442
OS 45.85946632 39.1684002
OS 45.840904 39.1572242
OS 45.82646664 39.1440162
OS 45.81615424 39.1287762
OS 45.8099668 39.1115042
OS 45.80790432 39.0922002
OS 45.80790432 39.4986002
OS 45.8099668 39.4792962
OE
SE
S P 0
OB 45.84035028 19.36081472 I
OS 45.8276833 19.3545206
OS 45.8165073 19.34485844
OS 45.80681974 19.33183078
OS 45.7986257 19.31543508
OS 45.79191756 19.29567388
OS 45.78670294 19.27254718
OS 45.78297676 19.24605244
OS 45.78074156 19.2161922
OS 45.77999734 19.18296646
OS 45.62759988 19.18296646
OS 45.62683788 19.21364712
OS 45.62455188 19.24096482
OS 45.62074188 19.26491956
OS 45.61540788 19.2855088
OS 45.60854988 19.30273508
OS 45.60016788 19.3165984
OS 45.59026188 19.32709876
OS 45.57883188 19.33423362
OS 45.56587788 19.33800552
OS 45.55139988 19.33841446
OS 45.8545057 19.36374334
OS 45.84035028 19.36081472
OE
SE
S P 0
OB 45.84978638 23.4939713 I
OS 45.8672311 23.48499494
OS 45.88577056 23.47707522
OS 45.90540476 23.4702096
OS 45.9261337 23.46440062
OS 45.94795738 23.45964828
OS 45.97087326 23.45595258
OS 46.01999178 23.45172856
OS 46.04618934 23.45120024
OS 46.04618934 23.29880024
OS 46.01999178 23.29827192
OS 45.97087326 23.2940479
OS 45.94795738 23.2903522
OS 45.9261337 23.28559986
OS 45.90540476 23.27979088
OS 45.88577056 23.27292526
OS 45.8672311 23.26500554
OS 45.84978638 23.25602918
OS 45.83343386 23.24599618
OS 45.83343386 23.5040043
OS 45.84978638 23.4939713
OE
SE
S P 0
OB 45.85362178 22.19132976 I
OS 45.87425928 22.1799912
OS 45.89534382 22.16998614
OS 45.9168754 22.16131458
OS 45.93885656 22.15397652
OS 45.96128476 22.1479745
OS 45.98416 22.14330344
OS 46.00748482 22.13996842
OS 46.03125668 22.13796944
OS 46.05547812 22.13730142
OS 46.0369031 21.98490142
OS 46.00872434 21.9845128
OS 45.93463 21.97867588
OS 45.91341338 21.97517576
OS 45.89393666 21.97089586
OS 45.87619984 21.96583872
OS 45.86020292 21.9600018
OS 45.84594844 21.95338764
OS 45.83343386 21.94599624
OS 45.83343386 22.20400436
OS 45.85362178 22.19132976
OE
SE
S P 0
OB 45.86857984 25.19807508 I
OS 45.85970254 25.20511342
OS 45.84937744 25.21141262
OS 45.83760454 25.21697014
OS 45.82438384 25.22178852
OS 45.80971534 25.22586268
OS 45.79359904 25.2291977
OS 45.77603494 25.23179104
OS 45.73656588 25.23475522
OS 45.71466092 25.23512606
OS 45.70108208 25.43832606
OS 45.72291084 25.43876294
OS 45.76209288 25.44226306
OS 45.77944108 25.4453263
OS 45.79529576 25.44926584
OS 45.80965692 25.4540766
OS 45.82252456 25.4597662
OS 45.83389868 25.46632956
OS 45.84377928 25.47376668
OS 45.85216636 25.4820801
OS 45.86857984 25.19807508
OE
SE
S P 0
OB 45.97469596 5.0038 I
OS 45.97263348 5.023104
OS 45.96644604 5.040376
OS 45.95613364 5.055616
OS 45.94169628 5.068824
OS 45.92313396 5.08
OS 45.90044668 5.089144
OS 45.87363444 5.096256
OS 45.84269724 5.101336
OS 45.80763508 5.104384
OS 45.76844796 5.1054
OS 45.76844796 5.3086
OS 45.80763508 5.309616
OS 45.84269724 5.312664
OS 45.87363444 5.317744
OS 45.90044668 5.324856
OS 45.92313396 5.334
OS 45.94169628 5.345176
OS 45.95613364 5.358384
OS 45.96644604 5.373624
OS 45.97263348 5.390896
OS 45.97469596 5.4102
OS 45.97469596 5.0038
OE
SE
S P 0
OB 45.99686 13.0810127 I
OS 45.97567386 13.0803015
OS 45.9547976 13.07774626
OS 45.93422868 13.07333936
OS 45.9139671 13.06708842
OS 45.89401286 13.05898836
OS 45.8743685 13.04904172
OS 45.85503148 13.0372485
OS 45.8360018 13.0236087
OS 45.817282 13.00811978
OS 45.798867 12.99078428
OS 45.65518428 13.134467
OS 45.67251978 13.152882
OS 45.6880087 13.1716018
OS 45.7016485 13.19063148
OS 45.71344172 13.2099685
OS 45.72338836 13.22961286
OS 45.73148842 13.2495671
OS 45.73773936 13.26982868
OS 45.74214626 13.2903976
OS 45.7447015 13.31127386
OS 45.7454127 13.33246
OS 45.99686 13.0810127
OE
SE
S P 0
OB 46.06143442 31.29610454 I
OS 46.03345886 31.26791054
OS 45.91685508 31.1373774
OS 45.91151346 31.12827658
OS 45.9090014 31.12156336
OS 45.75667252 31.31158584
OS 45.7670281 31.30204306
OS 45.77945124 31.29666842
OS 45.79394702 31.29545684
OS 45.81051544 31.29841086
OS 45.82915396 31.30553048
OS 45.84986258 31.3168157
OS 45.87264384 31.33226398
OS 45.89749266 31.3518804
OS 45.92441666 31.37565988
OS 45.95340822 31.4036075
OS 46.06143442 31.29610454
OE
SE
S P 0
OB 46.1962754 13.498322 I
OS 46.21284636 13.485368
OS 46.23050444 13.473938
OS 46.24925218 13.464032
OS 46.26908958 13.45565
OS 46.2900141 13.448792
OS 46.31202574 13.443458
OS 46.33512704 13.439648
OS 46.35931546 13.437362
OS 46.38459608 13.4366
OS 46.38459608 13.2334
OS 46.35931546 13.232638
OS 46.33512704 13.230352
OS 46.31202574 13.226542
OS 46.2900141 13.221208
OS 46.26908958 13.21435
OS 46.24925218 13.205968
OS 46.23050444 13.196062
OS 46.21284636 13.184632
OS 46.1962754 13.171678
OS 46.18079156 13.1572
OS 46.18079156 13.5128
OS 46.1962754 13.498322
OE
SE
S P 0
OB 46.24419504 17.85351522 I
OS 46.23549554 17.86123682
OS 46.22533554 17.86814562
OS 46.2137125 17.87424162
OS 46.20062896 17.87952482
OS 46.18607984 17.88399522
OS 46.17007022 17.88765282
OS 46.1526001 17.89049762
OS 46.13366694 17.89252962
OS 46.0914115 17.89415522
OS 46.0914115 18.09735522
OS 46.11327074 18.09776162
OS 46.1526001 18.10101282
OS 46.17007022 18.10385762
OS 46.18607984 18.10751522
OS 46.20062896 18.11198562
OS 46.2137125 18.11726882
OS 46.22533554 18.12336482
OS 46.23549554 18.13027362
OS 46.24419504 18.13799522
OS 46.24419504 17.85351522
OE
SE
S P 0
OB 46.37543176 33.95378274 I
OS 46.36420496 33.93976448
OS 46.35429896 33.92503248
OS 46.34571376 33.90958674
OS 46.33844936 33.89342472
OS 46.33250576 33.8765515
OS 46.32788296 33.858962
OS 46.32458096 33.84065876
OS 46.32259976 33.82164178
OS 46.32193936 33.80190852
OS 46.16953936 33.80190852
OS 46.16887896 33.82164178
OS 46.16689776 33.84065876
OS 46.16359576 33.858962
OS 46.15897296 33.8765515
OS 46.15302936 33.89342472
OS 46.14576496 33.90958674
OS 46.13717976 33.92503248
OS 46.12727376 33.93976448
OS 46.11604696 33.95378274
OS 46.10349936 33.96708726
OS 46.38797936 33.96708726
OS 46.37543176 33.95378274
OE
SE
S P 0
OB 46.6442425 19.5215637 I
OS 46.65924374 19.50978064
OS 46.67448628 19.4998975
OS 46.68997012 19.49191682
OS 46.7056978 19.4858386
OS 46.72166678 19.48166284
OS 46.73787706 19.47938954
OS 46.75432864 19.47901616
OS 46.77102406 19.48054778
OS 46.78796078 19.48397932
OS 46.64075254 19.24054572
OS 46.63608148 19.25811998
OS 46.63044776 19.27530054
OS 46.62384884 19.29208486
OS 46.61628726 19.30847548
OS 46.60776302 19.32446986
OS 46.59827358 19.34007054
OS 46.58782148 19.35527498
OS 46.57640418 19.37008826
OS 46.56402676 19.38450276
OS 46.55068414 19.3985261
OS 46.6294851 19.53525176
OS 46.6442425 19.5215637
OE
SE
S P 0
OB 46.70799904 21.9155645 I
OS 46.69557336 21.92873948
OS 46.68232218 21.94052508
OS 46.66825058 21.95092638
OS 46.65335348 21.95994084
OS 46.63763596 21.96756846
OS 46.62109548 21.9738067
OS 46.6037295 21.97866064
OS 46.5855431 21.98212774
OS 46.56653374 21.984208
OS 46.54670142 21.98490142
OS 46.55681824 22.13730142
OS 46.57644736 22.13792372
OS 46.5954618 22.13979062
OS 46.6138641 22.14289958
OS 46.63164918 22.14725568
OS 46.64882212 22.15285384
OS 46.66537784 22.1596966
OS 46.68132142 22.16778396
OS 46.69664778 22.17711338
OS 46.711362 22.18768994
OS 46.725459 22.19950856
OS 46.70799904 21.9155645
OE
SE
S P 0
OB 46.78795824 23.32482762 I
OS 46.77236772 23.33436024
OS 46.75635556 23.3428921
OS 46.7399243 23.35041812
OS 46.7230714 23.35694084
OS 46.70579432 23.36246026
OS 46.68809814 23.36697638
OS 46.66998032 23.3704892
OS 46.65144086 23.37299872
OS 46.63247976 23.3745024
OS 46.61309702 23.37500532
OS 46.57648546 23.52740532
OS 46.59656162 23.52815716
OS 46.61551256 23.53041522
OS 46.63334082 23.53417442
OS 46.65004386 23.53943984
OS 46.66562168 23.54620894
OS 46.68007682 23.55448426
OS 46.6934042 23.56426072
OS 46.7056089 23.5755434
OS 46.71668838 23.58832976
OS 46.72664518 23.60262234
OS 46.78795824 23.32482762
OE
SE
S P 0
OB 46.9751664 30.12538298 I
OS 46.95688602 30.12484958
OS 46.9390349 30.122876
OS 46.92161558 30.11946224
OS 46.90462044 30.11461084
OS 46.8880571 30.10831926
OS 46.87192302 30.10059004
OS 46.85621566 30.09142318
OS 46.84093756 30.0808136
OS 46.82609126 30.06876892
OS 46.81167168 30.05528152
OS 46.7039071 30.1630461
OS 46.7173945 30.17746568
OS 46.72943918 30.19231198
OS 46.74004876 30.20759008
OS 46.74921562 30.22329744
OS 46.75694484 30.23943152
OS 46.76323642 30.25599486
OS 46.76808782 30.27299
OS 46.77150158 30.29040932
OS 46.77347516 30.30826044
OS 46.77400856 30.32654082
OS 46.9751664 30.12538298
OE
SE
S P 0
OB 47.0720039 14.82600032 I
OS 47.0590245 14.7574508
OS 47.02503422 14.69900032
OS 47.00999996 14.69900032
OS 47.00999996 13.7804906
OS 47.00835912 13.77493816
OS 46.88335556 13.7493629
OS 46.37763394 13.7493629
OS 46.37148206 13.75318052
OS 46.3159348 13.80872778
OS 46.11055294 13.8938
OS 45.88824706 13.8938
OS 45.6828652 13.80872778
OS 45.52567222 13.6515348
OS 45.4406 13.44615294
OS 45.4406 13.36759836
OS 45.438949 13.36054732
OS 45.28176364 13.20336196
OS 44.56940032 13.20336196
OS 44.56940032 13.54379308
OS 44.5694054 13.54379562
OS 44.5694054 13.63420692
OS 44.56940286 13.63420692
OS 44.56940032 13.67079816
OS 44.56940032 15.14380004
OS 43.00979968 15.14380004
OS 43.00979968 14.2441168
OS 43.00687614 14.22941782
OS 43.008423 14.22164542
OS 42.9928782 14.20327614
OS 42.9098075 14.12020544
OS 42.79247474 14.16880834
OS 42.79247474 14.7884642
OS 42.50173872 14.7884642
OS 42.50173872 15.59552634
OS 42.50240928 15.61694108
OS 42.60879972 15.71163736
OS 46.18636686 15.71163736
OS 47.0720039 14.82600032
OE
SE
S P 0
OB 47.56734454 13.44724768 I
OS 47.55389778 13.45865736
OS 47.53733952 13.4643368
OS 47.51766976 13.46428854
OS 47.4948885 13.45851258
OS 47.46899574 13.44700892
OS 47.43998894 13.42977502
OS 47.40787064 13.40681596
OS 47.37264084 13.37812666
OS 47.29284674 13.30356242
OS 47.1741627 13.4722489
OS 47.21216364 13.51155794
OS 47.27241244 13.582269
OS 47.29465776 13.61367356
OS 47.3116529 13.64243906
OS 47.32339532 13.66857312
OS 47.32988502 13.69206812
OS 47.33112454 13.71292914
OS 47.32711134 13.73115618
OS 47.31784796 13.7467467
OS 47.56734454 13.44724768
OE
SE
S P 0
OB 47.92909642 16.2814 I
OS 47.92703394 16.300704
OS 47.9208465 16.317976
OS 47.9105341 16.333216
OS 47.89609674 16.346424
OS 47.87753442 16.3576
OS 47.85484714 16.366744
OS 47.8280349 16.373856
OS 47.7970977 16.378936
OS 47.76203554 16.381984
OS 47.72284842 16.383
OS 47.72284842 16.5862
OS 47.76203554 16.587216
OS 47.7970977 16.590264
OS 47.8280349 16.595344
OS 47.85484714 16.602456
OS 47.87753442 16.6116
OS 47.89609674 16.622776
OS 47.9105341 16.635984
OS 47.9208465 16.651224
OS 47.92703394 16.668496
OS 47.92909642 16.6878
OS 47.92909642 16.2814
OE
SE
S P 0
OB 48.007016 34.25374404 I
OS 48.010064 34.21920004
OS 48.015144 34.18872004
OS 48.022256 34.16230404
OS 48.0314 34.13995204
OS 48.042576 34.12166404
OS 48.055784 34.10744004
OS 48.071024 34.09728004
OS 48.088296 34.09118404
OS 48.1076 34.08915204
OS 47.7012 34.08915204
OS 47.720504 34.09118404
OS 47.737776 34.09728004
OS 47.753016 34.10744004
OS 47.766224 34.12166404
OS 47.7774 34.13995204
OS 47.786544 34.16230404
OS 47.793656 34.18872004
OS 47.798736 34.21920004
OS 47.801784 34.25374404
OS 47.8028 34.29235204
OS 48.006 34.29235204
OS 48.007016 34.25374404
OE
SE
S P 0
OB 48.22852432 19.7198615 I
OS 48.23309632 19.66752734
OS 48.24071632 19.62135014
OS 48.25138432 19.5813299
OS 48.26510032 19.54746662
OS 48.28186432 19.5197603
OS 48.30167632 19.49821094
OS 48.32453632 19.48281854
OS 48.35044432 19.4735831
OS 48.37940032 19.47050462
OS 47.76980032 19.47050462
OS 47.79875632 19.4735831
OS 47.82466432 19.48281854
OS 47.84752432 19.49821094
OS 47.86733632 19.5197603
OS 47.88410032 19.54746662
OS 47.89781632 19.5813299
OS 47.90848432 19.62135014
OS 47.91610432 19.66752734
OS 47.92067632 19.7198615
OS 47.92220032 19.77835262
OS 48.22700032 19.77835262
OS 48.22852432 19.7198615
OE
SE
S P 0
OB 48.22852432 22.2598615 I
OS 48.23309632 22.20752734
OS 48.24071632 22.16135014
OS 48.25138432 22.1213299
OS 48.26510032 22.08746662
OS 48.28186432 22.0597603
OS 48.30167632 22.03821094
OS 48.32453632 22.02281854
OS 48.35044432 22.0135831
OS 48.37940032 22.01050462
OS 47.76980032 22.01050462
OS 47.79875632 22.0135831
OS 47.82466432 22.02281854
OS 47.84752432 22.03821094
OS 47.86733632 22.0597603
OS 47.88410032 22.08746662
OS 47.89781632 22.1213299
OS 47.90848432 22.16135014
OS 47.91610432 22.20752734
OS 47.92067632 22.2598615
OS 47.92220032 22.31835262
OS 48.22700032 22.31835262
OS 48.22852432 22.2598615
OE
SE
S P 0
OB 48.35044432 20.09659938 I
OS 48.32453632 20.08745538
OS 48.30167632 20.07221538
OS 48.28186432 20.05087938
OS 48.26510032 20.02344738
OS 48.25138432 19.98991938
OS 48.24071632 19.95029538
OS 48.23309632 19.90457538
OS 48.22852432 19.85275938
OS 48.22700032 19.79484738
OS 47.92220032 19.79484738
OS 47.92067632 19.85275938
OS 47.91610432 19.90457538
OS 47.90848432 19.95029538
OS 47.89781632 19.98991938
OS 47.88410032 20.02344738
OS 47.86733632 20.05087938
OS 47.84752432 20.07221538
OS 47.82466432 20.08745538
OS 47.79875632 20.09659938
OS 47.76980032 20.09964738
OS 48.37940032 20.09964738
OS 48.35044432 20.09659938
OE
SE
S P 0
OB 48.35044432 22.63659938 I
OS 48.32453632 22.62745538
OS 48.30167632 22.61221538
OS 48.28186432 22.59087938
OS 48.26510032 22.56344738
OS 48.25138432 22.52991938
OS 48.24071632 22.49029538
OS 48.23309632 22.44457538
OS 48.22852432 22.39275938
OS 48.22700032 22.33484738
OS 47.92220032 22.33484738
OS 47.92067632 22.39275938
OS 47.91610432 22.44457538
OS 47.90848432 22.49029538
OS 47.89781632 22.52991938
OS 47.88410032 22.56344738
OS 47.86733632 22.59087938
OS 47.84752432 22.61221538
OS 47.82466432 22.62745538
OS 47.79875632 22.63659938
OS 47.76980032 22.63964738
OS 48.37940032 22.63964738
OS 48.35044432 22.63659938
OE
SE
S P 0
OB 48.51503632 29.54615122 I
OS 48.47449792 29.5042082
OS 48.41066772 29.4291258
OS 48.38737338 29.39598896
OS 48.36982706 29.36578328
OS 48.35802876 29.33851384
OS 48.35197594 29.31418064
OS 48.35167114 29.2927786
OS 48.35711436 29.2743128
OS 48.36830306 29.25878324
OS 48.08398308 29.54310322
OS 48.09951264 29.53191452
OS 48.11797844 29.5264713
OS 48.13938048 29.5267761
OS 48.16371368 29.53282892
OS 48.19098312 29.54462722
OS 48.2211888 29.56217354
OS 48.25432564 29.58546788
OS 48.29040126 29.61451024
OS 48.37135106 29.68983648
OS 48.51503632 29.54615122
OE
SE
S P 0
OB 48.61306 36.0934127 I
OS 48.59187386 36.0927015
OS 48.5709976 36.09014626
OS 48.55042868 36.08573936
OS 48.5301671 36.07948842
OS 48.51021286 36.07138836
OS 48.4905685 36.06144172
OS 48.47123148 36.0496485
OS 48.4522018 36.0360087
OS 48.433482 36.02051978
OS 48.415067 36.00318428
OS 48.27138428 36.146867
OS 48.28871978 36.165282
OS 48.3042087 36.1840018
OS 48.3178485 36.20303148
OS 48.32964172 36.2223685
OS 48.33958836 36.24201286
OS 48.34768842 36.2619671
OS 48.35393936 36.28222868
OS 48.35834626 36.3027976
OS 48.3609015 36.32367386
OS 48.3616127 36.34486
OS 48.61306 36.0934127
OE
SE
S P 0
OB 48.82144668 2.88564828 I
OS 48.81128668 2.87306004
OS 48.78080668 2.86179768
OS 48.73000668 2.8518612
OS 48.65888668 2.8432506
OS 48.45568668 2.82999942
OS 47.80544668 2.8194
OS 47.80544668 3.8354
OS 47.9988753 3.84048
OS 48.1719636 3.85572
OS 48.32471412 3.88112
OS 48.45712686 3.91668
OS 48.56920182 3.9624
OS 48.66093646 4.01828
OS 48.73233332 4.08432
OS 48.7833924 4.16052
OS 48.8141137 4.24688
OS 48.82449468 4.3434
OS 48.82144668 2.88564828
OE
SE
S P 0
OB 48.93446906 38.91109566 I
OS 48.88586616 38.7937629
OS 48.0266375 38.7937629
OS 46.13953434 40.68086606
OS 46.11880032 40.70310884
OS 46.11880032 41.54715846
OS 46.24580032 41.5997644
OS 48.93446906 38.91109566
OE
SE
S P 0
OB 49.7282978 33.26619966 I
OS 49.72623532 33.28550366
OS 49.72004788 33.30277566
OS 49.70973548 33.31801566
OS 49.69529812 33.33122366
OS 49.6767358 33.34239966
OS 49.65404852 33.35154366
OS 49.62723628 33.35865566
OS 49.59629908 33.36373566
OS 49.56123692 33.36678366
OS 49.5220498 33.36779966
OS 49.5220498 33.57099966
OS 49.56123692 33.57201566
OS 49.59629908 33.57506366
OS 49.62723628 33.58014366
OS 49.65404852 33.58725566
OS 49.6767358 33.59639966
OS 49.69529812 33.60757566
OS 49.70973548 33.62078366
OS 49.72004788 33.63602366
OS 49.72623532 33.65329566
OS 49.7282978 33.67259966
OS 49.7282978 33.26619966
OE
SE
S P 0
OB 49.7576729 14.54260236 I
OS 49.76204424 14.48277012
OS 49.76586694 14.45846232
OS 49.77078184 14.43789594
OS 49.77679148 14.42106844
OS 49.78389332 14.40797982
OS 49.79208736 14.39863008
OS 49.8013736 14.39302176
OS 49.81175204 14.39115232
OS 49.46855232 14.38810432
OS 49.48477276 14.3901414
OS 49.49928632 14.39594784
OS 49.512093 14.40552364
OS 49.5231928 14.41887134
OS 49.53258318 14.4359884
OS 49.54026668 14.45687736
OS 49.5462433 14.48153314
OS 49.55051304 14.50996082
OS 49.55307336 14.54215786
OS 49.5539268 14.5781268
OS 49.7571268 14.5781268
OS 49.7576729 14.54260236
OE
SE
S P 0
OB 52.07909574 16.2814 I
OS 52.07703326 16.300704
OS 52.07084582 16.317976
OS 52.06053342 16.333216
OS 52.04609606 16.346424
OS 52.02753374 16.3576
OS 52.00484646 16.366744
OS 51.97803422 16.373856
OS 51.94709702 16.378936
OS 51.91203486 16.381984
OS 51.87284774 16.383
OS 51.87284774 16.5862
OS 51.91203486 16.587216
OS 51.94709702 16.590264
OS 51.97803422 16.595344
OS 52.00484646 16.602456
OS 52.02753374 16.6116
OS 52.04609606 16.622776
OS 52.06053342 16.635984
OS 52.07084582 16.651224
OS 52.07703326 16.668496
OS 52.07909574 16.6878
OS 52.07909574 16.2814
OE
SE
S P 0
OB 52.41980118 18.52179938 I
OS 52.7109944 18.52179938
OS 52.72502028 18.518886
OS 52.7403441 18.52179938
OS 54.18756752 18.52179938
OS 54.23617042 18.40446662
OS 53.6028519 17.7711481
OS 53.54822666 17.6893982
OS 51.76819974 17.6893982
OS 51.76819974 16.8989629
OS 51.562 16.8989629
OS 51.40343034 16.86742118
OS 51.26900084 16.77759916
OS 50.78559566 16.29419398
OS 50.6682629 16.34279688
OS 50.6682629 17.53211124
OS 51.70838782 18.57223616
OS 52.41980118 18.57223616
OS 52.41980118 18.52179938
OE
SE
S P 0
OB 52.44640006 27.24805066 I
OS 52.14160006 27.23491632
OS 52.14120382 27.26333638
OS 52.13525514 27.33266822
OS 52.13168644 27.35047108
OS 52.12732526 27.3656171
OS 52.1221716 27.37810882
OS 52.11622292 27.38794624
OS 52.10948176 27.39512936
OS 52.10194812 27.39965564
OS 52.43059618 27.53545674
OS 52.44640006 27.24805066
OE
SE
S P 0
OB 52.5348327 20.03154998 I
OS 52.5174972 20.01313498
OS 52.50200828 19.99441518
OS 52.48836848 19.9753855
OS 52.47657526 19.95604848
OS 52.46662862 19.93640412
OS 52.45852856 19.91644988
OS 52.45227762 19.8961883
OS 52.44787072 19.87561938
OS 52.44531548 19.85474312
OS 52.44460428 19.83355698
OS 52.19315698 20.08500428
OS 52.21434312 20.08571548
OS 52.23521938 20.08827072
OS 52.2557883 20.09267762
OS 52.27604988 20.09892856
OS 52.29600412 20.10702862
OS 52.31564848 20.11697526
OS 52.3349855 20.12876848
OS 52.35401518 20.14240828
OS 52.37273498 20.1578972
OS 52.39114998 20.1752327
OS 52.5348327 20.03154998
OE
SE
S P 0
OB 52.72764918 18.82964738 I
OS 52.72561718 18.84016298
OS 52.71952118 18.84957368
OS 52.70936118 18.85787694
OS 52.69513718 18.86507276
OS 52.67684918 18.87116114
OS 52.65449718 18.87614208
OS 52.62808118 18.88001812
OS 52.59760118 18.88278418
OS 52.52444918 18.88499906
OS 52.52444918 19.08819906
OS 52.56348136 19.08921506
OS 52.59842414 19.09226306
OS 52.62927498 19.09734306
OS 52.65603642 19.10445506
OS 52.67870592 19.11359906
OS 52.69728602 19.12477506
OS 52.71177418 19.13798306
OS 52.72217294 19.15322306
OS 52.72847976 19.17049506
OS 52.73069718 19.18979906
OS 52.72764918 18.82964738
OE
SE
S P 0
OB 52.73006726 21.60907286 I
OS 52.73305684 21.60713738
OS 52.75180458 21.59723138
OS 52.77164198 21.58884938
OS 52.7925665 21.58199138
OS 52.81457814 21.57665738
OS 52.83767944 21.57284738
OS 52.86186786 21.57056138
OS 52.88714848 21.56979938
OS 52.88714848 21.36659938
OS 52.86186786 21.36583738
OS 52.83767944 21.36355138
OS 52.81457814 21.35974138
OS 52.7925665 21.35440738
OS 52.77164198 21.34754938
OS 52.75180458 21.33916738
OS 52.73305684 21.32926138
OS 52.71539876 21.31783138
OS 52.6988278 21.30487738
OS 52.68334396 21.29039938
OS 52.68334396 21.3689819
OS 52.52444918 21.36659938
OS 52.52444918 21.56979938
OS 52.56345088 21.57081538
OS 52.5983708 21.57386338
OS 52.62920386 21.57894338
OS 52.65595514 21.58605538
OS 52.6786221 21.59519938
OS 52.68334396 21.5980391
OS 52.68334396 21.64599938
OS 52.6988278 21.63152138
OS 52.71253872 21.62080512
OS 52.7221196 21.63482338
OS 52.72844928 21.65209538
OS 52.73069718 21.67139938
OS 52.73006726 21.60907286
OE
SE
S P 0
OB 52.73069718 20.2184 I
OS 52.72916048 20.23277894
OS 52.72764918 20.09964738
OS 52.72622932 20.1043794
OS 52.72197228 20.10861104
OS 52.71487806 20.11234738
OS 52.70494412 20.11558334
OS 52.692173 20.11832146
OS 52.6765647 20.12056428
OS 52.63683148 20.12355132
OS 52.585747 20.124547
OS 52.585747 20.31706122
OS 52.5636363 20.318984
OS 52.52444918 20.32
OS 52.52444918 20.5232
OS 52.5636363 20.524216
OS 52.59869846 20.527264
OS 52.62963566 20.532344
OS 52.6564479 20.539456
OS 52.67913518 20.5486
OS 52.6976975 20.559776
OS 52.71213486 20.572984
OS 52.72244726 20.588224
OS 52.7286347 20.605496
OS 52.73069718 20.6248
OS 52.73069718 20.2184
OE
SE
S P 0
OB 53.0397085 23.44686192 I
OS 53.04718372 23.35460912
OS 53.05166936 23.33203614
OS 53.05715322 23.31355256
OS 53.06363022 23.29915584
OS 53.07110544 23.28885106
OS 53.07957888 23.28263314
OS 53.089048 23.28050462
OS 52.72764918 23.28355262
OS 52.72893442 23.28557446
OS 52.7300825 23.29164252
OS 52.7310985 23.30175426
OS 52.73332862 23.35635918
OS 52.73441066 23.48578996
OS 53.03921066 23.48578996
OS 53.0397085 23.44686192
OE
SE
S P 0
OB 54.90565854 11.48361178 I
OS 54.89991052 11.46493262
OS 54.89991052 11.44337818
OS 54.90565854 11.41895354
OS 54.91715204 11.39165362
OS 54.93439356 11.36147842
OS 54.9573831 11.32843302
OS 54.98612066 11.2925098
OS 55.0608373 11.21204768
OS 54.91715204 11.06836242
OS 54.87548334 11.10859602
OS 54.8007667 11.17181662
OS 54.7677213 11.19480616
OS 54.7375461 11.21204768
OS 54.71024618 11.22354118
OS 54.68582154 11.2292892
OS 54.6642671 11.2292892
OS 54.64558794 11.22354118
OS 54.62978406 11.21204768
OS 54.91715204 11.49941566
OS 54.90565854 11.48361178
OE
SE
S P 0
OB 55.0608373 13.52255106 I
OS 55.0206037 13.48088236
OS 54.9573831 13.40616572
OS 54.93439356 13.37312032
OS 54.91715204 13.34294512
OS 54.90565854 13.3156452
OS 54.89991052 13.29122056
OS 54.89991052 13.26966612
OS 54.90565854 13.25098696
OS 54.91715204 13.23518308
OS 54.62978406 13.52255106
OS 54.64558794 13.51105756
OS 54.6642671 13.50530954
OS 54.68582154 13.50530954
OS 54.71024618 13.51105756
OS 54.7375461 13.52255106
OS 54.7677213 13.53979258
OS 54.8007667 13.56278212
OS 54.83668992 13.59151968
OS 54.91715204 13.66623632
OS 55.0608373 13.52255106
OE
SE
S P 0
OB 55.733696 6.17083348 I
OS 55.716424 6.16464604
OS 55.701184 6.15433364
OS 55.687976 6.13989628
OS 55.6768 6.12133396
OS 55.667656 6.09864668
OS 55.660544 6.07183444
OS 55.655464 6.04089724
OS 55.65245156 6.00624656
OS 55.6525176 6.00457778
OS 55.6558704 5.9769756
OS 55.6614584 5.95004398
OS 55.6692816 5.92378038
OS 55.67934 5.89818734
OS 55.6916336 5.87326486
OS 55.7061624 5.84901294
OS 55.7229264 5.82542904
OS 55.7419256 5.8025157
OS 55.76316 5.78027038
OS 55.33644 5.78027038
OS 55.3576744 5.8025157
OS 55.3766736 5.82542904
OS 55.3934376 5.84901294
OS 55.4079664 5.87326486
OS 55.42026 5.89818734
OS 55.4303184 5.92378038
OS 55.4381416 5.95004398
OS 55.4437296 5.9769756
OS 55.4470824 6.00457778
OS 55.44714844 6.00624656
OS 55.444136 6.04089724
OS 55.439056 6.07183444
OS 55.431944 6.09864668
OS 55.4228 6.12133396
OS 55.411624 6.13989628
OS 55.398416 6.15433364
OS 55.383176 6.16464604
OS 55.365904 6.17083348
OS 55.3466 6.17289596
OS 55.753 6.17289596
OS 55.733696 6.17083348
OE
SE
S P 0
OB 56.83920306 38.48270434 I
OS 56.44764936 38.09114556
OS 56.38028348 37.99032534
OS 56.35662846 37.87139746
OS 56.35662846 34.94220596
OS 56.2392957 34.8936056
OS 55.50125044 35.63164832
OS 55.27840354 35.8026462
OS 55.01889174 35.910139
OS 54.8765984 35.9288715
OS 54.8765984 37.6094371
OS 55.23989206 37.6094371
OS 55.39846172 37.64097882
OS 55.53289122 37.73080084
OS 56.40212748 38.6000371
OS 56.79060016 38.6000371
OS 56.83920306 38.48270434
OE
SE
S P 0
OB 57.04336572 8.78719604 I
OS 57.04565172 8.76128804
OS 57.04946172 8.73842804
OS 57.05479572 8.71861604
OS 57.06165372 8.70185204
OS 57.07003572 8.68813604
OS 57.07994172 8.67746804
OS 57.09137172 8.66984804
OS 57.10432572 8.66527604
OS 57.11880372 8.66375204
OS 56.81400372 8.66375204
OS 56.82848172 8.66527604
OS 56.84143572 8.66984804
OS 56.85286572 8.67746804
OS 56.86277172 8.68813604
OS 56.87115372 8.70185204
OS 56.87801172 8.71861604
OS 56.88334572 8.73842804
OS 56.88715572 8.76128804
OS 56.88944172 8.78719604
OS 56.89020372 8.81615204
OS 57.04260372 8.81615204
OS 57.04336572 8.78719604
OE
SE
S P 0
OB 57.105296 6.17083348 I
OS 57.088024 6.16464604
OS 57.072784 6.15433364
OS 57.059576 6.13989628
OS 57.0484 6.12133396
OS 57.039256 6.09864668
OS 57.032144 6.07183444
OS 57.027064 6.04089724
OS 57.02528092 6.02039436
OS 57.0274704 6.0023756
OS 57.0330584 5.97544398
OS 57.0408816 5.94918038
OS 57.05094 5.92358734
OS 57.0632336 5.89866486
OS 57.0777624 5.87441294
OS 57.0945264 5.85082904
OS 57.1135256 5.8279157
OS 57.13476 5.80567038
OS 56.70804 5.80567038
OS 56.7292744 5.8279157
OS 56.7482736 5.85082904
OS 56.7650376 5.87441294
OS 56.7795664 5.89866486
OS 56.79186 5.92358734
OS 56.8019184 5.94918038
OS 56.8097416 5.97544398
OS 56.8153296 6.0023756
OS 56.81751908 6.02039436
OS 56.815736 6.04089724
OS 56.810656 6.07183444
OS 56.803544 6.09864668
OS 56.7944 6.12133396
OS 56.783224 6.13989628
OS 56.770016 6.15433364
OS 56.754776 6.16464604
OS 56.737504 6.17083348
OS 56.7182 6.17289596
OS 57.1246 6.17289596
OS 57.105296 6.17083348
OE
SE
S P 0
OB 57.28753846 17.73606562 I
OS 57.28690346 17.73108722
OS 57.28634466 17.72321068
OS 57.2845565 17.6150651
OS 57.2845184 17.58689396
OS 57.0813184 17.58689396
OS 57.08115584 17.6049178
OS 57.07724424 17.65887248
OS 57.07545354 17.66782344
OS 57.07333518 17.67496084
OS 57.0708917 17.68028468
OS 57.0681231 17.68379242
OS 57.06502684 17.68548406
OS 57.28824712 17.73814334
OS 57.28753846 17.73606562
OE
SE
S P 0
OB 57.74904122 4.717161 I
OS 57.75522866 4.699889
OS 57.76554106 4.684649
OS 57.77997842 4.671441
OS 57.79854074 4.660265
OS 57.82122802 4.651121
OS 57.84804026 4.644009
OS 57.87897746 4.638929
OS 57.91403962 4.635881
OS 57.95322674 4.634865
OS 57.95322674 4.431665
OS 57.91403962 4.430649
OS 57.87897746 4.427601
OS 57.84804026 4.422521
OS 57.82122802 4.415409
OS 57.79854074 4.406265
OS 57.77997842 4.395089
OS 57.76554106 4.381881
OS 57.75522866 4.366641
OS 57.74904122 4.349369
OS 57.74697874 4.330065
OS 57.74697874 4.736465
OS 57.74904122 4.717161
OE
SE
S P 0
OB 57.77439804 21.08199492 I
OS 57.86916798 21.0566
OS 58.05643202 21.0566
OS 58.15119942 21.08199238
OS 58.6486 21.08199238
OS 58.64860508 21.08198984
OS 59.27762338 20.45297408
OS 59.27762846 19.04791466
OS 59.2832571 19.01961652
OS 59.2832571 18.98918478
OS 59.28330028 18.98896888
OS 59.28330028 18.56692756
OS 59.2838286 18.56427072
OS 59.2838286 18.53579732
OS 59.28926928 18.50844406
OS 59.28926928 18.50631554
OS 59.2897976 18.5036587
OS 59.28980014 18.50365362
OS 59.28980014 17.92100048
OS 59.30899746 17.92100048
OS 59.30899746 17.63796828
OS 59.23912714 17.53340156
OS 59.12720204 17.53340156
OS 59.12720204 16.37900204
OS 59.0066003 16.2584003
OS 58.6207997 16.2584003
OS 58.48679946 16.39240054
OS 58.48679946 17.53339902
OS 58.486802 17.53339902
OS 58.47388102 17.65463068
OS 58.47388102 17.87693402
OS 58.3888088 18.08231588
OS 58.23161582 18.23950886
OS 58.15902262 18.26957738
OS 57.8866 18.542
OS 57.0738 18.542
OS 57.023 18.4912
OS 57.01344706 18.4912
OS 56.8080652 18.40612778
OS 56.65087222 18.2489348
OS 56.5658 18.04355294
OS 56.5658 18.034
OS 55.7022 17.17039746
OS 55.7022 16.53339848
OS 55.62719888 16.53339848
OS 55.62719888 15.67380152
OS 56.1058187 15.67380152
OS 56.12358854 15.66039794
OS 56.08106132 15.53339794
OS 55.62719888 15.53339794
OS 55.62719888 14.8336
OS 54.20412832 14.8336
OS 54.09019916 14.79794856
OS 54.08946002 14.86662254
OS 54.08911204 14.87188796
OS 53.9049976 15.0560024
OS 53.9049976 15.22739906
OS 53.8226 15.22739906
OS 53.8226 17.5514
OS 54.71159746 18.44039746
OS 54.7116 20.4724
OS 55.3212 21.082
OS 57.77439804 21.08199492
OE
SE
S P 0
OB 58.13396298 8.78719604 I
OS 58.13624898 8.76128804
OS 58.14005898 8.73842804
OS 58.14539298 8.71861604
OS 58.15225098 8.70185204
OS 58.16063298 8.68813604
OS 58.17053898 8.67746804
OS 58.18196898 8.66984804
OS 58.19492298 8.66527604
OS 58.20940098 8.66375204
OS 57.90460098 8.66375204
OS 57.91907898 8.66527604
OS 57.93203298 8.66984804
OS 57.94346298 8.67746804
OS 57.95336898 8.68813604
OS 57.96175098 8.70185204
OS 57.96860898 8.71861604
OS 57.97394298 8.73842804
OS 57.97775298 8.76128804
OS 57.98003898 8.78719604
OS 57.98080098 8.81615204
OS 58.13320098 8.81615204
OS 58.13396298 8.78719604
OE
SE
S P 0
OB 58.45909568 4.330065 I
OS 58.4570332 4.349369
OS 58.45084576 4.366641
OS 58.44053336 4.381881
OS 58.426096 4.395089
OS 58.40753368 4.406265
OS 58.3848464 4.415409
OS 58.35803416 4.422521
OS 58.32709696 4.427601
OS 58.2920348 4.430649
OS 58.25284768 4.431665
OS 58.25284768 4.634865
OS 58.2920348 4.635881
OS 58.32709696 4.638929
OS 58.35803416 4.644009
OS 58.3848464 4.651121
OS 58.40753368 4.660265
OS 58.426096 4.671441
OS 58.44053336 4.684649
OS 58.45084576 4.699889
OS 58.4570332 4.717161
OS 58.45909568 4.736465
OS 58.45909568 4.330065
OE
SE
S P 0
OB 58.47189982 41.71038394 I
OS 58.47189982 40.36201478
OS 58.46897628 40.3473158
OS 58.47052314 40.3395434
OS 58.45500628 40.32120714
OS 57.91816204 39.7843629
OS 56.54587624 39.7843629
OS 56.49727588 39.90169566
OS 58.35456706 41.75898684
OS 58.47189982 41.71038394
OE
SE
S P 0
OB 58.476896 6.17083348 I
OS 58.459624 6.16464604
OS 58.444384 6.15433364
OS 58.431176 6.13989628
OS 58.42 6.12133396
OS 58.410856 6.09864668
OS 58.403744 6.07183444
OS 58.4022962 6.06302318
OS 58.4046584 6.05164398
OS 58.4124816 6.02538038
OS 58.42254 5.99978734
OS 58.4348336 5.97486486
OS 58.4493624 5.95061294
OS 58.4661264 5.92702904
OS 58.4851256 5.9041157
OS 58.50636 5.88187038
OS 58.07964 5.88187038
OS 58.1008744 5.9041157
OS 58.1198736 5.92702904
OS 58.1366376 5.95061294
OS 58.1511664 5.97486486
OS 58.16346 5.99978734
OS 58.1735184 6.02538038
OS 58.1813416 6.05164398
OS 58.1837038 6.06302318
OS 58.182256 6.07183444
OS 58.175144 6.09864668
OS 58.166 6.12133396
OS 58.154824 6.13989628
OS 58.141616 6.15433364
OS 58.126376 6.16464604
OS 58.109104 6.17083348
OS 58.0898 6.17289596
OS 58.4962 6.17289596
OS 58.476896 6.17083348
OE
SE
S P 0
OB 59.0671158 40.05994782 I
OS 59.05131192 40.07144132
OS 59.03263276 40.07718934
OS 59.01107832 40.07718934
OS 58.98665368 40.07144132
OS 58.95935376 40.05994782
OS 58.92917856 40.0427063
OS 58.89613316 40.01971676
OS 58.86020994 39.9909792
OS 58.77974782 39.91626256
OS 58.63606256 40.05994782
OS 58.67629616 40.10161652
OS 58.73951676 40.17633316
OS 58.7625063 40.20937856
OS 58.77974782 40.23955376
OS 58.79124132 40.26685368
OS 58.79698934 40.29127832
OS 58.79698934 40.31283276
OS 58.79124132 40.33151192
OS 58.77974782 40.3473158
OS 59.0671158 40.05994782
OE
SE
S P 0
OB 59.848496 6.17083348 I
OS 59.831224 6.16464604
OS 59.815984 6.15433364
OS 59.802776 6.13989628
OS 59.7916 6.12133396
OS 59.782456 6.09864668
OS 59.775344 6.07183444
OS 59.7738962 6.06302318
OS 59.7762584 6.05164398
OS 59.7840816 6.02538038
OS 59.79414 5.99978734
OS 59.8064336 5.97486486
OS 59.8209624 5.95061294
OS 59.8377264 5.92702904
OS 59.8567256 5.9041157
OS 59.87796 5.88187038
OS 59.45124 5.88187038
OS 59.4724744 5.9041157
OS 59.4914736 5.92702904
OS 59.5082376 5.95061294
OS 59.5227664 5.97486486
OS 59.53506 5.99978734
OS 59.5451184 6.02538038
OS 59.5529416 6.05164398
OS 59.5553038 6.06302318
OS 59.553856 6.07183444
OS 59.546744 6.09864668
OS 59.5376 6.12133396
OS 59.526424 6.13989628
OS 59.513216 6.15433364
OS 59.497976 6.16464604
OS 59.480704 6.17083348
OS 59.4614 6.17289596
OS 59.8678 6.17289596
OS 59.848496 6.17083348
OE
SE
S P 0
OB 59.94398984 38.50639746 I
OS 60.17085502 38.2795399
OS 60.17086518 38.27952212
OS 60.53195666 37.91844334
OS 60.53229956 37.91671868
OS 60.5526094 37.86768398
OS 60.5536 37.86620062
OS 60.5536 37.2258717
OS 60.55180676 37.21224714
OS 60.53912454 37.20699442
OS 60.50440528 37.1976904
OS 60.46795882 37.17971736
OS 60.42946258 37.16664906
OS 60.29181236 37.087175
OS 60.26125362 37.060378
OS 60.22744876 37.03778978
OS 60.17085248 36.98119096
OS 60.10348406 36.88037074
OS 60.07982904 36.76144286
OS 60.07982904 36.75794528
OS 60.0786327 36.75753888
OS 60.04806888 36.7307368
OS 60.01426402 36.70814858
OS 60.0028772 36.69110772
OS 59.98746448 36.67759238
OS 59.9818714 36.66625128
OS 59.84708376 36.58843076
OS 59.67683772 36.41818472
OS 59.55645442 36.20967612
OS 59.49413806 35.97711372
OS 59.49413806 35.73634712
OS 59.55645442 35.50378472
OS 59.67683772 35.29527612
OS 59.84708376 35.12503008
OS 60.05559236 35.00464678
OS 60.28815476 34.94233042
OS 60.52891882 34.94233042
OS 60.5536 34.92339218
OS 60.5536 34.54399746
OS 59.94399746 33.93439746
OS 57.27699746 33.93439746
OS 56.6674 34.54399746
OS 56.6674 37.87139746
OS 57.30239492 38.5064
OS 59.94398984 38.50639746
OE
SE
S P 0
OB 6.19187992 29.13679466 I
OS 6.16529882 29.10877592
OS 6.1430281 29.08219482
OS 6.12506522 29.05705136
OS 6.11141526 29.033343
OS 6.10207568 29.01107228
OS 6.09704902 28.99023666
OS 6.0963302 28.97084122
OS 6.09992176 28.95288088
OS 6.1078237 28.93635564
OS 6.12003856 28.92126804
OS 5.83266804 29.20863856
OS 5.84775564 29.1964237
OS 5.86428088 29.18852176
OS 5.88224122 29.1849302
OS 5.90163666 29.18564902
OS 5.92247228 29.19067568
OS 5.944743 29.20001526
OS 5.96845136 29.21366522
OS 5.99359482 29.2316281
OS 6.02017592 29.25389882
OS 6.04819466 29.28047992
OS 6.19187992 29.13679466
OE
SE
S P 0
OB 6.88764942 14.9077553 I
OS 6.89495954 14.90568266
OS 6.9049646 14.90385386
OS 6.91766714 14.9022689
OS 6.97195456 14.89897706
OS 7.05051676 14.89787978
OS 7.11062078 14.59307978
OS 7.08216008 14.59273434
OS 7.01164206 14.58757306
OS 6.9930899 14.58447426
OS 6.9770117 14.58068966
OS 6.96341254 14.57621418
OS 6.95228734 14.5710529
OS 6.94364118 14.56520074
OS 6.93747152 14.55866024
OS 6.88303932 14.91006924
OS 6.88764942 14.9077553
OE
SE
S P 0
OB 6.90865522 18.15778182 I
OS 6.91475122 18.06819348
OS 6.91754522 18.05201622
OS 6.92084722 18.03832816
OS 6.92465722 18.02712676
OS 6.92897522 18.01841456
OS 6.93380122 18.01219156
OS 6.57820122 18.01219156
OS 6.58302722 18.01841456
OS 6.58734522 18.02712676
OS 6.59115522 18.03832816
OS 6.59445722 18.05201622
OS 6.59725122 18.06819348
OS 6.60131522 18.10801052
OS 6.60334722 18.15778182
OS 6.60360122 18.1864
OS 6.90840122 18.1864
OS 6.90865522 18.15778182
OE
SE
S P 0
OB 60.59549984 8.74134142 I
OS 60.65153478 8.6939247
OS 60.6763201 8.67668318
OS 60.6989515 8.66375204
OS 60.71942644 8.65513128
OS 60.73774746 8.6508209
OS 60.75390948 8.6508209
OS 60.76792012 8.65513128
OS 60.7797743 8.66375204
OS 60.56424768 8.44822542
OS 60.57286844 8.4600796
OS 60.57717882 8.47409024
OS 60.57717882 8.49025226
OS 60.57286844 8.50857328
OS 60.56424768 8.52904822
OS 60.55131654 8.55167962
OS 60.53407502 8.57646494
OS 60.51252058 8.60340418
OS 60.45648564 8.66375204
OS 60.56424768 8.77151408
OS 60.59549984 8.74134142
OE
SE
S P 0
OB 60.8838 27.43199492 I
OS 61.722 26.5938
OS 61.722 21.92019746
OS 61.41344334 21.61164334
OS 61.38947082 21.59562356
OS 61.36119808 21.59
OS 60.065031 21.59
OS 58.7661385 21.59
OS 58.674 21.717
OS 58.674 21.86143202
OS 58.62553172 22.04231304
OS 58.53190224 22.20448696
OS 58.39948696 22.33690224
OS 58.23731304 22.43053172
OS 58.05643202 22.479
OS 57.86916798 22.479
OS 57.68828696 22.43053172
OS 57.52611304 22.33690224
OS 57.39369776 22.20448696
OS 57.30006828 22.04231304
OS 57.2516 21.86143202
OS 57.2516 21.67417052
OS 57.18701288 21.58999746
OS 55.2704 21.58999746
OS 54.737 22.1234
OS 54.73699492 26.82239492
OS 55.34660254 27.43200254
OS 60.8838 27.43199492
OE
OB 59.06455294 25.0444 H
OS 58.84224706 25.0444
OS 58.6368652 24.95932778
OS 58.47967222 24.8021348
OS 58.3946 24.59675294
OS 58.3946 24.37444706
OS 58.47967222 24.1690652
OS 58.6368652 24.01187222
OS 58.84224706 23.9268
OS 59.06455294 23.9268
OS 59.2699348 24.01187222
OS 59.42712778 24.1690652
OS 59.5122 24.37444706
OS 59.5122 24.59675294
OS 59.42712778 24.8021348
OS 59.2699348 24.95932778
OS 59.06455294 25.0444
OE
SE
S P 0
OB 61.21092406 16.19686118 I
OS 61.21549606 16.14452702
OS 61.22311606 16.09834982
OS 61.23378406 16.05832958
OS 61.24750006 16.0244663
OS 61.26426406 15.99675998
OS 61.28407606 15.97521062
OS 61.30693606 15.95981822
OS 61.33284406 15.95058278
OS 61.36180006 15.9475043
OS 60.75220006 15.9475043
OS 60.78115606 15.95058278
OS 60.80706406 15.95981822
OS 60.82992406 15.97521062
OS 60.84973606 15.99675998
OS 60.86650006 16.0244663
OS 60.88021606 16.05832958
OS 60.89088406 16.09834982
OS 60.89850406 16.14452702
OS 60.90307606 16.19686118
OS 60.90460006 16.2553523
OS 61.20940006 16.2553523
OS 61.21092406 16.19686118
OE
SE
S P 0
OB 61.220096 6.17083348 I
OS 61.202824 6.16464604
OS 61.187584 6.15433364
OS 61.174376 6.13989628
OS 61.1632 6.12133396
OS 61.154056 6.09864668
OS 61.146944 6.07183444
OS 61.14316956 6.0488449
OS 61.1478584 6.02624398
OS 61.1556816 5.99998038
OS 61.16574 5.97438734
OS 61.1780336 5.94946486
OS 61.1925624 5.92521294
OS 61.2093264 5.90162904
OS 61.2283256 5.8787157
OS 61.24956 5.85647038
OS 60.82284 5.85647038
OS 60.8440744 5.8787157
OS 60.8630736 5.90162904
OS 60.8798376 5.92521294
OS 60.8943664 5.94946486
OS 60.90666 5.97438734
OS 60.9167184 5.99998038
OS 60.9245416 6.02624398
OS 60.92923044 6.0488449
OS 60.925456 6.07183444
OS 60.918344 6.09864668
OS 60.9092 6.12133396
OS 60.898024 6.13989628
OS 60.884816 6.15433364
OS 60.869576 6.16464604
OS 60.852304 6.17083348
OS 60.833 6.17289596
OS 61.2394 6.17289596
OS 61.220096 6.17083348
OE
SE
S P 0
OB 61.39036744 4.640961 I
OS 61.39655488 4.623689
OS 61.40686728 4.608449
OS 61.42130464 4.595241
OS 61.43986696 4.584065
OS 61.46255424 4.574921
OS 61.48936648 4.567809
OS 61.52030368 4.562729
OS 61.55536584 4.559681
OS 61.59455296 4.558665
OS 61.59455296 4.355465
OS 61.55536584 4.354449
OS 61.52030368 4.351401
OS 61.48936648 4.346321
OS 61.46255424 4.339209
OS 61.43986696 4.330065
OS 61.42130464 4.318889
OS 61.40686728 4.305681
OS 61.39655488 4.290441
OS 61.39036744 4.273169
OS 61.38830496 4.253865
OS 61.38830496 4.660265
OS 61.39036744 4.640961
OE
SE
S P 0
OB 61.70939906 15.36060174 I
OS 61.71023726 15.3206831
OS 61.71695302 15.24012446
OS 61.72283058 15.19948446
OS 61.73961744 15.11748056
OS 61.75053182 15.0761192
OS 61.77739232 14.99267512
OS 61.79334098 14.9505924
OS 61.21154128 15.21100082
OS 61.24822142 15.22671326
OS 61.2810433 15.2456134
OS 61.31000184 15.26770632
OS 61.33509704 15.29298948
OS 61.35633398 15.32146288
OS 61.37371012 15.35312652
OS 61.38722292 15.3879804
OS 61.39687746 15.42602706
OS 61.40266866 15.46726396
OS 61.40459906 15.5116911
OS 61.70939906 15.36060174
OE
SE
S P 0
OB 62.09129568 4.253865 I
OS 62.0892332 4.273169
OS 62.08304576 4.290441
OS 62.07273336 4.305681
OS 62.058296 4.318889
OS 62.03973368 4.330065
OS 62.0170464 4.339209
OS 61.99023416 4.346321
OS 61.95929696 4.351401
OS 61.9242348 4.354449
OS 61.88504768 4.355465
OS 61.88504768 4.558665
OS 61.9242348 4.559681
OS 61.95929696 4.562729
OS 61.99023416 4.567809
OS 62.0170464 4.574921
OS 62.03973368 4.584065
OS 62.058296 4.595241
OS 62.07273336 4.608449
OS 62.08304576 4.623689
OS 62.0892332 4.640961
OS 62.09129568 4.660265
OS 62.09129568 4.253865
OE
SE
S P 0
OB 62.4039519 10.75664854 I
OS 62.4069999 10.52494974
OS 62.1021999 10.52494974
OS 62.10140742 10.56943784
OS 62.0950625 10.6444034
OS 62.0895126 10.6748834
OS 62.0823752 10.70069234
OS 62.07365284 10.72183276
OS 62.06334298 10.73830212
OS 62.05144816 10.75010296
OS 62.03796838 10.75723528
OS 62.0229011 10.75969654
OS 62.4039519 10.75664854
OE
SE
S P 0
OB 62.57956496 24.41276296 I
OS 62.57270442 24.39764742
OS 62.56665414 24.38027382
OS 62.56140904 24.36063708
OS 62.55696912 24.33873974
OS 62.55051498 24.28816072
OS 62.55002984 24.28125446
OS 62.55297878 24.24782298
OS 62.56059878 24.20210298
OS 62.57126678 24.16247898
OS 62.58498278 24.12895098
OS 62.60174678 24.10151898
OS 62.62155878 24.08018298
OS 62.64441878 24.06494298
OS 62.67032678 24.05579898
OS 62.69928278 24.05275098
OS 62.31864854 24.05275098
OS 62.30410196 24.05579898
OS 62.29108446 24.06494298
OS 62.27960112 24.08018298
OS 62.26964686 24.10151898
OS 62.26122422 24.12895098
OS 62.2610134 24.1299746
OS 62.24208278 24.12564644
OS 62.24134618 24.15838196
OS 62.23545084 24.21658606
OS 62.2302921 24.24205464
OS 62.22366016 24.26509752
OS 62.21555502 24.28571724
OS 62.20597414 24.30391634
OS 62.1949226 24.31968974
OS 62.18239532 24.33304252
OS 62.16839484 24.3439696
OS 62.58723068 24.42561536
OS 62.57956496 24.41276296
OE
SE
S P 0
OB 62.591696 6.17083348 I
OS 62.574424 6.16464604
OS 62.559184 6.15433364
OS 62.545976 6.13989628
OS 62.5348 6.12133396
OS 62.525656 6.09864668
OS 62.518544 6.07183444
OS 62.513464 6.04089724
OS 62.51168092 6.02039436
OS 62.5138704 6.0023756
OS 62.5194584 5.97544398
OS 62.5272816 5.94918038
OS 62.53734 5.92358734
OS 62.5496336 5.89866486
OS 62.5641624 5.87441294
OS 62.5809264 5.85082904
OS 62.5999256 5.8279157
OS 62.62116 5.80567038
OS 62.19444 5.80567038
OS 62.2156744 5.8279157
OS 62.2346736 5.85082904
OS 62.2514376 5.87441294
OS 62.2659664 5.89866486
OS 62.27826 5.92358734
OS 62.2883184 5.94918038
OS 62.2961416 5.97544398
OS 62.3017296 6.0023756
OS 62.30391908 6.02039436
OS 62.302136 6.04089724
OS 62.297056 6.07183444
OS 62.289944 6.09864668
OS 62.2808 6.12133396
OS 62.269624 6.13989628
OS 62.256416 6.15433364
OS 62.241176 6.16464604
OS 62.223904 6.17083348
OS 62.2046 6.17289596
OS 62.611 6.17289596
OS 62.591696 6.17083348
OE
SE
S P 0
OB 62.98856338 37.86844344 I
OS 63.00599794 37.85601014
OS 63.03505554 37.84503988
OS 63.07573364 37.83553012
OS 63.12803732 37.82748594
OS 63.26751126 37.81578416
OS 63.56389116 37.80920048
OS 63.56389116 36.79320048
OS 62.98275186 36.79624848
OS 62.98275186 37.88233978
OS 62.98856338 37.86844344
OE
SE
S P 0
OB 63.33869984 8.74134142 I
OS 63.39473478 8.6939247
OS 63.4195201 8.67668318
OS 63.4421515 8.66375204
OS 63.46262644 8.65513128
OS 63.48094746 8.6508209
OS 63.49710948 8.6508209
OS 63.51112012 8.65513128
OS 63.5229743 8.66375204
OS 63.30744768 8.44822542
OS 63.31606844 8.4600796
OS 63.32037882 8.47409024
OS 63.32037882 8.49025226
OS 63.31606844 8.50857328
OS 63.30744768 8.52904822
OS 63.29451654 8.55167962
OS 63.27727502 8.57646494
OS 63.25572058 8.60340418
OS 63.19968564 8.66375204
OS 63.30744768 8.77151408
OS 63.33869984 8.74134142
OE
SE
S P 0
OB 63.5158242 23.41098188 I
OS 63.54294632 23.40548024
OS 63.5429514 23.40548024
OS 63.5429641 23.4054777
OS 63.543434 23.40547516
OS 63.54379468 23.40540404
OS 63.54422902 23.4052237
OS 63.57263638 23.39955442
OS 63.59970262 23.3880152
OS 63.5998601 23.38798218
OS 63.60072878 23.38797202
OS 63.62706096 23.37693826
OS 63.62706604 23.37693318
OS 63.6513205 23.36058066
OS 63.65192248 23.3603292
OS 63.65192248 23.36032666
OS 63.65238222 23.35986946
OS 63.65238984 23.35986438
OS 63.65239746 23.35985676
OS 63.67690846 23.34347884
OS 63.69805396 23.32232318
OS 63.69811492 23.32228254
OS 63.9863592 23.03403318
OS 63.9863592 23.03403064
OS 63.98670464 23.0323009
OS 64.00701702 22.98325858
OS 64.008 22.98178792
OS 64.008 22.98178792
OS 64.00799746 21.64079492
OS 64.00799746 21.64079492
OS 64.00799746 21.48620036
OS 64.00799746 21.46100102
OS 64.00799746 21.46100102
OS 64.00799746 21.3614
OS 64.00799746 21.3614
OS 64.00799746 21.3614
OS 64.00799492 20.55379176
OS 64.00237136 20.52552156
OS 63.98635412 20.50155158
OS 63.78703778 20.30224032
OS 63.7630678 20.28622308
OS 63.73798022 20.28123452
OS 63.73644606 20.28059952
OS 62.18979942 20.28059952
OS 62.18979942 20.193
OS 61.087 20.193
OS 60.86898418 19.97498418
OS 60.86896894 19.97497402
OS 60.73074722 19.83674722
OS 60.6552 19.7612
OS 60.6552 19.70057782
OS 60.64571056 19.67767972
OS 60.64461074 19.67215522
OS 60.64460566 19.64152536
OS 60.63862904 19.61147716
OS 60.63862904 18.57622904
OS 60.45279248 18.39039248
OS 60.2947613 18.39039248
OS 60.05195254 18.34209438
OS 59.93297894 18.2626
OS 59.86779746 18.2626
OS 59.59460014 18.53579732
OS 59.59460014 18.56427072
OS 59.59407182 18.56692756
OS 59.59407182 18.98896888
OS 59.59402864 18.98918478
OS 59.59402864 19.01961906
OS 59.5884 19.04791466
OS 59.58839492 20.80259492
OS 60.065031 21.27922846
OS 61.3918 21.27922846
OS 61.51072788 21.30288348
OS 61.55111134 21.3298659
OS 61.598302 21.3614
OS 61.95059746 21.3614
OS 62.05020102 21.46100102
OS 62.07540036 21.46100102
OS 62.07540036 21.48620036
OS 62.23 21.64079492
OS 62.22999746 23.13939746
OS 62.40022572 23.30962572
OS 62.48559766 23.29264328
OS 62.76559964 23.29264328
OS 62.94398892 23.32812708
OS 63.06801458 23.41099966
OS 63.51114298 23.41099966
OS 63.5158242 23.41098188
OE
SE
S P 0
OB 63.57290308 8.50759284 I
OS 63.59104376 8.49404448
OS 63.61027918 8.48246462
OS 63.63060934 8.47285072
OS 63.6520317 8.46520786
OS 63.67454626 8.45953096
OS 63.6981581 8.4558251
OS 63.7228596 8.4540852
OS 63.74865838 8.4543138
OS 63.77554936 8.4565109
OS 63.5519557 8.18000142
OS 63.54853178 8.20840624
OS 63.53784092 8.2611722
OS 63.53057144 8.28553334
OS 63.52202434 8.30854574
OS 63.512192 8.3302094
OS 63.50108204 8.35052432
OS 63.48868938 8.3694905
OS 63.47501402 8.38711048
OS 63.4600585 8.40338172
OS 63.5558546 8.52311224
OS 63.57290308 8.50759284
OE
SE
S P 0
OB 63.9064 34.85979312 I
OS 63.90639746 33.1216
OS 64.05879492 32.9692
OS 64.49060254 32.96919492
OS 64.71020078 32.74959922
OS 64.71020078 32.60080094
OS 64.77 32.60080094
OS 64.77 32.54186786
OS 64.77 30.64281146
OS 64.77 30.61220192
OS 64.77 30.61219938
OS 64.76900686 30.61071348
OS 64.7487021 30.56169148
OS 64.74835666 30.55995666
OS 64.74835666 30.55995666
OS 64.56487976 30.3764823
OS 64.5541 30.3657
OS 64.38148414 30.19308668
OS 64.38148414 30.19308668
OS 64.3598408 30.17144334
OS 64.3581136 30.17110044
OS 64.30908906 30.15079568
OS 64.30760062 30.14980254
OS 64.30759554 30.1498
OS 64.276986 30.1498
OS 63.1551188 30.1498
OS 63.15501466 30.14980762
OS 63.14757754 30.15177358
OS 63.14238832 30.15314518
OS 63.13572336 30.15356174
OS 63.1338336 30.15434406
OS 63.13182192 30.15532704
OS 63.12711276 30.1600362
OS 63.11623394 30.16730568
OS 63.1162314 30.16731076
OS 63.08364066 30.2042322
OS 63.0836178 30.2042703
OS 63.06983322 30.21988368
OS 63.05954368 30.23757986
OS 63.05947256 30.23766114
OS 63.0594497 30.23769924
OS 63.05504026 30.2426878
OS 63.04747868 30.26094278
OS 63.04384902 30.27152442
OS 63.04080102 30.27676698
OS 63.03437736 30.30906308
OS 63.0227213 30.32650526
OS 63.01591664 30.34635282
OS 62.98932792 30.3764823
OS 62.96700894 30.4098833
OS 62.94956422 30.42153936
OS 62.93568312 30.43726958
OS 62.89959988 30.45492512
OS 62.86618872 30.47725172
OS 62.84561218 30.48134366
OS 62.82676538 30.4905664
OS 62.79388 30.49261872
OS 62.78828946 30.4949352
OS 62.77891686 30.49679956
OS 62.7679085 30.49679956
OS 62.74726084 30.50090674
OS 62.72765966 30.50090674
OS 62.71828706 30.5027711
OS 60.40186802 30.5027711
OS 60.37184776 30.49679956
OS 60.34123314 30.49679956
OS 60.28235848 30.48508762
OS 60.26583324 30.47824232
OS 60.02523428 30.44656598
OS 58.12496122 30.44656598
OS 57.8843648 30.47823978
OS 57.86782432 30.48509016
OS 57.8089522 30.49679956
OS 57.77835028 30.49679956
OS 57.74832748 30.5027711
OS 57.18037586 30.5027711
OS 57.16345946 30.5196875
OS 57.15638556 30.52441444
OS 57.13400054 30.54679946
OS 57.08861074 30.71619206
OS 56.99498126 30.87836598
OS 56.86256598 31.01078126
OS 56.70039206 31.10441074
OS 56.69280762 31.10644274
OS 56.69278984 32.76598984
OS 57.14999492 33.22319492
OS 59.94400508 33.22320508
OS 61.087 34.3662
OS 61.087 35.24203772
OS 61.1402384 35.29527612
OS 61.2606217 35.50378472
OS 61.2811322 35.58032508
OS 61.3332022 35.5906832
OS 61.38493692 35.6252526
OS 63.14094052 35.6252526
OS 63.9064 34.85979312
OE
SE
S P 0
OB 64.23119996 9.22779968 I
OS 65.38839094 9.22779968
OS 65.42122552 9.10079968
OS 65.2759807 8.95555486
OS 65.15686232 8.74923574
OS 65.09520128 8.51911428
OS 65.09520128 8.28087752
OS 65.15686232 8.05075606
OS 65.22771562 7.92803342
OS 65.18689274 7.80777204
OS 65.13734242 7.7872463
OS 64.99408388 7.67731764
OS 64.68620032 7.36943408
OS 64.55920286 7.3716007
OS 64.55920286 7.46200438
OS 64.55920032 7.46200438
OS 64.55920032 8.97160004
OS 63.54897374 8.97160004
OS 63.24593142 9.27464236
OS 63.11990424 9.35885098
OS 62.97124566 9.38842166
OS 62.93599808 9.38842166
OS 62.93599808 9.7630996
OS 62.5569996 9.7630996
OS 62.5569996 10.1440996
OS 62.93599808 10.1440996
OS 62.93599808 10.17380236
OS 63.98680116 10.17380236
OS 63.98680116 10.18923794
OS 64.23119996 10.18923794
OS 64.23119996 9.22779968
OE
SE
S P 0
OB 64.57706414 10.58623486 I
OS 64.67350286 10.50500058
OS 64.6997817 10.48784542
OS 64.7231243 10.47565342
OS 64.74353066 10.46842204
OS 64.76100586 10.46615382
OS 64.77554228 10.46884876
OS 64.78714754 10.47650432
OS 64.54209596 10.23145274
OS 64.54975152 10.243058
OS 64.55244646 10.25759442
OS 64.55017824 10.27506962
OS 64.54294686 10.29547598
OS 64.53075486 10.31881858
OS 64.5135997 10.34509742
OS 64.49148392 10.37430996
OS 64.43236542 10.44153614
OS 64.3953627 10.47955232
OS 64.53904796 10.62323758
OS 64.57706414 10.58623486
OE
SE
S P 0
OB 65.6336 16.7894 I
OS 65.6336 16.1798
OS 65.41320166 15.95940166
OS 64.37620094 15.95940166
OS 64.37620094 14.986
OS 63.98680116 14.986
OS 63.98680116 15.03339894
OS 62.81760614 15.03339894
OS 62.7117999 15.13920264
OS 62.7117999 16.2584003
OS 62.0231551 16.2584003
OS 62.0231551 16.75360124
OS 61.9876713 16.93199052
OS 61.98679754 16.93329862
OS 61.98679754 17.12140848
OS 64.292099 17.12140848
OS 64.41070176 17.145
OS 65.278 17.145
OS 65.6336 16.7894
OE
SE
S P 0
OB 65.95404894 14.30636712 I
OS 66.37995106 14.30059878
OS 66.37995106 13.53859878
OS 65.95404894 13.52129884
OS 65.95404894 13.50764634
OS 65.94642894 13.51352644
OS 65.92356894 13.51878932
OS 65.91574574 13.51974182
OS 65.61795106 13.50764634
OS 65.61795106 13.53283044
OS 65.19204894 13.53859878
OS 65.19204894 14.30059878
OS 65.61795106 14.31789872
OS 65.61795106 14.33155122
OS 65.62557106 14.32567112
OS 65.64843106 14.32040824
OS 65.65625426 14.31945574
OS 65.95404894 14.33155122
OS 65.95404894 14.30636712
OE
SE
S P 0
OB 66.89557106 13.09920926 I
OS 66.91843106 13.08816788
OS 66.95653106 13.07842444
OS 67.00987106 13.06998148
OS 67.07845106 13.06283646
OS 67.37563106 13.04919666
OS 67.64995106 13.04659824
OS 67.64995106 12.28459824
OS 66.88795106 12.28764624
OS 66.88795106 13.11155112
OS 66.89557106 13.09920926
OE
SE
S P 0
OB 66.89557106 14.32567112 I
OS 66.91843106 14.32040824
OS 66.95653106 14.31576512
OS 67.07845106 14.30833816
OS 67.64995106 14.30059878
OS 67.64995106 13.53859878
OS 66.88795106 13.50764634
OS 66.88795106 14.33155122
OS 66.89557106 14.32567112
OE
SE
S P 0
OB 67.21491764 41.96761482 I
OS 67.19050062 41.92557528
OS 67.19050062 40.19049874
OS 68.9255797 40.19049874
OS 68.9676167 40.21491322
OS 69.4250834 39.75744652
OS 69.4250834 23.5420789
OS 69.2980834 23.51681606
OS 69.27884544 23.56325996
OS 69.16891932 23.7065185
OS 68.36991914 24.50551614
OS 68.36991914 25.7564001
OS 68.3639984 25.80137334
OS 68.3639984 28.23020008
OS 66.1544016 28.23020008
OS 66.1544016 24.120602
OS 66.99943674 24.120602
OS 67.0100514 24.0399697
OS 67.07915464 23.87313996
OS 67.1890833 23.72988142
OS 67.98808094 22.93088124
OS 67.98808094 21.01160136
OS 67.99400168 20.96662812
OS 67.99400168 18.14779962
OS 68.2543085 18.14779962
OS 68.2543085 17.23128126
OS 68.24485208 17.22940166
OS 67.39160004 17.22940166
OS 67.39160004 17.26440032
OS 67.09845102 17.26440032
OS 67.08375204 17.26732386
OS 67.06905306 17.26440032
OS 67.0484943 17.26440032
OS 67.04364544 17.26472544
OS 67.04268278 17.26440032
OS 65.88200692 17.26440032
OS 65.88200438 17.2644054
OS 65.79159308 17.2644054
OS 65.79159308 17.26440286
OS 65.75500184 17.26440032
OS 65.59809588 17.26440032
OS 65.4977481 17.3647481
OS 65.39692788 17.43211652
OS 65.278 17.45577154
OS 65.05521152 17.45577154
OS 65.00660862 17.5731043
OS 65.58130394 18.14779962
OS 66.47359832 18.14779962
OS 66.47359832 23.45740038
OS 64.68400068 23.45740038
OS 64.68400068 19.04510796
OS 64.0292852 18.39039248
OS 63.79859986 18.39039248
OS 63.79859986 18.9103
OS 63.01959964 18.9103
OS 62.49764742 18.9103
OS 62.49764742 18.56338934
OS 62.49233374 18.5678191
OS 62.47639524 18.57178404
OS 62.44982938 18.57528162
OS 62.36481812 18.58087978
OS 62.24059942 18.58269588
OS 62.24059942 18.39039248
OS 60.94940058 18.39039248
OS 60.94940058 19.58087524
OS 60.94940566 19.58090064
OS 60.94940566 19.6114797
OS 60.95050548 19.61700674
OS 61.08872212 19.75522846
OS 61.08873228 19.75523608
OS 61.21572466 19.88222846
OS 62.18979688 19.88222846
OS 62.24059942 19.8405369
OS 62.24059942 19.61474614
OS 62.49764742 19.62602882
OS 62.49764742 19.2913
OS 63.01959964 19.2913
OS 63.79859986 19.2913
OS 63.79859986 19.97643198
OS 63.82367728 19.981418
OS 63.82368998 19.98142308
OS 63.82370522 19.98142308
OS 63.85039046 19.99247716
OS 63.85529774 19.99345252
OS 63.8568319 19.99408752
OS 63.86100766 19.99687644
OS 63.90423592 20.0147809
OS 63.90596312 20.0151238
OS 63.90742616 20.0161017
OS 63.93570652 20.02781364
OS 63.93571922 20.02782634
OS 63.93573192 20.02783142
OS 63.9597019 20.04384866
OS 63.98134524 20.065492
OS 64.00678334 20.08248968
OS 64.20609968 20.28180094
OS 64.2230999 20.30724158
OS 64.24474578 20.32888746
OS 64.26076302 20.35285744
OS 64.2607681 20.35286252
OS 64.27248512 20.3811505
OS 64.2734681 20.38262116
OS 64.27381354 20.38435598
OS 64.29412084 20.43338306
OS 64.29511144 20.43486388
OS 64.29545942 20.4366114
OS 64.30717136 20.46488414
OS 64.31279492 20.49315942
OS 64.31279492 20.5237715
OS 64.31876646 20.55379176
OS 64.318769 21.46100102
OS 64.31877154 22.98178792
OS 64.31279746 23.0118285
OS 64.31279238 23.04246344
OS 64.30108298 23.07072094
OS 64.29511652 23.1007158
OS 64.29412846 23.10219408
OS 64.27382116 23.15122624
OS 64.27347572 23.15296106
OS 64.25640692 23.17850584
OS 64.2446264 23.20688526
OS 64.2230491 23.228427
OS 64.20610984 23.25378128
OS 63.91786556 23.5420281
OS 63.91781222 23.54206366
OS 63.8967099 23.5631736
OS 63.87215572 23.57958962
OS 63.87214556 23.57960486
OS 63.87213794 23.57961248
OS 63.87185346 23.57980298
OS 63.87167058 23.5800773
OS 63.87158168 23.58013572
OS 63.87152072 23.58022716
OS 63.87106098 23.58068436
OS 63.8701542 23.58128634
OS 63.84956496 23.60187558
OS 63.82505396 23.6182535
OS 63.82504888 23.61825858
OS 63.80079442 23.6346111
OS 63.77284172 23.64632558
OS 63.77170888 23.64708758
OS 63.77143456 23.64720188
OS 63.74716232 23.66356456
OS 63.72083014 23.67459832
OS 63.71908516 23.67495392
OS 63.6945132 23.68542888
OS 63.66472662 23.69167474
OS 63.66363442 23.69213956
OS 63.66350488 23.6921675
OS 63.6633982 23.69223862
OS 63.66296386 23.69241896
OS 63.66135604 23.692739
OS 63.63345922 23.70431632
OS 63.60504932 23.7099856
OS 63.60487914 23.7099856
OS 63.60472674 23.7100491
OS 63.6043559 23.7101253
OS 63.60391648 23.71030564
OS 63.60355834 23.71037676
OS 63.52980182 23.79256354
OS 63.52039874 23.8409099
OS 63.52039874 24.36059898
OS 63.01177136 24.36059898
OS 62.9412127 24.46619694
OS 62.94576438 24.47718498
OS 62.94576438 24.7196991
OS 62.85295786 24.9437525
OS 62.68147484 25.11523552
OS 62.45742144 25.20804204
OS 62.21490732 25.20804204
OS 62.1383695 25.17633776
OS 62.03277154 25.24689642
OS 62.03277154 26.15200002
OS 63.10039958 26.15200002
OS 63.10039958 28.1915997
OS 56.99080042 28.1915997
OS 56.99080042 27.74277154
OS 55.86759972 27.74277408
OS 55.86759972 28.514802
OS 53.70800028 28.514802
OS 53.70800028 25.60520152
OS 54.42622592 25.60520152
OS 54.42622592 23.59140062
OS 53.33195836 23.59140062
OS 53.3174829 23.66417924
OS 53.21643154 23.81541338
OS 53.09844092 23.933404
OS 53.04060512 24.03600222
OS 53.04060258 24.03600222
OS 53.04060004 24.03600476
OS 53.04060004 25.45839968
OS 53.04060004 27.01800032
OS 52.86560166 27.01800032
OS 52.86560166 27.17771044
OS 52.86852012 27.1919827
OS 52.86560166 27.20707792
OS 52.86560166 28.43539906
OS 51.930554 28.43539906
OS 51.8269982 28.49200296
OS 51.8269982 30.45160026
OS 49.6472972 30.45160026
OS 49.6472972 30.51978402
OS 49.55449068 30.74383742
OS 49.38300766 30.91532044
OS 49.15895426 31.00812696
OS 48.91644014 31.00812696
OS 48.75864772 30.94276768
OS 48.69849036 31.05531254
OS 48.74877474 31.08891166
OS 49.10339938 31.4435363
OS 49.187608 31.56956348
OS 49.21330264 31.69873518
OS 49.37048038 31.85591292
OS 49.4555526 32.06129478
OS 49.4555526 32.28360066
OS 49.37048038 32.48898252
OS 49.21328994 32.64617296
OS 49.19355922 32.74535996
OS 49.30006904 32.85186978
OS 49.4174018 32.80326688
OS 49.4174018 32.64199974
OS 51.8269982 32.64199974
OS 51.8269982 34.60159958
OS 49.4174018 34.60159958
OS 49.4174018 33.88376256
OS 49.3316006 33.88376256
OS 49.17303094 33.85222084
OS 49.03860144 33.76239882
OS 48.80153308 33.52533046
OS 48.68420032 33.57393336
OS 48.68420032 34.39700004
OS 48.3187629 34.39700004
OS 48.3187629 35.46456458
OS 48.64114732 35.786949
OS 48.64819836 35.7886
OS 48.72675294 35.7886
OS 48.9321348 35.87367222
OS 49.08932778 36.0308652
OS 49.1744 36.23624706
OS 49.1744 36.45855294
OS 49.08932778 36.6639348
OS 48.9321348 36.82112778
OS 48.72675294 36.9062
OS 48.50444706 36.9062
OS 48.2990652 36.82112778
OS 48.14187222 36.6639348
OS 48.0568 36.45855294
OS 48.0568 36.37999836
OS 48.055149 36.37294732
OS 47.61140084 35.92919916
OS 47.52157882 35.79476966
OS 47.4900371 35.6362
OS 47.4900371 34.39700004
OS 47.12459968 34.39700004
OS 47.12459968 33.53000914
OS 46.99759968 33.4774032
OS 46.96975874 33.50524414
OS 46.78304588 33.58258206
OS 46.63420442 33.58258206
OS 46.63420442 33.78224384
OS 46.67640144 33.82444086
OS 46.75373936 34.01115372
OS 46.75373936 34.21324628
OS 46.67640144 34.39995914
OS 46.5334985 34.54286208
OS 46.34678564 34.6202
OS 46.14469308 34.6202
OS 45.95798022 34.54286208
OS 45.81507728 34.39995914
OS 45.73773936 34.21324628
OS 45.73773936 34.01115372
OS 45.81507728 33.82444086
OS 45.8572743 33.78224384
OS 45.8572743 33.68167508
OS 45.7799948 33.57851552
OS 45.60846352 33.57851552
OS 45.60846352 34.492692
OS 45.85146786 34.73569634
OS 45.88334486 34.73569634
OS 46.07005772 34.81303426
OS 46.21296066 34.9559372
OS 46.29029858 35.14265006
OS 46.29029858 35.34474262
OS 46.21296066 35.53145548
OS 46.07005772 35.67435842
OS 45.88334486 35.75169634
OS 45.81079992 35.75169634
OS 45.81079992 35.79884636
OS 45.733462 35.98555922
OS 45.59055906 36.12846216
OS 45.4038462 36.20580008
OS 45.20175364 36.20580008
OS 45.11743834 36.17087508
OS 45.02023508 36.26807834
OS 45.05332112 36.34795372
OS 45.05332112 36.55004628
OS 44.9759832 36.73675914
OS 44.83308026 36.87966208
OS 44.6463674 36.957
OS 44.44427484 36.957
OS 44.25756198 36.87966208
OS 44.21536496 36.83746506
OS 43.98652112 36.83746506
OS 43.98652112 37.00175226
OS 43.9091832 37.18846512
OS 43.76628026 37.33136806
OS 43.67639728 37.36859938
OS 43.70165758 37.49559938
OS 44.54719818 37.49559938
OS 44.54719818 38.41857188
OS 44.55920222 38.54059856
OS 44.67420072 38.5406011
OS 46.11880032 38.5406011
OS 46.11880032 38.8810373
OS 46.2644744 38.8810373
OS 47.41471086 37.73080084
OS 47.54914036 37.64097882
OS 47.70771002 37.6094371
OS 52.6670016 37.6094371
OS 52.6670016 33.80400148
OS 53.73986458 33.80400148
OS 53.80980094 33.79479398
OS 54.29470726 33.79479398
OS 55.20816746 32.88133124
OS 55.1595671 32.76399848
OS 54.9783 32.76399848
OS 54.9783 31.55049824
OS 55.81679972 31.55049824
OS 55.81679972 32.10676586
OS 55.93413248 32.15536622
OS 56.38202846 31.70747024
OS 56.38203608 31.1064402
OS 56.38603658 31.08633102
OS 56.38469546 31.06586878
OS 56.39776376 31.02737508
OS 56.40569364 30.98751232
OS 56.41708554 30.97046384
OS 56.42367684 30.95104808
OS 56.45048146 30.92048426
OS 56.45339992 30.916118
OS 56.45384188 30.91522138
OS 56.45422034 30.91488864
OS 56.47306206 30.8866921
OS 56.49010546 30.87530274
OS 56.50362842 30.85988494
OS 56.53404492 30.84488624
OS 56.54500756 30.83527234
OS 56.6717561 30.76209494
OS 56.74629494 30.6875561
OS 56.79901772 30.59623548
OS 56.83381826 30.46636274
OS 56.84288606 30.44797568
OS 56.84688402 30.42787158
OS 56.8694697 30.39406926
OS 56.88745036 30.3576101
OS 56.90286308 30.34409476
OS 56.91425244 30.32704882
OS 56.93663746 30.30466634
OS 56.94371136 30.2999394
OS 56.96062776 30.283023
OS 56.9789945 30.27074972
OS 56.98372144 30.26602278
OS 56.99080042 30.2612933
OS 56.99080042 30.19199956
OS 57.74832748 30.19199956
OS 57.8071996 30.18029016
OS 57.8261099 30.1724568
OS 58.10460058 30.13579444
OS 60.0456 30.13579444
OS 60.32409068 30.17245934
OS 60.34299082 30.18028762
OS 60.40186802 30.19199956
OS 62.71828706 30.19199956
OS 62.72765966 30.1901352
OS 62.74238404 30.1901352
OS 62.74596544 30.18865184
OS 62.74792124 30.18528888
OS 62.74988974 30.1706915
OS 62.7535194 30.16010986
OS 62.75845208 30.1516288
OS 62.7603647 30.1420149
OS 62.76792628 30.12375992
OS 62.78523384 30.097857
OS 62.79088788 30.08136732
OS 62.80117488 30.06367114
OS 62.81640472 30.04641184
OS 62.8171337 30.04437984
OS 62.81715656 30.04434174
OS 62.81906664 30.04223608
OS 62.82219338 30.03686906
OS 62.82558174 30.03303366
OS 62.8255919 30.03301842
OS 62.82566302 30.0329346
OS 62.82568842 30.03291682
OS 62.82653424 30.0319567
OS 62.83686442 30.0142021
OS 62.85063884 29.99860142
OS 62.85065408 29.99857348
OS 62.88324482 29.96165204
OS 62.89877692 29.9498131
OS 62.89891662 29.9495718
OS 62.90007232 29.94869042
OS 62.91261484 29.93253094
OS 62.9296811 29.92280274
OS 62.94356982 29.90891402
OS 62.95444864 29.90164454
OS 62.97068432 29.89491862
OS 62.99538582 29.87610738
OS 62.9973975 29.8751244
OS 62.99862178 29.87480182
OS 62.99911708 29.87442336
OS 63.00653388 29.87245994
OS 63.01289404 29.86821052
OS 63.01369668 29.8680505
OS 63.01496414 29.86720468
OS 63.0168539 29.86642236
OS 63.04723484 29.86038478
OS 63.06297268 29.85269112
OS 63.0755914 29.8493561
OS 63.09941152 29.84787528
OS 63.11633808 29.84339472
OS 63.1204859 29.84313564
OS 63.132335 29.83986412
OS 63.13243914 29.8398565
OS 63.14384628 29.84127128
OS 63.1551188 29.83902846
OS 64.30759554 29.83902846
OS 64.31854294 29.84120524
OS 64.32962496 29.83980824
OS 64.34848954 29.8449746
OS 64.3680323 29.8449619
OS 64.3964041 29.85669162
OS 64.42652342 29.86268348
OS 64.4280144 29.86367916
OS 64.47703132 29.88398138
OS 64.47876614 29.88432682
OS 64.50416614 29.9012991
OS 64.53240078 29.91298056
OS 64.55409238 29.93465692
OS 64.5795889 29.9516927
OS 64.60123224 29.97333858
OS 64.7738481 30.14594936
OS 64.7738608 30.14596968
OS 64.7738735 30.1459773
OS 64.78462024 30.15672658
OS 64.78462786 30.15673166
OS 64.96810476 30.34020602
OS 64.98509736 30.3656365
OS 65.00672038 30.38724936
OS 65.01844756 30.41554496
OS 65.03547318 30.44102624
OS 65.03582116 30.44277376
OS 65.0561183 30.49177544
OS 65.05711652 30.4932715
OS 65.06308298 30.52327398
OS 65.07479238 30.55152894
OS 65.07479746 30.5821588
OS 65.08077154 30.61219938
OS 65.08077154 32.54186786
OS 65.18673018 32.65160094
OS 65.23949868 32.65160094
OS 65.23949868 33.37559746
OS 65.62049868 33.37559746
OS 65.62049868 32.65160094
OS 66.07819906 32.65160094
OS 66.09900166 32.6515984
OS 66.2052016 32.6013826
OS 66.2052016 31.9659
OS 67.0687 31.9659
OS 67.0687 33.77939904
OS 66.2260042 33.77939904
OS 66.2052016 33.77940158
OS 66.09900166 33.82961738
OS 66.0990042 34.09959652
OS 66.21316704 34.13058706
OS 67.76475906 34.13058706
OS 67.8206543 34.09831636
OS 68.0532167 34.036
OS 68.2939833 34.036
OS 68.5265457 34.09831636
OS 68.7350543 34.21869966
OS 68.90530034 34.3889457
OS 69.02568364 34.5974543
OS 69.088 34.8300167
OS 69.088 35.0707833
OS 69.02568364 35.3033457
OS 68.90530034 35.5118543
OS 68.7350543 35.68210034
OS 68.5265457 35.80248364
OS 68.2939833 35.8648
OS 68.0532167 35.8648
OS 67.8206543 35.80248364
OS 67.76475906 35.77021294
OS 66.32635198 35.77021294
OS 66.2890851 35.81631902
OS 66.28563324 35.84202128
OS 66.32192222 35.97203118
OS 66.43275512 36.0360214
OS 66.56397914 36.16724542
OS 66.65676788 36.32795884
OS 66.70479928 36.50721172
OS 66.70479928 36.6927892
OS 66.65676788 36.87204208
OS 66.56397914 37.0327555
OS 66.43275512 37.16397952
OS 66.2720417 37.25676826
OS 66.09278882 37.30479966
OS 65.90721134 37.30479966
OS 65.72795846 37.25676826
OS 65.56724504 37.16397952
OS 65.43602102 37.0327555
OS 65.34323228 36.87204208
OS 65.33578246 36.84424178
OS 65.21310808 36.81137164
OS 64.1435852 37.88089452
OS 63.97379636 38.01117874
OS 63.77607514 38.0930785
OS 63.56389116 38.12101342
OS 63.52048002 38.12101342
OS 63.29059986 38.12611882
OS 63.29059986 38.84799952
OS 61.63099942 38.84799952
OS 61.63099942 36.48840048
OS 62.42453098 36.48840048
OS 62.47779986 36.48138754
OS 63.22431602 36.48138754
OS 63.7009013 36.00479972
OS 63.64829536 35.87779972
OS 63.31160312 35.87779972
OS 63.2598684 35.91236912
OS 63.14094052 35.93602414
OS 61.38493692 35.93602414
OS 61.35491412 35.9300526
OS 61.32430458 35.9300526
OS 61.29603184 35.91834066
OS 61.26600904 35.91236912
OS 61.24055316 35.89535874
OS 61.21227788 35.8836468
OS 61.20468836 35.87857696
OS 61.20281384 35.87779972
OS 60.91940064 35.87779972
OS 60.91940064 35.53431806
OS 60.89155716 35.48609108
OS 60.8672519 35.46178582
OS 60.79988348 35.3609656
OS 60.7861878 35.29211382
OS 60.78341412 35.28790758
OS 60.73703626 35.25097344
OS 60.69182172 35.23305628
OS 60.64922846 35.22852492
OS 60.6478467 35.22944694
OS 60.62774006 35.2334449
OS 60.60935046 35.24251524
OS 60.56878158 35.24517208
OS 60.52891882 35.25310196
OS 60.32906908 35.25310196
OS 60.17554894 35.2942398
OS 60.03789872 35.37371132
OS 59.92551642 35.48609362
OS 59.84604744 35.62373876
OS 59.8049096 35.77726144
OS 59.8049096 35.9361994
OS 59.84604744 36.08971954
OS 59.92551896 36.22736976
OS 60.03789872 36.33974952
OS 60.13725844 36.39711542
OS 60.16027084 36.41729572
OS 60.1867732 36.43259668
OS 60.20187604 36.4522766
OS 60.20777138 36.45744804
OS 60.21130706 36.4620556
OS 60.22842412 36.477067
OS 60.23131464 36.48292932
OS 60.23521862 36.4868333
OS 60.23793388 36.48840048
OS 60.39060058 36.48840048
OS 60.39060058 36.73084094
OS 60.39622414 36.75911114
OS 60.41224646 36.78308874
OS 60.42555606 36.79639834
OS 60.43391266 36.8019838
OS 60.4484059 36.81647704
OS 60.46615034 36.82672086
OS 60.47369668 36.83333756
OS 60.5583498 36.88221224
OS 60.56785702 36.88544058
OS 60.585604 36.89568694
OS 60.60540584 36.900993
OS 60.61441014 36.90543292
OS 60.61956634 36.90681468
OS 60.62990668 36.91191246
OS 60.6322511 36.9120674
OS 60.64134938 36.91655558
OS 60.6580448 36.91987536
OS 60.67072448 36.92512808
OS 60.70453188 36.9477163
OS 60.7410012 36.96570204
OS 60.75451146 36.98110714
OS 60.77154978 36.99249142
OS 60.794138 37.02629374
OS 60.82095024 37.05687026
OS 60.827539 37.07628094
OS 60.8389182 37.09331164
OS 60.84685062 37.13317948
OS 60.85992146 37.1716935
OS 60.8617147 37.18531806
OS 60.86060218 37.20229796
OS 60.8625783 37.21223698
OS 60.86211856 37.21454584
OS 60.86437154 37.2258717
OS 60.86437154 37.86620062
OS 60.85840762 37.8961777
OS 60.85841778 37.92675168
OS 60.84669568 37.95507268
OS 60.84071652 37.9851285
OS 60.83972084 37.98661694
OS 60.81941608 38.03564148
OS 60.81907064 38.0373763
OS 60.80207042 38.06281694
OS 60.79036864 38.09107698
OS 60.76872022 38.11273048
OS 60.75170222 38.13819652
OS 60.39061582 38.49927022
OS 60.39060058 38.49929308
OS 60.39060058 38.62319174
OS 60.43276966 38.63157882
OS 60.56719916 38.72140084
OS 61.69618344 39.85038512
OS 61.72863956 39.83164754
OS 62.02552238 39.75209982
OS 62.33287762 39.75209982
OS 62.62976044 39.83164754
OS 62.89593974 39.9853277
OS 63.1132723 40.20266026
OS 63.26695246 40.46883956
OS 63.34650018 40.76572238
OS 63.34650018 41.07307762
OS 63.26695246 41.36996044
OS 63.1132723 41.63613974
OS 62.89593974 41.8534723
OS 62.62976044 42.00715246
OS 62.33287762 42.08670018
OS 62.02552238 42.08670018
OS 61.72863956 42.00715246
OS 61.46246026 41.8534723
OS 61.2451277 41.63613974
OS 61.09144754 41.36996044
OS 61.01189982 41.07307762
OS 61.01189982 40.76572238
OS 61.09144754 40.46883956
OS 61.11018512 40.43638344
OS 60.92383294 40.25003126
OS 60.80650018 40.29863416
OS 60.80650018 42.08670018
OS 58.84821606 42.08670018
OS 58.79961316 42.20403294
OS 58.95686202 42.3612818
OS 66.82125066 42.3612818
OS 67.21491764 41.96761482
OE
OB 71.69413398 40.87330662 I
OS 71.69413652 4.12669482
OS 67.87330596 0.30586426
OS 4.12669482 0.30586426
OS 0.30586426 4.12669482
OS 0.30586172 40.87330408
OS 4.12669228 44.69413464
OS 6.4614806 44.69413464
OS 12.50439968 38.65121048
OS 12.50439968 38.32319996
OS 12.8698371 38.32319996
OS 12.8698371 37.42490356
OS 12.8735328 37.40632854
OS 12.83441172 37.0091335
OS 12.71313688 36.60934258
OS 12.51619544 36.24089272
OS 12.26300062 35.93237416
OS 12.24725262 35.92185094
OS 5.90103468 29.575633
OS 5.6642 29.81247022
OS 4.67408768 28.82236044
OS 4.57116434 28.7642427
OS 4.50724016 28.82816688
OS 3.87106414 29.46434036
OS 3.86274056 29.47679652
OS 3.8561518 29.48120088
OS 3.85415536 29.505148
OS 3.85415536 29.82699902
OS 4.309999 29.82699902
OS 4.309999 30.82779966
OS 4.78970086 30.82779966
OS 4.78970086 31.9913
OS 4.20120064 31.9913
OS 4.20120064 31.48659946
OS 2.80919936 31.48659946
OS 2.80919936 31.9913
OS 2.22069914 31.9913
OS 2.22069914 30.82779966
OS 2.700401 30.82779966
OS 2.700401 29.82699902
OS 3.02542956 29.82699902
OS 3.02542956 29.5138221
OS 3.02424084 29.48173936
OS 3.01684436 29.47679652
OS 3.00852078 29.46434036
OS 2.33698796 28.79280754
OS 3.3785556 27.7512399
OS 3.43639648 27.69339648
OS 3.4942399 27.6355556
OS 4.38090564 26.74888986
OS 4.2087165 26.57670072
OS 4.63580734 26.14960734
OS 5.06290072 25.7225165
OS 5.18428986 25.84390564
OS 6.09683312 24.93136238
OS 6.09683058 24.93135984
OS 6.16075984 24.86743312
OS 6.18663736 24.84155814
OS 6.89506368 24.13313182
OS 6.84646078 24.01579906
OS 6.03620078 24.01579906
OS 6.03620078 23.96499906
OS 5.62649878 23.96499906
OS 5.62649878 23.241
OS 5.43599878 23.241
OS 5.43599878 23.0505
OS 4.76699834 23.0505
OS 4.76699834 22.51700094
OS 4.79119946 22.51700094
OS 4.79119946 21.25989906
OS 4.76699834 21.25989906
OS 4.76699834 20.7264
OS 5.43599878 20.7264
OS 5.43599878 20.3454
OS 4.76699834 20.3454
OS 4.76699834 19.81190094
OS 4.76699834 19.37385
OS 5.43599878 19.37385
OS 5.43599878 18.99285
OS 4.76699834 18.99285
OS 4.76699834 18.45935094
OS 4.76699834 18.0213
OS 5.43599878 18.0213
OS 5.43599878 17.6403
OS 4.76699834 17.6403
OS 4.76699834 17.10680094
OS 4.79816668 17.10680094
OS 4.8912018 17.02479704
OS 4.8912018 15.06519974
OS 6.13723182 15.06519974
OS 6.22209068 14.9381972
OS 6.1722 14.81775294
OS 6.1722 14.59544706
OS 6.25727222 14.3900652
OS 6.4144652 14.23287222
OS 6.61984706 14.1478
OS 6.84215294 14.1478
OS 7.0475348 14.23287222
OS 7.09398632 14.27932374
OS 7.41107992 14.27932374
OS 7.55640094 14.30822894
OS 7.560056 14.30881314
OS 7.68340094 14.23645108
OS 7.68340094 13.69779582
OS 8.2169 13.69779582
OS 8.2169 14.36679626
OS 8.5979 14.36679626
OS 8.5979 13.69779582
OS 9.13139652 13.69779582
OS 9.15159968 13.57916258
OS 9.15159968 13.35499996
OS 9.6901 13.35499996
OS 9.6901 14.05899906
OS 10.0711 14.05899906
OS 10.0711 13.35499996
OS 10.59939968 13.35499996
OS 10.59939968 13.34779906
OS 11.1379 13.34779906
OS 11.1379 14.05179816
OS 11.5189 14.05179816
OS 11.5189 13.34779906
OS 12.05739778 13.34779906
OS 12.09459608 13.23620416
OS 12.09459608 12.89779996
OS 13.29427872 12.89779996
OS 13.3089777 12.89487642
OS 13.3167501 12.89642328
OS 13.33511938 12.88087848
OS 13.91599706 12.3000008
OS 14.05042656 12.21017878
OS 14.20899622 12.17863706
OS 16.72158708 12.17863706
OS 16.8038018 12.11116704
OS 16.8038018 12.08550034
OS 19.1117982 12.08550034
OS 19.1117982 12.82399772
OS 19.23033492 12.8444371
OS 22.77138956 12.8444371
OS 22.92995922 12.87597882
OS 23.06438872 12.96580084
OS 23.92139996 13.82281208
OS 24.04839996 13.77020614
OS 24.04839996 12.35199968
OS 25.55799308 12.35199968
OS 25.55799308 12.3519946
OS 25.64840692 12.3519946
OS 25.64840692 12.35199968
OS 27.15800004 12.35199968
OS 27.15800004 12.43019612
OS 27.5717 12.43019612
OS 27.5717 13.09919656
OS 27.9527 13.09919656
OS 27.9527 12.43019612
OS 28.9179 12.43019612
OS 28.9179 13.09919656
OS 29.2989 13.09919656
OS 29.2989 12.43019612
OS 29.76059834 12.43019612
OS 29.76059834 11.95069746
OS 30.42960132 11.95069746
OS 30.42960132 11.76019746
OS 30.62010132 11.76019746
OS 30.62010132 11.03620094
OS 31.02980078 11.03620094
OS 31.02980078 10.98540094
OS 32.46940166 10.98540094
OS 32.46940166 12.43019612
OS 32.80276396 12.43019612
OS 32.80676954 12.44158802
OS 32.81434382 12.47072436
OS 32.811212 12.4896626
OS 32.796988 12.54289084
OS 32.7787 12.58793012
OS 32.756348 12.62478044
OS 32.729932 12.6534418
OS 32.699452 12.6739142
OS 32.664908 12.68619764
OS 32.6263 12.69029212
OS 32.8803 12.69029212
OS 32.8803 13.09919656
OS 33.0708 13.09919656
OS 33.0708 13.28969656
OS 33.79479906 13.28969656
OS 33.79479906 13.69939856
OS 33.84559906 13.69939856
OS 33.84559906 14.18725128
OS 33.95140022 14.20829518
OS 34.03791262 14.26610304
OS 34.16491262 14.198219
OS 34.16491262 12.23519524
OS 34.9424371 12.23519524
OS 34.9424371 11.95079906
OS 34.63699956 11.95079906
OS 34.63699956 11.89999906
OS 34.22729756 11.89999906
OS 34.22729756 11.176
OS 34.22729756 10.45200094
OS 34.63699956 10.45200094
OS 34.63699956 10.40120094
OS 36.07659536 10.40120094
OS 36.07659536 10.40119586
OS 36.08480464 10.40119586
OS 36.08480464 10.40120094
OS 37.52440044 10.40120094
OS 37.52440044 10.45200094
OS 37.93410244 10.45200094
OS 37.93410244 11.176
OS 37.93410244 11.89999906
OS 37.52440044 11.89999906
OS 37.52440044 11.95079906
OS 37.2189629 11.95079906
OS 37.2189629 12.23519524
OS 37.97470942 12.23519524
OS 37.97470942 12.36983556
OS 38.17119874 12.36983556
OS 38.17119874 12.02939936
OS 39.73079938 12.02939936
OS 39.73079938 12.43019612
OS 40.15749398 12.43019612
OS 40.15749398 13.09919656
OS 40.34799398 13.09919656
OS 40.34799398 13.28969656
OS 41.07199812 13.28969656
OS 41.07199812 13.69939856
OS 41.12279812 13.69939856
OS 41.12279812 15.13899944
OS 38.64264306 15.13899944
OS 38.60259742 15.14696488
OS 38.52503344 15.14696488
OS 38.1413258 15.53067252
OS 38.19393174 15.65767252
OS 38.2915668 15.65767252
OS 38.47827966 15.73501044
OS 38.6211826 15.87791338
OS 38.67224422 16.0011872
OS 38.71109098 16.05014824
OS 38.84605134 16.05996788
OS 39.0340723 15.87194692
OS 39.0340723 15.82266076
OS 39.11141022 15.6359479
OS 39.25431316 15.49304496
OS 39.44102602 15.41570704
OS 39.64311858 15.41570704
OS 39.82983144 15.49304496
OS 39.97273438 15.6359479
OS 40.0500723 15.82266076
OS 40.0500723 15.97179432
OS 40.06921882 15.99318874
OS 40.22625432 16.00390246
OS 40.4114 15.81875678
OS 40.4114 15.77395372
OS 40.48873792 15.58724086
OS 40.63164086 15.44433792
OS 40.81835372 15.367
OS 41.02044628 15.367
OS 41.20715914 15.44433792
OS 41.35006208 15.58724086
OS 41.35405242 15.59687254
OS 41.47861148 15.62165024
OS 41.67301292 15.4272488
OS 41.67301292 14.7884642
OS 41.38287634 14.7884642
OS 41.38287634 13.3788658
OS 41.92056132 13.3788658
OS 41.9905815 13.2518658
OS 41.95123436 13.1895342
OS 41.38312526 13.1895342
OS 41.38312526 11.7799358
OS 42.79272366 11.7799358
OS 42.79272366 12.74310126
OS 42.80068656 12.7831342
OS 42.80068656 12.83908786
OS 42.89246692 12.93086822
OS 43.00979968 12.88226532
OS 43.00979968 12.03419996
OS 44.56940032 12.03419996
OS 44.56940032 12.37463616
OS 45.45339906 12.37463616
OS 45.61196872 12.40617788
OS 45.74639822 12.4959999
OS 46.02494732 12.774549
OS 46.03199836 12.7762
OS 46.11055294 12.7762
OS 46.3159348 12.86127222
OS 46.37147952 12.91681694
OS 46.37763394 12.9206371
OS 47.18059906 12.9206371
OS 47.33916872 12.95217882
OS 47.47359822 13.04200084
OS 47.55184292 13.12024554
OS 47.57234072 13.13939968
OS 47.57634884 13.13939968
OS 47.5927293 13.137515
OS 47.59933076 13.13939968
OS 48.51959308 13.13939968
OS 48.51959308 13.1393946
OS 48.61000692 13.1393946
OS 48.61000692 13.13939968
OS 50.11960004 13.13939968
OS 50.11960004 14.37856916
OS 50.12251088 14.3939133
OS 50.11960004 14.40789854
OS 50.11960004 14.45620172
OS 51.64119974 15.97780142
OS 51.76819974 15.92519548
OS 51.76819974 15.2798018
OS 52.45874446 15.2798018
OS 52.51619672 15.17659652
OS 52.51619672 14.6431
OS 53.18519716 14.6431
OS 53.18519716 14.2621
OS 52.51619672 14.2621
OS 52.51619672 13.72860094
OS 52.51619672 13.2461
OS 53.18519716 13.2461
OS 53.18519716 12.8651
OS 52.51619672 12.8651
OS 52.51619672 12.82458192
OS 52.38919418 12.73972306
OS 52.28700236 12.78205216
OS 52.04448824 12.78205216
OS 51.82043484 12.68924564
OS 51.64895182 12.51776262
OS 51.5561453 12.29370922
OS 51.5561453 12.0511951
OS 51.64895182 11.8271417
OS 51.82043484 11.65565868
OS 52.04448824 11.56285216
OS 52.11539996 11.56285216
OS 52.11539996 10.96000094
OS 52.11539742 10.90420222
OS 52.0178919 10.8329984
OS 49.28460298 10.8329984
OS 49.28460298 8.6234016
OS 53.39420106 8.6234016
OS 53.39420106 10.77719714
OS 53.3942036 10.83299586
OS 53.49170912 10.90419968
OS 53.62499308 10.90419968
OS 53.62499308 10.9041946
OS 53.71540692 10.9041946
OS 53.71540692 10.90419968
OS 54.61508508 10.90419968
OS 54.62978406 10.90127614
OS 54.63755646 10.902823
OS 54.65592574 10.8872782
OS 55.23260226 10.31060168
OS 55.36703176 10.22077966
OS 55.52560142 10.18923794
OS 55.62719888 10.18923794
OS 55.62719888 10.17380236
OS 56.62720196 10.17380236
OS 56.62720196 9.72317334
OS 55.87562866 8.97160004
OS 54.76999968 8.97160004
OS 54.76999968 7.46200692
OS 54.7699946 7.46200692
OS 54.7699946 7.37159308
OS 54.76999968 7.37159308
OS 54.76999968 6.74096188
OS 54.64299968 6.68835594
OS 54.57985528 6.75150034
OS 54.37134668 6.87188364
OS 54.13878428 6.9342
OS 53.89801768 6.9342
OS 53.66545528 6.87188364
OS 53.45694668 6.75150034
OS 53.28670064 6.5812543
OS 53.16631734 6.3727457
OS 53.10400098 6.1401833
OS 53.10400098 5.8994167
OS 53.16631734 5.6668543
OS 53.19858804 5.61095906
OS 53.19858804 4.73739972
OS 52.61360064 4.73739972
OS 52.61360064 2.61071868
OS 51.32319936 2.61071868
OS 51.32319936 4.73739972
OS 48.72260004 4.73739972
OS 48.72260004 5.01649746
OS 48.01860348 5.01649746
OS 47.31460184 5.01649746
OS 47.31460184 4.68604092
OS 47.23632412 4.59938628
OS 47.17760694 4.59279498
OS 47.17339816 4.59700376
OS 47.17339816 5.98680032
OS 45.54127036 5.98680032
OS 45.54061504 5.98747596
OS 45.50851198 6.03316294
OS 45.48229918 6.11379524
OS 45.5464799 6.17797596
OS 45.63928642 6.40202936
OS 45.63928642 6.64454348
OS 45.5464799 6.86859688
OS 45.37499688 7.0400799
OS 45.15094348 7.13288642
OS 44.90842936 7.13288642
OS 44.68437596 7.0400799
OS 44.51289294 6.86859688
OS 44.42008642 6.64454348
OS 44.42008642 6.40202936
OS 44.51289294 6.17797596
OS 44.57707366 6.11379524
OS 44.55086848 6.03318326
OS 44.51872986 5.9874531
OS 44.51809486 5.98680032
OS 44.31740692 5.98680032
OS 44.31740438 5.9868054
OS 44.22699308 5.9868054
OS 44.22699308 5.98680286
OS 44.19040184 5.98680032
OS 43.42640032 5.98680032
OS 43.42640032 6.37549906
OS 42.6974 6.37549906
OS 42.6974 6.56599906
OS 42.5069 6.56599906
OS 42.5069 7.26999816
OS 42.00589008 7.26999816
OS 42.00589008 7.41120184
OS 43.47720032 7.41120184
OS 43.47720032 8.92080004
OS 42.54730886 8.92080004
OS 42.5002579 8.96076186
OS 42.15239728 9.30862502
OS 42.009568 9.40406044
OS 41.84108726 9.4375732
OS 38.52922698 9.4375732
OS 38.36074624 9.40406044
OS 38.21791696 9.30862502
OS 37.45367668 8.54438474
OS 37.35824126 8.40155546
OS 37.35010056 8.3606259
OS 36.95404852 8.3606259
OS 36.94262106 8.37772772
OS 36.76123712 8.55911166
OS 36.63520994 8.64332028
OS 36.48655136 8.67289096
OS 35.99717464 8.67289096
OS 35.84851606 8.64332028
OS 35.83404568 8.6336505
OS 34.51561042 9.95208576
OS 34.38958324 10.03629438
OS 34.24092466 10.06586506
OS 29.845 10.06586506
OS 29.845 10.20505706
OS 29.75219348 10.42911046
OS 29.58071046 10.60059348
OS 29.35665706 10.6934
OS 29.11414294 10.6934
OS 28.89008954 10.60059348
OS 28.71860652 10.42911046
OS 28.6258 10.20505706
OS 28.6258 10.033
OS 28.49184294 10.033
OS 28.26778954 9.94019348
OS 28.09630652 9.76871046
OS 28.0035 9.54465706
OS 28.0035 9.30214294
OS 28.09630652 9.07808954
OS 28.26778954 8.90660652
OS 28.49184294 8.8138
OS 28.55719968 8.8138
OS 28.55719968 7.41120184
OS 30.03907886 7.41120184
OS 30.03907886 7.26999816
OS 29.5275 7.26999816
OS 29.5275 6.56599906
OS 29.1465 6.56599906
OS 29.1465 7.26999816
OS 28.60799968 7.26999816
OS 28.60799968 6.759829
OS 28.49066692 6.71122864
OS 26.54872008 8.65317294
OS 26.54872008 10.27999722
OS 26.54279934 10.32497046
OS 26.54279934 12.1537984
OS 22.73320066 12.1537984
OS 22.73320066 10.57243504
OS 22.70768382 10.5469182
OS 19.66780166 10.5469182
OS 19.66780166 10.62999906
OS 18.22820078 10.62999906
OS 18.22820078 10.57919906
OS 17.81849878 10.57919906
OS 17.81849878 9.8552
OS 17.81849878 9.13120094
OS 18.22820078 9.13120094
OS 18.22820078 9.08040094
OS 19.66780166 9.08040094
OS 19.66780166 9.1634818
OS 22.9942009 9.1634818
OS 23.17323026 9.18705046
OS 23.34006 9.2561537
OS 23.48331854 9.36608236
OS 23.71143594 9.59419976
OS 25.16528368 9.59419976
OS 25.16528368 8.65317548
OS 24.14888236 7.63677162
OS 24.0389537 7.49351308
OS 23.96985046 7.32668334
OS 23.9462818 7.14765398
OS 23.9462818 6.15380024
OS 23.8832009 6.15380024
OS 23.8832009 3.75160032
OS 23.09279862 3.75160032
OS 23.09279862 6.15380024
OS 22.83324872 6.15380024
OS 22.81620532 6.28080024
OS 22.90764278 6.3722377
OS 23.0004493 6.5962911
OS 23.0004493 6.83880522
OS 22.90764278 7.06285862
OS 22.73615976 7.23434164
OS 22.51210636 7.32714816
OS 22.26959224 7.32714816
OS 22.04553884 7.23434164
OS 21.87405582 7.06285862
OS 21.7812493 6.83880522
OS 21.7812493 6.5962911
OS 21.87073604 6.3802514
OS 21.87184348 6.36536192
OS 21.87184348 6.15380024
OS 21.58320042 6.15380024
OS 21.58320042 4.78996756
OS 21.57419358 4.74468698
OS 21.57419358 3.75160032
OS 21.22899996 3.75160032
OS 21.22899996 2.19199968
OS 22.70200184 2.19199968
OS 22.73859308 2.19199714
OS 22.73859308 2.1919946
OS 22.82900692 2.1919946
OS 22.82900692 2.19199968
OS 24.33860004 2.19199968
OS 24.33860004 2.311908
OS 24.78219834 2.311908
OS 24.78219834 2.14620094
OS 26.22179922 2.14620094
OS 26.22179922 2.19700094
OS 26.63150122 2.19700094
OS 26.63150122 2.921
OS 26.82200122 2.921
OS 26.82200122 3.1115
OS 27.49100166 3.1115
OS 27.49100166 3.5942016
OS 27.69279958 3.5942016
OS 27.69279958 5.38668722
OS 27.81013234 5.43528758
OS 29.4437689 3.80165102
OS 29.58702744 3.6917249
OS 29.75385718 3.62262166
OS 29.93288654 3.599053
OS 30.86532054 3.599053
OS 30.8743223 3.58080056
OS 30.91488356 3.472053
OS 30.83479736 3.27871074
OS 30.80544766 3.0557724
OS 30.80544766 2.946273
OS 32.52818234 2.946273
OS 32.52818234 3.0557724
OS 32.49883264 3.27871074
OS 32.41874644 3.472053
OS 32.4593077 3.58080056
OS 32.46830946 3.599053
OS 39.51529054 3.599053
OS 39.5242923 3.58080056
OS 39.56485356 3.472053
OS 39.48476736 3.27871074
OS 39.45541766 3.0557724
OS 39.45541766 2.946273
OS 40.316785 2.946273
OS 40.316785 2.755773
OS 40.507285 2.755773
OS 40.507285 1.61948622
OS 40.53972334 1.62375596
OS 40.7474674 1.70980862
OS 40.9258643 1.8466943
OS 41.06274998 2.0250912
OS 41.14880264 2.23283526
OS 41.15501802 2.28004624
OS 41.2752794 2.32086912
OS 42.16626568 1.4298803
OS 42.30952422 1.31995418
OS 42.47635396 1.25085094
OS 42.65538332 1.22728228
OS 62.041659 1.22728228
OS 62.22068836 1.25085094
OS 62.3875181 1.31995418
OS 62.53077664 1.42988284
OS 62.8489726 1.74807626
OS 62.95890126 1.89133226
OS 63.10930736 1.9225768
OS 63.23176584 1.871853
OS 63.4107952 1.84828434
OS 65.69810584 1.84828434
OS 65.69812616 1.8482818
OS 67.8942 1.8482818
OS 68.07322936 1.87185046
OS 68.2400591 1.9409537
OS 68.38331764 2.05088236
OS 70.61851764 4.28608236
OS 70.7284463 4.4293409
OS 70.79754954 4.59617064
OS 70.8211182 4.7752
OS 70.8211182 13.27294018
OS 70.79754954 13.45196954
OS 70.7284463 13.61879928
OS 70.61852018 13.76205782
OS 70.46097668 13.91959878
OS 70.60591924 14.06454134
OS 70.7158479 14.20779734
OS 70.78495114 14.37462962
OS 70.8085198 14.55365898
OS 70.8085198 40.04396614
OS 70.78495114 40.2229955
OS 70.7158479 40.38982524
OS 70.60592178 40.53308378
OS 67.59688538 43.54211764
OS 67.45362684 43.6520463
OS 67.2867971 43.72114954
OS 67.10776774 43.7447182
OS 58.6703424 43.7447182
OS 58.49131304 43.72114954
OS 58.3244833 43.6520463
OS 58.18122476 43.54212018
OS 54.94313116 40.30402658
OS 54.8257984 40.35262694
OS 54.8257984 41.26829948
OS 53.7718 41.26829948
OS 52.7178016 41.26829948
OS 52.7178016 39.8671161
OS 49.93492426 39.8671161
OS 46.34529212 43.4567457
OS 46.20203358 43.56667436
OS 46.03520384 43.6357776
OS 45.85617448 43.65934626
OS 42.2214675 43.65934626
OS 42.04243814 43.6357776
OS 41.8756084 43.56667436
OS 41.73234986 43.45674824
OS 41.68226868 43.40666706
OS 41.59047816 43.38207224
OS 41.4167193 43.2817524
OS 41.2748476 43.1398807
OS 41.17452776 42.96612184
OS 41.149016 42.87090994
OS 40.01257428 41.73446822
OS 39.88801268 41.75924592
OS 39.86139348 41.82351046
OS 39.68991046 41.99499348
OS 39.46585706 42.0878
OS 39.22334548 42.0878
OS 39.14719882 42.19372562
OS 39.14719882 42.56520062
OS 37.03760182 42.56520062
OS 37.03760182 41.30559938
OS 37.03759928 41.30559938
OS 37.08840182 41.24439808
OS 37.08840182 40.8559
OS 38.09240032 40.8559
OS 38.09240032 40.4749
OS 37.08840182 40.4749
OS 37.08840182 40.13463398
OS 37.03759674 40.02520062
OS 36.94825732 39.93520588
OS 36.59538528 39.93520588
OS 36.60372664 39.87729388
OS 36.61602024 39.82446188
OS 36.63182666 39.77975788
OS 36.6511459 39.74318188
OS 36.67397796 39.71473388
OS 36.7003203 39.69441388
OS 36.730178 39.68222188
OS 36.76354598 39.67815788
OS 36.48709492 39.67815788
OS 36.48709492 39.26620544
OS 36.10609492 39.26620544
OS 36.10609492 39.67815788
OS 35.97832022 39.67815788
OS 36.01692822 39.68222188
OS 36.05147222 39.69441388
OS 36.08195222 39.71473388
OS 36.10609492 39.74073332
OS 36.10609492 39.93520588
OS 35.12638136 39.93520588
OS 35.12638136 39.7041243
OS 35.14472778 39.69175196
OS 35.17927178 39.67935422
OS 35.21787978 39.67510988
OS 35.12638136 39.67548326
OS 35.12638136 39.26620544
OS 34.74538136 39.26620544
OS 34.74538136 39.67703266
OS 34.4689303 39.67815788
OS 34.49540726 39.68222188
OS 34.5190953 39.69441388
OS 34.5399995 39.71473388
OS 34.55811478 39.74318188
OS 34.57344368 39.77975788
OS 34.58598366 39.82446188
OS 34.59573726 39.87729388
OS 34.60235904 39.93520588
OS 33.7656678 39.93520588
OS 33.7656678 39.26620544
OS 33.3846678 39.26620544
OS 33.3846678 39.93520588
OS 32.40495424 39.93520588
OS 32.40495424 39.26620544
OS 32.02395424 39.26620544
OS 32.02395424 39.93520588
OS 31.04424068 39.93520588
OS 31.04424068 39.26620544
OS 30.66324068 39.26620544
OS 30.66324068 39.93520588
OS 29.68352712 39.93520588
OS 29.68352712 39.26620544
OS 29.30252712 39.26620544
OS 29.30252712 39.93520588
OS 28.32281356 39.93520588
OS 28.32281356 39.26620544
OS 27.94181356 39.26620544
OS 27.94181356 39.93520588
OS 26.9621 39.93520588
OS 26.9621 39.26620544
OS 26.7716 39.26620544
OS 26.7716 39.07570544
OS 26.04760094 39.07570544
OS 26.04760094 38.66600344
OS 25.99680094 38.66600344
OS 25.99680094 37.22640256
OS 26.62304556 37.22640256
OS 26.62304556 35.39480094
OS 26.6511659 35.25342962
OS 26.52191546 35.19989404
OS 26.37901252 35.0569911
OS 26.3016746 34.87027824
OS 26.3016746 34.66818568
OS 26.37901252 34.48147282
OS 26.40755704 34.4529283
OS 26.40755704 33.57851806
OS 26.2200009 33.57851806
OS 26.04644778 33.54399692
OS 25.89931828 33.44568622
OS 25.8822571 33.4201516
OS 25.7445256 33.4772
OS 25.54243304 33.4772
OS 25.35572018 33.39986208
OS 25.21281724 33.25695914
OS 25.13547932 33.07024628
OS 25.13547932 32.86815372
OS 25.21281724 32.68144086
OS 25.24013494 32.65412316
OS 25.24013494 32.41640202
OS 25.26970562 32.26774344
OS 25.35391424 32.14171626
OS 25.5935226 31.9021079
OS 25.54091666 31.7751079
OS 25.4415671 31.7751079
OS 25.25485424 31.69776998
OS 25.234265 31.67718074
OS 25.22932724 31.67766588
OS 24.96535774 31.94163284
OS 24.9479308 31.96771356
OS 24.77320166 32.1424427
OS 24.77320166 32.93100094
OS 24.77320166 34.48059906
OS 23.33360078 34.48059906
OS 23.33360078 34.42979906
OS 22.92389878 34.42979906
OS 22.92389878 33.7058
OS 22.73339878 33.7058
OS 22.73339878 33.5153
OS 22.06439834 33.5153
OS 22.06439834 32.98180094
OS 22.06439834 32.4485
OS 22.73339878 32.4485
OS 22.73339878 32.0675
OS 22.06439834 32.0675
OS 22.06439834 31.53400094
OS 22.06439834 31.0261
OS 22.73339878 31.0261
OS 22.73339878 30.6451
OS 22.06439834 30.6451
OS 22.06439834 30.11160094
OS 22.085046 30.11160094
OS 22.1886018 30.05499704
OS 22.1886018 29.31649966
OS 23.3426 29.31649966
OS 23.3426 29.12599966
OS 23.5331 29.12599966
OS 23.5331 28.19699974
OS 24.43355032 28.19699974
OS 24.43355032 28.03389618
OS 24.46903412 27.85550436
OS 24.57008548 27.7042753
OS 25.34137934 26.9329789
OS 25.49261094 26.83193008
OS 25.67100022 26.79644628
OS 25.72289496 26.79644628
OS 25.82712132 26.66944374
OS 25.81828212 26.62500136
OS 25.84886118 26.4712704
OS 25.93594254 26.34094554
OS 25.9061966 26.30028268
OS 25.89931828 26.29568528
OS 25.80100758 26.14855578
OS 25.77610288 26.02334648
OS 25.75018218 25.9945632
OS 25.6106549 25.9800852
OS 25.58227802 26.00846208
OS 25.39556516 26.0858
OS 25.1934726 26.0858
OS 25.00675974 26.00846208
OS 24.98143848 25.98314082
OS 24.85042274 25.98838592
OS 24.64080924 26.19799942
OS 24.50637974 26.28782144
OS 24.34781008 26.31936316
OS 24.14604772 26.31936316
OS 22.55189292 27.91351796
OS 22.41746342 28.00333998
OS 22.25889376 28.0348817
OS 19.93631776 28.0348817
OS 19.7777481 28.00333998
OS 19.6433186 27.91351796
OS 19.22641824 27.4966176
OS 19.2029715 27.474799
OS 18.35660032 27.474799
OS 18.35660032 28.96140004
OS 16.79699968 28.96140004
OS 16.79699968 28.58320166
OS 16.58772654 28.58320166
OS 16.59595106 28.32615366
OS 16.3195 28.32615366
OS 16.3195 27.9142063
OS 15.9385 27.9142063
OS 15.9385 28.58320166
OS 15.49059894 28.58320166
OS 15.49059894 28.91780094
OS 16.23880166 28.91780094
OS 16.23880166 29.4513
OS 15.56980122 29.4513
OS 15.56980122 29.6418
OS 15.37930122 29.6418
OS 15.37930122 30.36579906
OS 14.96959922 30.36579906
OS 14.96959922 30.41659906
OS 13.52999834 30.41659906
OS 13.52999834 29.3051357
OS 13.41266558 29.2565328
OS 13.21620166 29.45299672
OS 13.21620166 30.41659906
OS 11.77660078 30.41659906
OS 11.77660078 30.36579906
OS 11.36689878 30.36579906
OS 11.36689878 30.18266506
OS 11.36689878 30.18266506
OS 11.38366278 30.15495874
OS 11.40347478 30.13340938
OS 11.42633478 30.11801698
OS 11.45224278 30.10878154
OS 11.48119878 30.10570306
OS 11.36689878 30.10570306
OS 11.36689878 29.6418
OS 11.17639878 29.6418
OS 11.17639878 29.4513
OS 10.50739834 29.4513
OS 10.50739834 28.91780348
OS 10.5073958 28.91780348
OS 10.46346142 28.80900004
OS 9.91359968 28.80900004
OS 9.91359968 28.58320166
OS 9.4869 28.58320166
OS 9.4869 27.9142063
OS 9.1059 27.9142063
OS 9.1059 28.58320166
OS 8.1407 28.58320166
OS 8.1407 27.91420122
OS 7.7597 27.91420122
OS 7.7597 28.58320166
OS 7.22620094 28.58320166
OS 7.22620094 28.19241758
OS 7.0991984 28.10755618
OS 7.01315082 28.1432
OS 6.79084494 28.1432
OS 6.58546308 28.05812778
OS 6.4282701 27.9009348
OS 6.34319788 27.69555294
OS 6.34319788 27.47324706
OS 6.4282701 27.2678652
OS 6.58546308 27.11067222
OS 6.79084494 27.0256
OS 6.80455586 27.0256
OS 7.17540094 26.65475238
OS 7.17540094 26.22433922
OS 7.05806818 26.17573632
OS 6.32301504 26.91078946
OS 6.3640462 26.95182062
OS 5.72468502 27.5911818
OS 5.66420254 27.69312978
OS 5.7369837 27.76591348
OS 6.72387022 28.7528
OS 6.487033 28.98963468
OS 12.83325094 35.33585262
OS 12.8340612 35.33504236
OS 13.13525948 35.6876985
OS 13.37758056 36.08313078
OS 13.55505798 36.51160084
OS 13.66332294 36.96256006
OS 13.69971098 37.42490356
OS 13.6985629 37.42490356
OS 13.6985629 38.32319996
OS 14.06400032 38.32319996
OS 14.06400032 38.6080127
OS 19.35479746 38.60801778
OS 25.4409194 44.69413464
OS 67.87330596 44.69413464
OS 71.69413398 40.87330662
OE
OB 50.15679834 28.38459652 I
OS 50.15679834 27.85109746
OS 50.82580132 27.85109746
OS 50.82580132 27.47009746
OS 50.15679834 27.47009746
OS 50.15679834 27.01800032
OS 49.93099996 27.01800032
OS 49.93099996 25.45839968
OS 49.93099996 24.03599968
OS 50.82224024 24.03599968
OS 50.84337812 23.92972862
OS 50.93320014 23.79529912
OS 51.1223895 23.60610976
OS 51.1223895 19.15823448
OS 49.96090084 17.99674582
OS 49.87107882 17.86231632
OS 49.8395371 17.70374666
OS 49.8395371 16.25092508
OS 49.69513302 16.106521
OS 49.57780026 16.1551239
OS 49.57780026 17.6893982
OS 47.61820042 17.6893982
OS 47.61820042 16.8989629
OS 43.59203626 16.8989629
OS 43.30040108 17.19059808
OS 43.29762232 17.19384674
OS 43.28731246 17.20745098
OS 43.28001504 17.21851522
OS 43.2785139 17.22119238
OS 43.2785139 17.64000028
OS 43.2524662 17.77095506
OS 43.36951194 17.83351526
OS 43.74142636 17.46160084
OS 43.87585586 17.37177882
OS 44.03442552 17.3402371
OS 45.476033 17.3402371
OS 45.63460266 17.37177882
OS 45.76903216 17.46160084
OS 45.83253724 17.52510592
OS 45.93827236 17.54613712
OS 45.99103578 17.58139232
OS 46.08524946 17.58139232
OS 46.10154864 17.56509314
OS 46.2882615 17.48775522
OS 46.49035406 17.48775522
OS 46.67706692 17.56509314
OS 46.81996986 17.70799608
OS 46.89730778 17.89470894
OS 46.89730778 18.0968015
OS 46.81996986 18.28351436
OS 46.67706692 18.4264173
OS 46.49053694 18.50367902
OS 46.44029574 18.52471022
OS 46.39182746 18.59724754
OS 46.39182746 18.79933756
OS 46.3660109 18.86166662
OS 46.47367642 18.93360704
OS 46.55077304 18.85651042
OS 46.7374859 18.7791725
OS 46.93957846 18.7791725
OS 46.96500386 18.78970334
OS 47.07060182 18.71914468
OS 47.07060182 18.57259938
OS 47.88410032 18.57259938
OS 47.88410032 19.1516
OS 48.07460032 19.1516
OS 48.07460032 19.3421
OS 49.07859882 19.3421
OS 49.07859882 19.71559684
OS 49.07860136 19.73060062
OS 49.07860136 19.84259938
OS 49.07859882 19.85760316
OS 49.07859882 20.2311
OS 48.07460032 20.2311
OS 48.07460032 20.6121
OS 49.07859882 20.6121
OS 49.07859882 20.98559684
OS 49.07860136 21.00060062
OS 49.07860136 21.11259938
OS 49.07859882 21.12760316
OS 49.07859882 21.5011
OS 48.07460032 21.5011
OS 48.07460032 21.8821
OS 49.07859882 21.8821
OS 49.07859882 22.25559938
OS 49.07860136 22.27059554
OS 49.0786039 22.27059554
OS 49.0786039 22.38260446
OS 49.07859882 22.38260446
OS 49.07859882 22.7711
OS 48.07460032 22.7711
OS 48.07460032 22.9616
OS 47.88410032 22.9616
OS 47.88410032 23.54060062
OS 47.4070045 23.54060062
OS 47.4070045 23.59604628
OS 47.32966658 23.78275914
OS 47.18676364 23.92566208
OS 47.0922731 23.96480094
OS 47.11753594 24.09180094
OS 47.48570132 24.09180094
OS 47.48570132 24.5215537
OS 47.32749996 24.62762664
OS 47.34738054 24.64799236
OS 47.3935933 24.70150762
OS 47.40452292 24.71681874
OS 47.41321226 24.7308624
OS 47.4196664 24.74364368
OS 47.42388026 24.75516004
OS 47.42585638 24.76541148
OS 47.42559476 24.77440054
OS 47.48570132 24.73042044
OS 47.48570132 24.81579746
OS 47.86670132 24.81579746
OS 47.86670132 24.09180094
OS 48.27640078 24.09180094
OS 48.27640078 24.04100094
OS 49.71600166 24.04100094
OS 49.71600166 25.59059906
OS 49.66520166 25.59059906
OS 49.66520166 26.04769746
OS 48.99619868 26.04769746
OS 48.99619868 26.42869746
OS 49.66520166 26.42869746
OS 49.66520166 26.93660094
OS 49.66520166 27.47009746
OS 48.99619868 27.47009746
OS 48.99619868 27.85109746
OS 49.66520166 27.85109746
OS 49.66520166 28.38459652
OS 49.71251932 28.49200042
OS 50.10948068 28.49200042
OS 50.15679834 28.38459652
OE
OB 23.22028122 26.07313302 I
OS 23.17167832 25.95580026
OS 22.1378018 25.95580026
OS 22.1378018 24.07160032
OS 21.83859996 24.07160032
OS 21.83859996 22.6076764
OS 21.8171522 22.50806522
OS 21.7205687 22.49034364
OS 21.59103124 22.49034364
OS 21.57676152 22.48443306
OS 21.47116356 22.55499172
OS 21.47116356 24.73423298
OS 21.43962184 24.89280264
OS 21.34979982 25.02723214
OS 21.0816444 25.29538756
OS 21.0777963 25.30002052
OS 21.07758548 25.3003177
OS 21.07758548 25.30211094
OS 20.99251326 25.5074928
OS 20.83532028 25.66468578
OS 20.62993842 25.749758
OS 20.40763254 25.749758
OS 20.25020842 25.68455112
OS 20.20218464 25.7564255
OS 20.1599419 25.79866824
OS 20.2085448 25.916001
OS 20.29530104 25.916001
OS 20.29530104 26.67
OS 20.48580104 26.67
OS 20.48580104 26.8605
OS 21.23980004 26.8605
OS 21.23980004 27.2061559
OS 22.08725834 27.2061559
OS 23.22028122 26.07313302
OE
OB 48.22725432 21.38358182 I
OS 48.22820174 21.36964738
OS 48.37940032 21.36964738
OS 48.35044432 21.36659938
OS 48.32453632 21.35745538
OS 48.30167632 21.34221538
OS 48.28186432 21.32087938
OS 48.26510032 21.29344738
OS 48.25138432 21.25991938
OS 48.24730254 21.24476066
OS 48.24757432 21.24421456
OS 48.25240032 21.23799156
OS 48.24548136 21.23799156
OS 48.24071632 21.22029538
OS 48.23309632 21.17457538
OS 48.22852432 21.12275938
OS 48.22700032 21.06484738
OS 47.92220032 21.06484738
OS 47.92067632 21.12275938
OS 47.91610432 21.17457538
OS 47.90848432 21.22029538
OS 47.90371928 21.23799156
OS 47.89680032 21.23799156
OS 47.90162632 21.24421456
OS 47.9018981 21.24476066
OS 47.89781632 21.25991938
OS 47.88410032 21.29344738
OS 47.86733632 21.32087938
OS 47.84752432 21.34221538
OS 47.82466432 21.35745538
OS 47.79875632 21.36659938
OS 47.76980032 21.36964738
OS 47.92137736 21.36964738
OS 47.92194632 21.38358182
OS 47.92220032 21.4122
OS 48.22700032 21.4122
OS 48.22725432 21.38358182
OE
OB 48.22852432 20.9898615 I
OS 48.23309632 20.93752734
OS 48.24071632 20.89135014
OS 48.24501908 20.87520844
OS 48.25240032 20.87520844
OS 48.24757432 20.86898544
OS 48.24699266 20.86780942
OS 48.25138432 20.8513299
OS 48.26510032 20.81746662
OS 48.28186432 20.7897603
OS 48.30167632 20.76821094
OS 48.32453632 20.75281854
OS 48.35044432 20.7435831
OS 48.37940032 20.74050462
OS 48.22769882 20.74050462
OS 48.22725432 20.72961818
OS 48.22700032 20.701
OS 47.92220032 20.701
OS 47.92194632 20.72961818
OS 47.92120464 20.74050462
OS 47.76980032 20.74050462
OS 47.79875632 20.7435831
OS 47.82466432 20.75281854
OS 47.84752432 20.76821094
OS 47.86733632 20.7897603
OS 47.88410032 20.81746662
OS 47.89781632 20.8513299
OS 47.90220798 20.86780942
OS 47.90162632 20.86898544
OS 47.89680032 20.87520844
OS 47.90418156 20.87520844
OS 47.90848432 20.89135014
OS 47.91610432 20.93752734
OS 47.92067632 20.9898615
OS 47.92220032 21.04835262
OS 48.22700032 21.04835262
OS 48.22852432 20.9898615
OE
OB 17.64134394 20.53881846 I
OS 17.61543594 20.52958302
OS 17.59257594 20.51419062
OS 17.57276394 20.49264126
OS 17.55599994 20.46493494
OS 17.54228394 20.43107166
OS 17.53161594 20.39105142
OS 17.52399594 20.34487422
OS 17.5199421 20.29847604
OS 17.52399594 20.25217946
OS 17.53161594 20.20608354
OS 17.54228394 20.16610902
OS 17.55599994 20.13226352
OS 17.57276394 20.10453942
OS 17.59257594 20.08294434
OS 17.61543594 20.06747066
OS 17.64134394 20.05812346
OS 17.67029994 20.05490274
OS 17.0862498 20.05795074
OS 17.11035186 20.06099874
OS 17.13191646 20.07014274
OS 17.1509436 20.08538274
OS 17.16743328 20.10671874
OS 17.18138804 20.13415074
OS 17.1928028 20.16767874
OS 17.20168264 20.20730274
OS 17.20802502 20.25302274
OS 17.21122542 20.29656342
OS 17.20700394 20.34487422
OS 17.19938394 20.39105142
OS 17.18871594 20.43107166
OS 17.17499994 20.46493494
OS 17.15823594 20.49264126
OS 17.13842394 20.51419062
OS 17.11556394 20.52958302
OS 17.08965594 20.53881846
OS 17.06069994 20.54189694
OS 17.67029994 20.54189694
OS 17.64134394 20.53881846
OE
OB 21.81559518 17.79360424 I
OS 21.83741124 17.77010924
OS 21.83567642 17.76138434
OS 21.83859996 17.74668536
OS 21.83859996 16.79699968
OS 23.34819308 16.79699968
OS 23.34819308 16.7969946
OS 23.43860692 16.7969946
OS 23.43860692 16.79699968
OS 24.5518686 16.79699968
OS 24.6004715 16.67966692
OS 22.30516748 14.3843629
OS 16.94690794 14.3843629
OS 16.78833828 14.35282118
OS 16.65390878 14.26299916
OS 16.52152652 14.1306169
OS 16.40419376 14.1792198
OS 16.40419376 15.0573994
OS 16.35339376 15.0573994
OS 16.35339376 15.46362668
OS 16.3988496 15.494
OS 16.62115294 15.494
OS 16.64740384 15.50487374
OS 16.7530018 15.43431508
OS 16.7530018 15.06519974
OS 19.1625982 15.06519974
OS 19.1625982 16.78030426
OS 19.28051008 16.85908998
OS 19.76233538 17.34091528
OS 19.8011161 17.3769274
OS 19.81845668 17.39079834
OS 19.841972 17.39079834
OS 19.85665828 17.38787734
OS 19.87134456 17.39079834
OS 20.73919906 17.39079834
OS 20.73919906 18.69039442
OS 20.86619906 18.74300036
OS 21.81559518 17.79360424
OE
OB 65.95404894 15.47521924 I
OS 66.02943106 15.4704288
OS 66.12595106 15.4686
OS 66.12595106 14.9606
OS 66.02943106 14.95927158
OS 65.95404894 14.95269552
OS 65.95404894 14.82764878
OS 65.94896894 14.85290908
OS 65.93372894 14.87551
OS 65.90832894 14.89545408
OS 65.87276894 14.91273878
OS 65.82704894 14.92736156
OS 65.786 14.9361525
OS 65.74495106 14.92736156
OS 65.69923106 14.91273878
OS 65.66367106 14.89545408
OS 65.63827106 14.87551
OS 65.62303106 14.85290908
OS 65.61795106 14.82764878
OS 65.61795106 14.95560128
OS 65.44604894 14.9606
OS 65.44604894 15.4686
OS 65.54256894 15.4704288
OS 65.61795106 15.47721568
OS 65.61795106 15.65155366
OS 65.62303106 15.61679122
OS 65.63827106 15.58569146
OS 65.66367106 15.55824676
OS 65.69923106 15.5344622
OS 65.74495106 15.51433778
OS 65.786 15.5022423
OS 65.82704894 15.51433778
OS 65.87276894 15.5344622
OS 65.90832894 15.55824676
OS 65.93372894 15.58569146
OS 65.94896894 15.61679122
OS 65.95404894 15.65155366
OS 65.95404894 15.47521924
OE
OB 68.64644894 15.47212298 I
OS 68.76755106 15.4686
OS 68.76755106 14.9606
OS 68.67103106 14.9587712
OS 68.64644894 14.95655886
OS 68.64644894 14.77764634
OS 68.64136894 14.81240878
OS 68.62612894 14.84350854
OS 68.60072894 14.87095324
OS 68.56516894 14.8947378
OS 68.51944894 14.91486222
OS 68.46356894 14.9313265
OS 68.453 14.93337628
OS 68.44243106 14.9313265
OS 68.38655106 14.91486222
OS 68.34083106 14.8947378
OS 68.30527106 14.87095324
OS 68.27987106 14.84350854
OS 68.26463106 14.81240878
OS 68.25955106 14.77764634
OS 68.25955106 14.9572091
OS 68.23496894 14.9587712
OS 68.13844894 14.9606
OS 68.13844894 15.4686
OS 68.23496894 15.46992842
OS 68.25955106 15.47207218
OS 68.25955106 15.60155122
OS 68.26463106 15.57629092
OS 68.27987106 15.55369
OS 68.30527106 15.53374592
OS 68.34083106 15.51646122
OS 68.38655106 15.50183844
OS 68.44243106 15.4898725
OS 68.45051334 15.48873458
OS 68.46356894 15.4898725
OS 68.51944894 15.50183844
OS 68.56516894 15.51646122
OS 68.60072894 15.53374592
OS 68.62612894 15.55369
OS 68.64136894 15.57629092
OS 68.64644894 15.60155122
OS 68.64644894 15.47212298
OE
OB 57.98484974 15.39335504 I
OS 58.01704678 15.36739624
OS 58.05105738 15.34378186
OS 58.086879 15.32251698
OS 58.12451164 15.30359652
OS 58.16395784 15.28702302
OS 58.20521252 15.27279902
OS 58.24828076 15.26091944
OS 58.29316002 15.25138682
OS 58.33985284 15.24420116
OS 57.98473798 14.97437696
OS 57.89234802 14.86211404
OS 58.11262698 14.36615872
OS 58.07028518 14.38231566
OS 57.9449565 14.42058584
OS 57.90374246 14.42994066
OS 57.82216528 14.44354744
OS 57.7817996 14.4477994
OS 57.70191406 14.45120046
OS 57.55235124 14.75600046
OS 57.59676568 14.75793086
OS 57.63800512 14.7637246
OS 57.6760721 14.77337914
OS 57.71096662 14.78689702
OS 57.74268868 14.8042757
OS 57.77123828 14.82551772
OS 57.79661542 14.85062054
OS 57.80494408 14.86148412
OS 57.80186052 14.8677249
OS 57.78447168 14.88987116
OS 57.76232288 14.90860874
OS 57.73541412 14.92394272
OS 57.70374286 14.93586802
OS 57.66731418 14.94438464
OS 57.626123 14.94949512
OS 57.5801744 14.95119946
OS 57.67497482 15.25599946
OS 57.7304535 15.25443228
OS 57.95446372 15.42166334
OS 57.98484974 15.39335504
OE
OB 66.89303106 15.61679122 I
OS 66.90827106 15.58569146
OS 66.93367106 15.55824676
OS 66.96923106 15.5344622
OS 67.01495106 15.51433778
OS 67.07083106 15.4978735
OS 67.1216082 15.48802592
OS 67.14276894 15.4898725
OS 67.19864894 15.50183844
OS 67.24436894 15.51646122
OS 67.27992894 15.53374592
OS 67.30532894 15.55369
OS 67.32056894 15.57629092
OS 67.32564894 15.60155122
OS 67.32564894 15.46993096
OS 67.39595106 15.4686
OS 67.39595106 14.9606
OS 67.32564894 14.95963226
OS 67.32564894 14.77764634
OS 67.32056894 14.81240878
OS 67.30532894 14.84350854
OS 67.27992894 14.87095324
OS 67.24436894 14.8947378
OS 67.19864894 14.91486222
OS 67.14276894 14.9313265
OS 67.0919918 14.94117408
OS 67.07083106 14.9393275
OS 67.01495106 14.92736156
OS 66.96923106 14.91273878
OS 66.93367106 14.89545408
OS 66.90827106 14.87551
OS 66.89303106 14.85290908
OS 66.88795106 14.82764878
OS 66.88795106 14.95926904
OS 66.81764894 14.9606
OS 66.81764894 15.4686
OS 66.88795106 15.46956774
OS 66.88795106 15.65155366
OS 66.89303106 15.61679122
OE
OB 60.34283842 15.30410452 I
OS 60.36128136 15.32100822
OS 60.4042734 15.24266954
OS 60.47433676 15.17260618
OS 60.45450444 15.15114064
OS 60.51401918 15.0426928
OS 60.48627476 15.01322372
OS 60.46016864 14.98193092
OS 60.43569574 14.94882202
OS 60.41285606 14.91389194
OS 60.39165468 14.87714068
OS 60.37208652 14.83857078
OS 60.33785748 14.75596998
OS 60.3231966 14.71194162
OS 60.31016894 14.66609208
OS 60.12949366 14.98165152
OS 59.872372 15.23877318
OS 59.91848824 15.23984506
OS 59.96294332 15.24399542
OS 60.00573978 15.25122934
OS 60.04687254 15.26154428
OS 60.08634668 15.27494024
OS 60.1241622 15.29141468
OS 60.16031402 15.31097268
OS 60.19480722 15.3336117
OS 60.22763926 15.35933174
OS 60.25881014 15.3881328
OS 60.34283842 15.30410452
OE
OB 30.63354808 13.90029732 I
OS 30.83599878 13.90029732
OS 30.79739078 13.89620284
OS 30.76284678 13.8839194
OS 30.73236678 13.863447
OS 30.70595078 13.83478564
OS 30.68359878 13.79793532
OS 30.66531078 13.75289604
OS 30.65382236 13.70989892
OS 30.66531078 13.66690434
OS 30.68359878 13.62186506
OS 30.70595078 13.58501474
OS 30.73236678 13.55635338
OS 30.76284678 13.53588098
OS 30.79739078 13.52359754
OS 30.83599878 13.51950306
OS 30.63354808 13.51950306
OS 30.63279878 13.49084932
OS 30.22639878 13.49084932
OS 30.22564948 13.51950306
OS 30.02319878 13.51950306
OS 30.06180678 13.52359754
OS 30.09635078 13.53588098
OS 30.12683078 13.55635338
OS 30.15324678 13.58501474
OS 30.17559878 13.62186506
OS 30.19388678 13.66690434
OS 30.2053752 13.70989892
OS 30.19388678 13.75289604
OS 30.17559878 13.79793532
OS 30.15324678 13.83478564
OS 30.12683078 13.863447
OS 30.09635078 13.8839194
OS 30.06180678 13.89620284
OS 30.02319878 13.90029732
OS 30.22564948 13.90029732
OS 30.22639878 13.92895106
OS 30.63279878 13.92895106
OS 30.63354808 13.90029732
OE
OB 57.87387206 13.35598548 I
OS 57.98498182 13.15586904
OS 58.10626682 13.03458404
OS 58.47403596 12.92705822
OS 58.44337054 12.91076666
OS 58.38182634 12.8734312
OS 58.3509501 12.85238984
OS 58.25789974 12.77976362
OS 58.22674156 12.75239004
OS 58.16421692 12.69289054
OS 57.89905362 12.74921758
OS 57.87658986 12.72846324
OS 57.84417692 12.76087618
OS 57.80868804 12.7684149
OS 57.8220713 12.7829818
OS 57.66106324 12.94398986
OS 57.6898643 12.97516074
OS 57.7110479 13.00220158
OS 57.54295578 13.25600092
OS 57.58782996 13.2578983
OS 57.62897542 13.26359044
OS 57.66639724 13.27307988
OS 57.70009034 13.28636408
OS 57.7300598 13.30344304
OS 57.75630562 13.32431676
OS 57.77882272 13.34898778
OS 57.78333884 13.355828
OS 57.78013844 13.36134996
OS 57.7600064 13.38518786
OS 57.73567574 13.405358
OS 57.70715154 13.42186038
OS 57.67443126 13.43469754
OS 57.6375149 13.4438644
OS 57.59640246 13.44936604
OS 57.55109394 13.45119992
OS 57.62329852 13.75599992
OS 58.15386388 13.77782868
OS 57.87387206 13.35598548
OE
OB 57.21309614 12.79880092 I
OS 57.21309614 12.29879938
OS 57.21001766 12.32775538
OS 57.20078222 12.35366338
OS 57.18538982 12.37652338
OS 57.16384046 12.39633538
OS 57.13613414 12.41309938
OS 57.10227086 12.42681538
OS 57.06225062 12.43748338
OS 57.01607342 12.44510338
OS 56.96373926 12.44967538
OS 56.90524814 12.45119938
OS 56.90524814 12.75599938
OS 56.96373926 12.75752338
OS 57.01607342 12.76209538
OS 57.06225062 12.76971538
OS 57.10227086 12.78038338
OS 57.13613414 12.79409938
OS 57.16384046 12.81086338
OS 57.18538982 12.83067538
OS 57.20078222 12.85353538
OS 57.20080508 12.85359888
OS 57.20078222 12.85366492
OS 57.18538982 12.87652492
OS 57.16384046 12.89633692
OS 57.13613414 12.91310092
OS 57.10227086 12.92681692
OS 57.06225062 12.93748492
OS 57.01607342 12.94510492
OS 56.96373926 12.94967692
OS 56.90524814 12.95120092
OS 56.90524814 13.25600092
OS 56.96373926 13.25752492
OS 57.01607342 13.26209692
OS 57.06225062 13.26971692
OS 57.10227086 13.28038492
OS 57.13613414 13.29410092
OS 57.16384046 13.31086492
OS 57.18538982 13.33067692
OS 57.20078222 13.35353692
OS 57.21001766 13.37944492
OS 57.21309614 13.40840092
OS 57.21309614 12.79880092
OE
OB 30.63389098 12.59169694 I
OS 30.83599878 12.59169694
OS 30.79739078 12.58760246
OS 30.76284678 12.57531902
OS 30.73236678 12.55484662
OS 30.70595078 12.52618526
OS 30.68359878 12.48933494
OS 30.66531078 12.44429566
OS 30.65558512 12.4079
OS 30.66531078 12.37150434
OS 30.68359878 12.32646506
OS 30.70595078 12.28961474
OS 30.73236678 12.26095338
OS 30.76284678 12.24048098
OS 30.79739078 12.22819754
OS 30.83599878 12.22410306
OS 30.63389098 12.22410306
OS 30.63279878 12.18224894
OS 30.22639878 12.18224894
OS 30.22530658 12.22410306
OS 30.02319878 12.22410306
OS 30.06180678 12.22819754
OS 30.09635078 12.24048098
OS 30.12683078 12.26095338
OS 30.15324678 12.28961474
OS 30.17559878 12.32646506
OS 30.19388678 12.37150434
OS 30.20361244 12.4079
OS 30.19388678 12.44429566
OS 30.17559878 12.48933494
OS 30.15324678 12.52618526
OS 30.12683078 12.55484662
OS 30.09635078 12.57531902
OS 30.06180678 12.58760246
OS 30.02319878 12.59169694
OS 30.22530658 12.59169694
OS 30.22639878 12.63355106
OS 30.63279878 12.63355106
OS 30.63389098 12.59169694
OE
OB 65.95404894 10.96764634 I
OS 66.16680696 10.96764634
OS 66.167 10.98755232
OS 66.675 10.98755232
OS 66.6755207 10.96764634
OS 66.88795106 10.96764634
OS 66.8474914 10.96256634
OS 66.81128878 10.94732634
OS 66.77934574 10.92192634
OS 66.75166228 10.88636634
OS 66.7282384 10.84064634
OS 66.70907156 10.78476634
OS 66.69711832 10.73180226
OS 66.69786 10.72732932
OS 66.71564 10.6609515
OS 66.7385 10.60475654
OS 66.76644 10.5587419
OS 66.79946 10.52291012
OS 66.83756 10.49725866
OS 66.88074 10.48179006
OS 66.929 10.47650432
OS 66.6753937 10.47748222
OS 66.675 10.45964634
OS 66.167 10.45964634
OS 66.16656312 10.47944564
OS 66.13904984 10.47955232
OS 66.14436098 10.48463232
OS 66.14911078 10.49987232
OS 66.15330432 10.52527232
OS 66.15693906 10.56083232
OS 66.15917426 10.61051218
OS 66.14783316 10.71872634
OS 66.13292844 10.78476634
OS 66.1137616 10.84064634
OS 66.09033772 10.88636634
OS 66.06265426 10.92192634
OS 66.03071122 10.94732634
OS 65.9945086 10.96256634
OS 65.95404894 10.96764634
OE
OB 65.95404894 11.6395373 I
OS 66.12595106 11.63359878
OS 66.12595106 11.12559878
OS 66.02943106 11.1240189
OS 65.95404894 11.11815912
OS 65.95404894 10.96764634
OS 65.94896894 10.99765644
OS 65.93372894 11.02450932
OS 65.90832894 11.04820244
OS 65.87276894 11.0687358
OS 65.82704894 11.0861094
OS 65.786 11.09655388
OS 65.74495106 11.0861094
OS 65.69923106 11.0687358
OS 65.66367106 11.04820244
OS 65.63827106 11.02450932
OS 65.62303106 10.99765644
OS 65.61795106 10.96764634
OS 65.61795106 11.11966026
OS 65.44604894 11.12559878
OS 65.44604894 11.63359878
OS 65.54256894 11.63517866
OS 65.61795106 11.64103844
OS 65.61795106 11.79155122
OS 65.62303106 11.76154112
OS 65.63827106 11.73468824
OS 65.66367106 11.71099512
OS 65.69923106 11.69046176
OS 65.74495106 11.67308816
OS 65.786 11.66264368
OS 65.82704894 11.67308816
OS 65.87276894 11.69046176
OS 65.90832894 11.71099512
OS 65.93372894 11.73468824
OS 65.94896894 11.76154112
OS 65.95404894 11.79155122
OS 65.95404894 11.6395373
OE
OB 61.80737702 11.90924974 I
OS 61.83344504 11.87708826
OS 61.86170762 11.84870884
OS 61.89216222 11.82411148
OS 61.92480884 11.80330126
OS 61.95964748 11.7862731
OS 61.99668068 11.77302954
OS 62.03590844 11.76356804
OS 62.07732568 11.75789368
OS 62.12094002 11.75600138
OS 62.04343446 11.45120138
OS 62.00270302 11.4499136
OS 61.96195634 11.4460528
OS 61.9475774 11.44378204
OS 61.96147882 11.42337314
OS 61.98736904 11.39093988
OS 62.01584498 11.36028208
OS 61.82143338 11.12364044
OS 61.78982054 11.1527336
OS 61.75671926 11.17826822
OS 61.72212954 11.20025192
OS 61.68605392 11.21867708
OS 61.64848986 11.23354878
OS 61.60943736 11.24486448
OS 61.56889896 11.25262418
OS 61.52687212 11.25683042
OS 61.48335684 11.25748066
OS 61.43835312 11.25457744
OS 61.69175876 11.55949428
OS 61.78350356 11.94519836
OS 61.80737702 11.90924974
OE
OB 68.2184818 11.27048292 I
OS 68.2184818 9.06116552
OS 67.00089216 7.84357334
OS 66.977895 7.83404834
OS 66.96846906 7.82681442
OS 66.84658208 7.84335998
OS 66.78761598 7.95458912
OS 66.84313784 8.05075606
OS 66.90479888 8.28087752
OS 66.90479888 8.51911428
OS 66.84313784 8.74923574
OS 66.72401946 8.95555486
OS 66.55555904 9.12401528
OS 66.50778164 9.15159968
OS 66.52185832 9.20412942
OS 66.15669268 9.53026034
OS 66.13904984 9.53564768
OS 67.03295204 9.53564768
OS 67.03543362 9.51207648
OS 67.0428809 9.48576208
OS 67.05529134 9.45670194
OS 67.07266748 9.4248986
OS 67.09500678 9.39034952
OS 67.12231178 9.35305724
OS 67.18479578 9.27859968
OS 67.29000004 9.27859968
OS 67.29000004 9.81709746
OS 66.58600348 9.81709746
OS 66.58600348 10.19809746
OS 67.29000004 10.19809746
OS 67.29000004 10.73660032
OS 67.14499906 10.73660032
OS 67.14499906 11.18909878
OS 66.421 11.18909878
OS 66.421 11.57009878
OS 67.14499906 11.57009878
OS 67.14499906 11.97388004
OS 67.51508468 11.97388004
OS 68.2184818 11.27048292
OE
OB 56.23649662 5.77181472 I
OS 56.3118 5.6695975
OS 56.3118 5.46674294
OS 56.40460652 5.24268954
OS 56.57608954 5.07120652
OS 56.64827634 5.04130564
OS 56.64827634 3.8284658
OS 58.0578722 3.8284658
OS 58.14819714 3.75360184
OS 58.14819714 3.66319562
OS 58.14819968 3.66319562
OS 58.14819968 2.61071868
OS 58.00732366 2.61071868
OS 58.00732366 2.743835
OS 57.35332954 2.743835
OS 57.08734328 2.743835
OS 56.95637326 2.61286498
OS 56.98511082 2.65237976
OS 56.9994796 2.69907512
OS 56.9994796 2.743835
OS 56.69932526 2.743835
OS 56.69932526 2.61071868
OS 55.42320132 2.61071868
OS 55.42320132 4.73739972
OS 54.83821392 4.73739972
OS 54.83821392 5.3556916
OS 54.96521392 5.3809519
OS 55.03300652 5.21728954
OS 55.20448954 5.04580652
OS 55.42854294 4.953
OS 55.67105706 4.953
OS 55.89511046 5.04580652
OS 56.06659348 5.21728954
OS 56.1594 5.44134294
OS 56.1594 5.68385452
OS 56.23414712 5.77376544
OS 56.23649662 5.77181472
OE
OB 60.4266 5.73029842 I
OS 60.4266 5.51754294
OS 60.51940652 5.29348954
OS 60.5336991 5.27919696
OS 60.4850962 5.1618642
OS 60.28960256 5.1618642
OS 60.28960256 3.7522658
OS 61.67976996 3.7522658
OS 61.72297028 3.72493286
OS 61.78039968 3.65889794
OS 61.78039968 2.81921966
OS 61.77565496 2.81207972
OS 61.67174102 2.84345888
OS 61.64865496 2.86419544
OS 61.64865496 3.5121342
OS 61.18515576 3.5121342
OS 61.18515576 2.858135
OS 60.99465576 2.858135
OS 60.99465576 2.667635
OS 60.34065656 2.667635
OS 60.34065656 2.61071868
OS 59.70780032 2.61071868
OS 59.70780032 3.66319308
OS 59.7078054 3.66319308
OS 59.7078054 3.75360692
OS 59.70780032 3.75360692
OS 59.70780032 5.0546
OS 59.78585706 5.0546
OS 60.00991046 5.14740652
OS 60.18139348 5.31888954
OS 60.2742 5.54294294
OS 60.2742 5.67137804
OS 60.36894454 5.75235578
OS 60.4266 5.73029842
OE
OB 66.80950062 41.85242836 H
OS 66.45920922 41.78275108
OS 66.12180324 41.64299266
OS 65.8181437 41.44009492
OS 65.55990444 41.18185566
OS 65.3570067 40.87819612
OS 65.21724828 40.54079014
OS 65.147571 40.19049874
OS 66.80950062 40.19049874
OS 66.80950062 41.85242836
OE
OB 68.85243024 39.80949874 H
OS 67.19050062 39.80949874
OS 67.19050062 38.14756912
OS 67.54079202 38.2172464
OS 67.878198 38.35700482
OS 68.18185754 38.55990256
OS 68.4400968 38.81814182
OS 68.64299454 39.12180136
OS 68.78275296 39.45920734
OS 68.85243024 39.80949874
OE
OB 66.80950062 39.80949874 H
OS 65.147571 39.80949874
OS 65.21724828 39.45920734
OS 65.3570067 39.12180136
OS 65.55990444 38.81814182
OS 65.8181437 38.55990256
OS 66.12180324 38.35700482
OS 66.45920922 38.2172464
OS 66.80950062 38.14756912
OS 66.80950062 39.80949874
OE
OB 67.4497 33.77939904 H
OS 67.4497 31.9659
OS 68.3131984 31.9659
OS 68.3131984 33.77939904
OS 67.4497 33.77939904
OE
OB 54.5973 32.76399848 H
OS 53.75880028 32.76399848
OS 53.75880028 31.55049824
OS 54.5973 31.55049824
OS 54.5973 32.76399848
OE
OB 55.81679972 31.16949824 H
OS 54.9783 31.16949824
OS 54.9783 29.955998
OS 55.81679972 29.955998
OS 55.81679972 31.16949824
OE
OB 54.5973 31.16949824 H
OS 53.75880028 31.16949824
OS 53.75880028 29.955998
OS 54.5973 29.955998
OS 54.5973 31.16949824
OE
OB 68.3131984 31.5849 H
OS 67.4497 31.5849
OS 67.4497 29.77140096
OS 68.3131984 29.77140096
OS 68.3131984 31.5849
OE
OB 67.0687 31.5849 H
OS 66.2052016 31.5849
OS 66.2052016 29.77140096
OS 67.0687 29.77140096
OS 67.0687 31.5849
OE
OB 36.415599 43.74308244 H
OS 34.806001 43.74308244
OS 34.806001 43.61669204
OS 34.68879778 43.59303448
OS 34.68879778 43.59303194
OS 33.12919968 43.59303194
OS 33.12919968 42.1200326
OS 33.12919714 42.08343374
OS 33.12919714 41.99303006
OS 33.12919968 41.9564312
OS 33.12919968 41.04969184
OS 31.15952366 41.04969184
OS 31.15952366 41.9931342
OS 29.74992526 41.9931342
OS 29.74992526 41.1750256
OS 29.62292526 41.1215459
OS 29.55800032 41.17495702
OS 29.55800032 41.9551993
OS 29.55800286 41.99179816
OS 29.55800286 42.08220184
OS 29.55800032 42.1188007
OS 29.55800032 42.4729021
OS 29.74967634 42.4729021
OS 29.74967634 42.1824658
OS 31.15927474 42.1824658
OS 31.15927474 43.5920642
OS 29.74967634 43.5920642
OS 29.74967634 43.3016279
OS 29.55800032 43.3016279
OS 29.55800032 43.59180004
OS 27.99839968 43.59180004
OS 27.99839968 42.1188007
OS 27.99839714 42.08220184
OS 27.99839714 41.99179816
OS 27.99839968 41.9551993
OS 27.99839968 41.6135439
OS 27.9865455 41.6118421
OS 27.97210052 41.61074482
OS 27.85839742 41.61074482
OS 27.64036382 41.56737432
OS 27.45552548 41.44386936
OS 27.30852806 41.29687194
OS 27.27735464 41.25021722
OS 27.23767222 41.2105348
OS 27.21619398 41.15868324
OS 27.1850231 41.11203106
OS 27.1740757 41.05700196
OS 27.1526 41.00515294
OS 27.1526 40.94903418
OS 27.1416526 40.894
OS 27.1526 40.83896582
OS 27.1526 40.78284706
OS 27.1740757 40.73099804
OS 27.1850231 40.67596894
OS 27.21619398 40.62931676
OS 27.23767222 40.5774652
OS 27.27735464 40.53778278
OS 27.30852806 40.49112806
OS 27.35518278 40.45995464
OS 27.3948652 40.42027222
OS 27.44671676 40.39879398
OS 27.49336894 40.3676231
OS 27.54839804 40.3566757
OS 27.60024706 40.3352
OS 27.65636582 40.3352
OS 27.7114 40.3242526
OS 27.76643418 40.3352
OS 27.82255294 40.3352
OS 27.87440196 40.3566757
OS 27.92943106 40.3676231
OS 27.97608324 40.39879398
OS 28.0279348 40.42027222
OS 28.06761722 40.45995464
OS 28.08452092 40.47125002
OS 28.58219836 40.47125002
OS 28.63724524 40.48219996
OS 28.89875348 40.48219996
OS 29.12703852 40.25391492
OS 29.27827012 40.15286356
OS 29.45666194 40.11737976
OS 33.40785038 40.11737976
OS 33.5862422 40.15286356
OS 33.73747126 40.25391492
OS 33.91602056 40.43246168
OS 33.95007942 40.48343186
OS 34.68880032 40.48343186
OS 34.68880032 40.50987834
OS 34.806001 40.5335359
OS 34.81580286 40.53353844
OS 36.415599 40.53353844
OS 36.415599 42.04306044
OS 34.8158054 42.04306044
OS 34.74729652 42.05582648
OS 34.71934636 42.0865046
OS 34.74801026 42.22185358
OS 34.80600354 42.2335579
OS 34.80600354 42.23356044
OS 36.415599 42.23356044
OS 36.415599 43.74308244
OE
OB 54.8257984 43.46279852 H
OS 53.9623 43.46279852
OS 53.9623 41.64929948
OS 54.8257984 41.64929948
OS 54.8257984 43.46279852
OE
OB 53.5813 43.46279852 H
OS 52.7178016 43.46279852
OS 52.7178016 41.64929948
OS 53.5813 41.64929948
OS 53.5813 43.46279852
OE
OB 5.19050016 41.85242836 H
OS 5.19050016 40.19049874
OS 6.85242978 40.19049874
OS 6.7827525 40.54079014
OS 6.64299408 40.87819612
OS 6.44009634 41.18185566
OS 6.18185708 41.44009492
OS 5.87819754 41.64299266
OS 5.54079156 41.78275108
OS 5.19050016 41.85242836
OE
OB 4.80950016 41.85242836 H
OS 4.45920876 41.78275108
OS 4.12180278 41.64299266
OS 3.81814324 41.44009492
OS 3.55990398 41.18185566
OS 3.35700624 40.87819612
OS 3.21724782 40.54079014
OS 3.14757054 40.19049874
OS 4.80950016 40.19049874
OS 4.80950016 41.85242836
OE
OB 26.5811 39.93520588 H
OS 26.04760094 39.93520588
OS 26.04760094 39.45670544
OS 26.5811 39.45670544
OS 26.5811 39.93520588
OE
OB 6.85242978 39.80949874 H
OS 5.19050016 39.80949874
OS 5.19050016 38.14756912
OS 5.54079156 38.2172464
OS 5.87819754 38.35700482
OS 6.18185708 38.55990256
OS 6.44009634 38.81814182
OS 6.64299408 39.12180136
OS 6.7827525 39.45920734
OS 6.85242978 39.80949874
OE
OB 4.80950016 39.80949874 H
OS 3.14757054 39.80949874
OS 3.21724782 39.45920734
OS 3.35700624 39.12180136
OS 3.55990398 38.81814182
OS 3.81814324 38.55990256
OS 4.12180278 38.35700482
OS 4.45920876 38.2172464
OS 4.80950016 38.14756912
OS 4.80950016 39.80949874
OE
OB 6.09278944 37.30479966 H
OS 5.90721196 37.30479966
OS 5.72795908 37.25676826
OS 5.56724566 37.16397952
OS 5.43602164 37.0327555
OS 5.3432329 36.87204208
OS 5.2952015 36.6927892
OS 5.2952015 36.50721172
OS 5.3432329 36.32795884
OS 5.43602164 36.16724542
OS 5.56724566 36.0360214
OS 5.72795908 35.94323266
OS 5.90721196 35.89520126
OS 6.09278944 35.89520126
OS 6.27204232 35.94323266
OS 6.43275574 36.0360214
OS 6.56397976 36.16724542
OS 6.6567685 36.32795884
OS 6.7047999 36.50721172
OS 6.7047999 36.6927892
OS 6.6567685 36.87204208
OS 6.56397976 37.0327555
OS 6.43275574 37.16397952
OS 6.27204232 37.25676826
OS 6.09278944 37.30479966
OE
OB 3.91031984 35.7632 H
OS 3.70968016 35.7632
OS 3.51587816 35.71127224
OS 3.3421193 35.6109524
OS 3.2002476 35.4690807
OS 3.09992776 35.29532184
OS 3.048 35.10151984
OS 3.048 34.90088016
OS 3.09992776 34.70707816
OS 3.2002476 34.5333193
OS 3.3421193 34.3914476
OS 3.51587816 34.29112776
OS 3.70968016 34.2392
OS 3.91031984 34.2392
OS 4.10412184 34.29112776
OS 4.2778807 34.3914476
OS 4.4197524 34.5333193
OS 4.52007224 34.70707816
OS 4.572 34.90088016
OS 4.572 35.10151984
OS 4.52007224 35.29532184
OS 4.4197524 35.4690807
OS 4.2778807 35.6109524
OS 4.10412184 35.71127224
OS 3.91031984 35.7632
OE
OB 22.54289878 34.42979906 H
OS 22.06439834 34.42979906
OS 22.06439834 33.8963
OS 22.54289878 33.8963
OS 22.54289878 34.42979906
OE
OB 8.02319452 35.34261918 H
OS 7.82255484 35.34261918
OS 7.62875284 35.29069142
OS 7.45499398 35.19037158
OS 7.31312228 35.04849988
OS 7.21280244 34.87474102
OS 7.16087468 34.68093902
OS 7.16087468 34.48029934
OS 7.21280244 34.28649734
OS 7.31312228 34.11273848
OS 7.45499398 33.97086678
OS 7.62875284 33.87054694
OS 7.82255484 33.81861918
OS 8.02319452 33.81861918
OS 8.21699652 33.87054694
OS 8.39075538 33.97086678
OS 8.53262708 34.11273848
OS 8.63294692 34.28649734
OS 8.68487468 34.48029934
OS 8.68487468 34.68093902
OS 8.63294692 34.87474102
OS 8.53262708 35.04849988
OS 8.39075538 35.19037158
OS 8.21699652 35.29069142
OS 8.02319452 35.34261918
OE
OB 5.75920108 33.53580034 H
OS 5.17070086 33.53580034
OS 5.17070086 32.3723
OS 5.75920108 32.3723
OS 5.75920108 33.53580034
OE
OB 2.80919936 33.53580034 H
OS 2.22069914 33.53580034
OS 2.22069914 32.3723
OS 2.80919936 32.3723
OS 2.80919936 33.53580034
OE
OB 4.78970086 33.53580034 H
OS 4.20120064 33.53580034
OS 4.20120064 32.3723
OS 4.78970086 32.3723
OS 4.78970086 33.53580034
OE
OB 1.83969914 33.53580034 H
OS 1.25119892 33.53580034
OS 1.25119892 32.3723
OS 1.83969914 32.3723
OS 1.83969914 33.53580034
OE
OB 5.75920108 31.9913 H
OS 5.17070086 31.9913
OS 5.17070086 30.82779966
OS 5.75920108 30.82779966
OS 5.75920108 31.9913
OE
OB 1.83969914 31.9913 H
OS 1.25119892 31.9913
OS 1.25119892 30.82779966
OS 1.83969914 30.82779966
OS 1.83969914 31.9913
OE
OB 16.23880166 30.36579906 H
OS 15.76030122 30.36579906
OS 15.76030122 29.8323
OS 16.23880166 29.8323
OS 16.23880166 30.36579906
OE
OB 10.98589878 30.36579906 H
OS 10.50739834 30.36579906
OS 10.50739834 29.8323
OS 10.98589878 29.8323
OS 10.98589878 30.10570306
OS 10.87159878 30.10570306
OS 10.90055478 30.10878154
OS 10.92646278 30.11801698
OS 10.94932278 30.13340938
OS 10.96913478 30.15495874
OS 10.98589878 30.18266506
OS 10.98589878 30.36579906
OE
OB 23.1521 28.93549966 H
OS 22.1886018 28.93549966
OS 22.1886018 28.19699974
OS 23.1521 28.19699974
OS 23.1521 28.93549966
OE
OB 3.93930632 26.30729054 H
OS 3.66459516 26.03257938
OS 3.95698218 25.74019236
OS 4.23169588 26.01490352
OS 3.93930632 26.30729054
OE
OB 4.50110352 25.74549588 H
OS 4.22639236 25.47078218
OS 4.51877938 25.17839516
OS 4.79349054 25.45310632
OS 4.50110352 25.74549588
OE
OB 5.24549878 23.96499906 H
OS 4.76699834 23.96499906
OS 4.76699834 23.4315
OS 5.24549878 23.4315
OS 5.24549878 23.96499906
OE
OB 41.07199812 12.90869656 H
OS 40.53849398 12.90869656
OS 40.53849398 12.43019612
OS 41.07199812 12.43019612
OS 41.07199812 12.90869656
OE
OB 33.79479906 12.90869656 H
OS 33.2613 12.90869656
OS 33.2613 12.69029212
OS 33.4391 12.69029212
OS 33.400492 12.68619764
OS 33.365948 12.6739142
OS 33.335468 12.6534418
OS 33.309052 12.62478044
OS 33.2867 12.58793012
OS 33.268412 12.54289084
OS 33.2613 12.51627672
OS 33.2613 12.43019612
OS 33.79479906 12.43019612
OS 33.79479906 12.90869656
OE
OB 7.2499982 12.82400026 H
OS 6.2865 12.82400026
OS 6.2865 12.08550034
OS 7.2499982 12.08550034
OS 7.2499982 12.82400026
OE
OB 5.9055 12.82400026 H
OS 4.9420018 12.82400026
OS 4.9420018 12.08550034
OS 5.9055 12.08550034
OS 5.9055 12.82400026
OE
OB 38.79360288 11.89999906 H
OS 38.31510244 11.89999906
OS 38.31510244 11.3665
OS 38.79360288 11.3665
OS 38.79360288 11.89999906
OE
OB 33.84629756 11.89999906 H
OS 33.36779712 11.89999906
OS 33.36779712 11.3665
OS 33.84629756 11.3665
OS 33.84629756 11.89999906
OE
OB 30.23910132 11.56969746 H
OS 29.76059834 11.56969746
OS 29.76059834 11.03620094
OS 30.23910132 11.03620094
OS 30.23910132 11.56969746
OE
OB 19.1117982 11.70450034 H
OS 18.1483 11.70450034
OS 18.1483 10.96600042
OS 19.1117982 10.96600042
OS 19.1117982 11.70450034
OE
OB 17.7673 11.70450034 H
OS 16.8038018 11.70450034
OS 16.8038018 10.96600042
OS 17.7673 10.96600042
OS 17.7673 11.70450034
OE
OB 7.2499982 11.70450034 H
OS 6.2865 11.70450034
OS 6.2865 10.96600042
OS 7.2499982 10.96600042
OS 7.2499982 11.70450034
OE
OB 5.9055 11.70450034 H
OS 4.9420018 11.70450034
OS 4.9420018 10.96600042
OS 5.9055 10.96600042
OS 5.9055 11.70450034
OE
OB 38.79360288 10.9855 H
OS 38.31510244 10.9855
OS 38.31510244 10.45200094
OS 38.79360288 10.45200094
OS 38.79360288 10.9855
OE
OB 33.84629756 10.9855 H
OS 33.36779712 10.9855
OS 33.36779712 10.45200094
OS 33.84629756 10.45200094
OS 33.84629756 10.9855
OE
OB 11.13060004 10.58420032 H
OS 10.61710094 10.58420032
OS 10.61710094 10.0457
OS 11.13060004 10.0457
OS 11.13060004 10.58420032
OE
OB 17.43749878 10.57919906 H
OS 16.95899834 10.57919906
OS 16.95899834 10.0457
OS 17.43749878 10.0457
OS 17.43749878 10.57919906
OE
OB 10.23610094 10.58420032 H
OS 9.72260184 10.58420032
OS 9.72260184 10.0457
OS 10.23610094 10.0457
OS 10.23610094 10.58420032
OE
OB 47.74339702 10.7821984 H
OS 45.92990306 10.7821984
OS 45.92990306 9.9187
OS 47.74339702 9.9187
OS 47.74339702 10.7821984
OE
OB 45.54890306 10.7821984 H
OS 43.73539894 10.7821984
OS 43.73539894 9.9187
OS 45.54890306 9.9187
OS 45.54890306 10.7821984
OE
OB 17.43749878 9.6647 H
OS 16.95899834 9.6647
OS 16.95899834 9.13120094
OS 17.43749878 9.13120094
OS 17.43749878 9.6647
OE
OB 11.13060004 9.6647 H
OS 10.61710094 9.6647
OS 10.61710094 9.12619968
OS 11.13060004 9.12619968
OS 11.13060004 9.6647
OE
OB 10.23610094 9.6647 H
OS 9.72260184 9.6647
OS 9.72260184 9.12619968
OS 10.23610094 9.12619968
OS 10.23610094 9.6647
OE
OB 47.74339702 9.5377 H
OS 45.92990306 9.5377
OS 45.92990306 8.6742016
OS 47.74339702 8.6742016
OS 47.74339702 9.5377
OE
OB 45.54890306 9.5377 H
OS 43.73539894 9.5377
OS 43.73539894 8.6742016
OS 45.54890306 8.6742016
OS 45.54890306 9.5377
OE
OB 6.11911908 9.3047947 H
OS 5.88088232 9.3047947
OS 5.65076086 9.24313366
OS 5.44444174 9.12401528
OS 5.27598132 8.95555486
OS 5.15686294 8.74923574
OS 5.0952019 8.51911428
OS 5.0952019 8.28087752
OS 5.15686294 8.05075606
OS 5.27598132 7.84443694
OS 5.44444174 7.67597652
OS 5.65076086 7.55685814
OS 5.88088232 7.4951971
OS 6.11911908 7.4951971
OS 6.34924054 7.55685814
OS 6.55555966 7.67597652
OS 6.72402008 7.84443694
OS 6.84313846 8.05075606
OS 6.9047995 8.28087752
OS 6.9047995 8.51911428
OS 6.84313846 8.74923574
OS 6.72402008 8.95555486
OS 6.55555966 9.12401528
OS 6.34924054 9.24313366
OS 6.11911908 9.3047947
OE
OB 14.1097 7.76030198 H
OS 14.1097 6.9469
OS 14.92310198 6.9469
OS 14.86875614 7.149719
OS 14.7346035 7.38208074
OS 14.54488074 7.5718035
OS 14.312519 7.70595614
OS 14.1097 7.76030198
OE
OB 13.7287 7.76030198 H
OS 13.525881 7.70595614
OS 13.29351926 7.5718035
OS 13.1037965 7.38208074
OS 12.96964386 7.149719
OS 12.91529802 6.9469
OS 13.7287 6.9469
OS 13.7287 7.76030198
OE
OB 43.42640032 7.26999816 H
OS 42.8879 7.26999816
OS 42.8879 6.75649906
OS 43.42640032 6.75649906
OS 43.42640032 7.26999816
OE
OB 14.92310198 6.5659 H
OS 14.1097 6.5659
OS 14.1097 5.75249802
OS 14.312519 5.80684386
OS 14.54488074 5.9409965
OS 14.7346035 6.13071926
OS 14.86875614 6.363081
OS 14.92310198 6.5659
OE
OB 13.7287 6.5659 H
OS 12.91529802 6.5659
OS 12.96964386 6.363081
OS 13.1037965 6.13071926
OS 13.29351926 5.9409965
OS 13.525881 5.80684386
OS 13.7287 5.75249802
OS 13.7287 6.5659
OE
OB 20.06899974 7.82619974 H
OS 17.92940026 7.82619974
OS 17.92940026 5.68660026
OS 20.06899974 5.68660026
OS 20.06899974 7.82619974
OE
OB 16.60004046 7.82619974 H
OS 16.31835954 7.82619974
OS 16.0462722 7.75329412
OS 15.80232806 7.61245112
OS 15.60314888 7.41327194
OS 15.46230588 7.1693278
OS 15.38940026 6.89724046
OS 15.38940026 6.61555954
OS 15.46230588 6.3434722
OS 15.60314888 6.09952806
OS 15.80232806 5.90034888
OS 16.0462722 5.75950588
OS 16.31835954 5.68660026
OS 16.60004046 5.68660026
OS 16.8721278 5.75950588
OS 17.11607194 5.90034888
OS 17.31525112 6.09952806
OS 17.45609412 6.3434722
OS 17.52899974 6.61555954
OS 17.52899974 6.89724046
OS 17.45609412 7.1693278
OS 17.31525112 7.41327194
OS 17.11607194 7.61245112
OS 16.8721278 7.75329412
OS 16.60004046 7.82619974
OE
OB 11.52004046 7.82619974 H
OS 11.23835954 7.82619974
OS 10.9662722 7.75329412
OS 10.72232806 7.61245112
OS 10.52314888 7.41327194
OS 10.38230588 7.1693278
OS 10.30940026 6.89724046
OS 10.30940026 6.61555954
OS 10.38230588 6.3434722
OS 10.52314888 6.09952806
OS 10.72232806 5.90034888
OS 10.9662722 5.75950588
OS 11.23835954 5.68660026
OS 11.52004046 5.68660026
OS 11.7921278 5.75950588
OS 12.03607194 5.90034888
OS 12.23525112 6.09952806
OS 12.37609412 6.3434722
OS 12.44899974 6.61555954
OS 12.44899974 6.89724046
OS 12.37609412 7.1693278
OS 12.23525112 7.41327194
OS 12.03607194 7.61245112
OS 11.7921278 7.75329412
OS 11.52004046 7.82619974
OE
OB 9.58139816 10.63500032 H
OS 8.07179996 10.63500032
OS 8.07179996 9.07539968
OS 8.4248371 9.07539968
OS 8.4248371 7.75246608
OS 8.18232806 7.61245112
OS 7.98314888 7.41327194
OS 7.84230588 7.1693278
OS 7.76940026 6.89724046
OS 7.76940026 6.61555954
OS 7.84230588 6.3434722
OS 7.98314888 6.09952806
OS 8.18232806 5.90034888
OS 8.4262722 5.75950588
OS 8.69835954 5.68660026
OS 8.98004046 5.68660026
OS 9.2521278 5.75950588
OS 9.49607194 5.90034888
OS 9.69525112 6.09952806
OS 9.83609412 6.3434722
OS 9.90899974 6.61555954
OS 9.90899974 6.89724046
OS 9.83609412 7.1693278
OS 9.69525112 7.41327194
OS 9.49607194 7.61245112
OS 9.2535629 7.75246608
OS 9.2535629 9.07539968
OS 9.58139816 9.07539968
OS 9.58139816 10.63500032
OE
OB 48.72260004 5.93600032 H
OS 48.20910348 5.93600032
OS 48.20910348 5.39749746
OS 48.72260004 5.39749746
OS 48.72260004 5.93600032
OE
OB 47.82810348 5.93600032 H
OS 47.31460184 5.93600032
OS 47.31460184 5.39749746
OS 47.82810348 5.39749746
OS 47.82810348 5.93600032
OE
OB 5.19050016 6.85242978 H
OS 5.19050016 5.19050016
OS 6.85242978 5.19050016
OS 6.7827525 5.54079156
OS 6.64299408 5.87819754
OS 6.44009634 6.18185708
OS 6.18185708 6.44009634
OS 5.87819754 6.64299408
OS 5.54079156 6.7827525
OS 5.19050016 6.85242978
OE
OB 4.80950016 6.85242978 H
OS 4.45920876 6.7827525
OS 4.12180278 6.64299408
OS 3.81814324 6.44009634
OS 3.55990398 6.18185708
OS 3.35700624 5.87819754
OS 3.21724782 5.54079156
OS 3.14757054 5.19050016
OS 4.80950016 5.19050016
OS 4.80950016 6.85242978
OE
OB 6.85242978 4.80950016 H
OS 5.19050016 4.80950016
OS 5.19050016 3.14757054
OS 5.54079156 3.21724782
OS 5.87819754 3.35700624
OS 6.18185708 3.55990398
OS 6.44009634 3.81814324
OS 6.64299408 4.12180278
OS 6.7827525 4.45920876
OS 6.85242978 4.80950016
OE
OB 4.80950016 4.80950016 H
OS 3.14757054 4.80950016
OS 3.21724782 4.45920876
OS 3.35700624 4.12180278
OS 3.55990398 3.81814324
OS 3.81814324 3.55990398
OS 4.12180278 3.35700624
OS 4.45920876 3.21724782
OS 4.80950016 3.14757054
OS 4.80950016 4.80950016
OE
OB 19.14004046 5.28619974 H
OS 18.85835954 5.28619974
OS 18.5862722 5.21329412
OS 18.34232806 5.07245112
OS 18.14314888 4.87327194
OS 18.00230588 4.6293278
OS 17.92940026 4.35724046
OS 17.92940026 4.07555954
OS 18.00230588 3.8034722
OS 18.14314888 3.55952806
OS 18.34232806 3.36034888
OS 18.5862722 3.21950588
OS 18.85835954 3.14660026
OS 19.14004046 3.14660026
OS 19.4121278 3.21950588
OS 19.65607194 3.36034888
OS 19.85525112 3.55952806
OS 19.99609412 3.8034722
OS 20.06899974 4.07555954
OS 20.06899974 4.35724046
OS 19.99609412 4.6293278
OS 19.85525112 4.87327194
OS 19.65607194 5.07245112
OS 19.4121278 5.21329412
OS 19.14004046 5.28619974
OE
OB 16.60004046 5.28619974 H
OS 16.31835954 5.28619974
OS 16.0462722 5.21329412
OS 15.80232806 5.07245112
OS 15.60314888 4.87327194
OS 15.46230588 4.6293278
OS 15.38940026 4.35724046
OS 15.38940026 4.07555954
OS 15.46230588 3.8034722
OS 15.60314888 3.55952806
OS 15.80232806 3.36034888
OS 16.0462722 3.21950588
OS 16.31835954 3.14660026
OS 16.60004046 3.14660026
OS 16.8721278 3.21950588
OS 17.11607194 3.36034888
OS 17.31525112 3.55952806
OS 17.45609412 3.8034722
OS 17.52899974 4.07555954
OS 17.52899974 4.35724046
OS 17.45609412 4.6293278
OS 17.31525112 4.87327194
OS 17.11607194 5.07245112
OS 16.8721278 5.21329412
OS 16.60004046 5.28619974
OE
OB 14.06004046 5.28619974 H
OS 13.77835954 5.28619974
OS 13.5062722 5.21329412
OS 13.26232806 5.07245112
OS 13.06314888 4.87327194
OS 12.92230588 4.6293278
OS 12.84940026 4.35724046
OS 12.84940026 4.07555954
OS 12.92230588 3.8034722
OS 13.06314888 3.55952806
OS 13.26232806 3.36034888
OS 13.5062722 3.21950588
OS 13.77835954 3.14660026
OS 14.06004046 3.14660026
OS 14.3321278 3.21950588
OS 14.57607194 3.36034888
OS 14.77525112 3.55952806
OS 14.91609412 3.8034722
OS 14.98899974 4.07555954
OS 14.98899974 4.35724046
OS 14.91609412 4.6293278
OS 14.77525112 4.87327194
OS 14.57607194 5.07245112
OS 14.3321278 5.21329412
OS 14.06004046 5.28619974
OE
OB 11.52004046 5.28619974 H
OS 11.23835954 5.28619974
OS 10.9662722 5.21329412
OS 10.72232806 5.07245112
OS 10.52314888 4.87327194
OS 10.38230588 4.6293278
OS 10.30940026 4.35724046
OS 10.30940026 4.07555954
OS 10.38230588 3.8034722
OS 10.52314888 3.55952806
OS 10.72232806 3.36034888
OS 10.9662722 3.21950588
OS 11.23835954 3.14660026
OS 11.52004046 3.14660026
OS 11.7921278 3.21950588
OS 12.03607194 3.36034888
OS 12.23525112 3.55952806
OS 12.37609412 3.8034722
OS 12.44899974 4.07555954
OS 12.44899974 4.35724046
OS 12.37609412 4.6293278
OS 12.23525112 4.87327194
OS 12.03607194 5.07245112
OS 11.7921278 5.21329412
OS 11.52004046 5.28619974
OE
OB 8.98004046 5.28619974 H
OS 8.69835954 5.28619974
OS 8.4262722 5.21329412
OS 8.18232806 5.07245112
OS 7.98314888 4.87327194
OS 7.84230588 4.6293278
OS 7.76940026 4.35724046
OS 7.76940026 4.07555954
OS 7.84230588 3.8034722
OS 7.98314888 3.55952806
OS 8.18232806 3.36034888
OS 8.4262722 3.21950588
OS 8.69835954 3.14660026
OS 8.98004046 3.14660026
OS 9.2521278 3.21950588
OS 9.49607194 3.36034888
OS 9.69525112 3.55952806
OS 9.83609412 3.8034722
OS 9.90899974 4.07555954
OS 9.90899974 4.35724046
OS 9.83609412 4.6293278
OS 9.69525112 4.87327194
OS 9.49607194 5.07245112
OS 9.2521278 5.21329412
OS 8.98004046 5.28619974
OE
OB 27.49100166 2.7305 H
OS 27.01250122 2.7305
OS 27.01250122 2.19700094
OS 27.49100166 2.19700094
OS 27.49100166 2.7305
OE
OB 40.126285 2.565273 H
OS 39.45541766 2.565273
OS 39.45541766 2.4557736
OS 39.48476736 2.23283526
OS 39.57082002 2.0250912
OS 39.7077057 1.8466943
OS 39.8861026 1.70980862
OS 40.09384666 1.62375596
OS 40.126285 1.61948622
OS 40.126285 2.565273
OE
OB 32.52818234 2.565273 H
OS 31.857315 2.565273
OS 31.857315 1.61948622
OS 31.88975334 1.62375596
OS 32.0974974 1.70980862
OS 32.2758943 1.8466943
OS 32.41277998 2.0250912
OS 32.49883264 2.23283526
OS 32.52818234 2.4557736
OS 32.52818234 2.565273
OE
OB 31.476315 2.565273 H
OS 30.80544766 2.565273
OS 30.80544766 2.4557736
OS 30.83479736 2.23283526
OS 30.92085002 2.0250912
OS 31.0577357 1.8466943
OS 31.2361326 1.70980862
OS 31.44387666 1.62375596
OS 31.476315 1.61948622
OS 31.476315 2.565273
OE
OB 49.07859882 23.54060062 H
OS 48.26510032 23.54060062
OS 48.26510032 23.1521
OS 49.07859882 23.1521
OS 49.07859882 23.54060062
OE
OB 49.07859882 18.9611 H
OS 48.26510032 18.9611
OS 48.26510032 18.57259938
OS 49.07859882 18.57259938
OS 49.07859882 18.9611
OE
OB 20.8581498 26.4795 H
OS 20.826984 26.4795
OS 20.67630104 26.34517972
OS 20.67630104 26.29765124
OS 20.8581498 26.4795
OE
OB 21.23980004 26.4795 H
OS 20.96715644 26.4795
OS 20.98275204 26.44245664
OS 21.00861432 26.39719638
OS 21.0430999 26.34762574
OS 21.0862037 26.29374472
OS 21.19827866 26.173049
OS 20.98275204 25.95752238
OS 20.92025026 26.01787024
OS 20.8081753 26.11270114
OS 20.75860466 26.14718672
OS 20.7133444 26.173049
OS 20.67630104 26.1886446
OS 20.67630104 25.916001
OS 21.23980004 25.916001
OS 21.23980004 26.4795
OE
OB 57.16282954 3.5883342 H
OS 57.06241318 3.5883342
OS 57.16282954 3.50336866
OS 57.16282954 3.5883342
OE
OB 56.85421192 3.5883342 H
OS 56.69932526 3.5883342
OS 56.69932526 3.43344754
OS 56.85421192 3.5883342
OE
OB 58.00732366 3.5883342 H
OS 57.54382954 3.5883342
OS 57.54382954 3.3694624
OS 57.57569892 3.39163406
OS 57.62957994 3.43473786
OS 57.75027566 3.54681282
OS 57.96580228 3.3312862
OS 57.96308702 3.32847188
OS 57.84853048 3.20150998
OS 57.81062352 3.15670946
OS 57.78844932 3.124835
OS 58.00732366 3.124835
OS 58.00732366 3.5883342
OE
OB 56.69932526 3.2212661 H
OS 56.69932526 3.124835
OS 56.78818716 3.124835
OS 56.78395298 3.13012836
OS 56.69932526 3.2212661
OE
OB 60.80415576 3.5121342 H
OS 60.34065656 3.5121342
OS 60.34065656 3.048635
OS 60.5595309 3.048635
OS 60.5373567 3.08050946
OS 60.4942529 3.13439048
OS 60.38217794 3.2550862
OS 60.59770456 3.47061282
OS 60.66020634 3.41026496
OS 60.7722813 3.31543406
OS 60.80415576 3.29325986
OS 60.80415576 3.5121342
OE
SE
S P 0
OB 68.64644894 16.75561546 I
OS 68.76755106 16.75110188
OS 68.76755106 16.24310188
OS 68.67103106 16.24164646
OS 68.64644894 16.23988624
OS 68.64644894 16.09764878
OS 68.64136894 16.12528398
OS 68.62612894 16.15001088
OS 68.60072894 16.17182948
OS 68.56516894 16.19073978
OS 68.51944894 16.20673924
OS 68.46356894 16.2198304
OS 68.453 16.22145854
OS 68.44243106 16.2198304
OS 68.38655106 16.20673924
OS 68.34083106 16.19073978
OS 68.30527106 16.17182948
OS 68.27987106 16.15001088
OS 68.26463106 16.12528398
OS 68.25955106 16.09764878
OS 68.25955106 16.2392487
OS 68.13844894 16.24310188
OS 68.13844894 16.75110188
OS 68.23496894 16.75280622
OS 68.25955106 16.7548687
OS 68.25955106 16.92155366
OS 68.26463106 16.88916866
OS 68.27987106 16.8601898
OS 68.30527106 16.83462216
OS 68.34083106 16.81246574
OS 68.38655106 16.79371546
OS 68.44243106 16.77837386
OS 68.453 16.77646378
OS 68.46356894 16.77837386
OS 68.51944894 16.79371546
OS 68.56516894 16.81246574
OS 68.60072894 16.83462216
OS 68.62612894 16.8601898
OS 68.64136894 16.88916866
OS 68.64644894 16.92155366
OS 68.64644894 16.75561546
OE
OB 67.08883204 16.9175176 I
OS 67.10407204 16.88259006
OS 67.12947204 16.85177224
OS 67.16503204 16.82506414
OS 67.21075204 16.80246576
OS 67.21586252 16.80077412
OS 67.24436894 16.81246574
OS 67.27992894 16.83462216
OS 67.30532894 16.8601898
OS 67.32056894 16.88916866
OS 67.32564894 16.92155366
OS 67.32564894 16.77112216
OS 67.33267204 16.76959308
OS 67.40887204 16.75931878
OS 67.49523204 16.75315674
OS 67.59175204 16.75110188
OS 67.59175204 16.24310188
OS 67.49523204 16.2407981
OS 67.40887204 16.23388422
OS 67.33267204 16.22236024
OS 67.32564894 16.22064574
OS 67.32564894 16.09764878
OS 67.32056894 16.12528398
OS 67.30532894 16.15001088
OS 67.27992894 16.17182948
OS 67.24436894 16.19073978
OS 67.23434864 16.19424752
OS 67.21075204 16.1854896
OS 67.16503204 16.16013786
OS 67.12947204 16.13017856
OS 67.10407204 16.0956117
OS 67.08883204 16.05643474
OS 67.08375204 16.01264768
OS 67.08375204 16.22892868
OS 67.07672894 16.23001072
OS 67.00052894 16.23728274
OS 66.81764894 16.24310188
OS 66.81764894 16.75110188
OS 66.91416894 16.75280622
OS 67.07672894 16.76644348
OS 67.08375204 16.76771348
OS 67.08375204 16.95655232
OS 67.08883204 16.9175176
OE
SE
S P 0
OB 69.4376818 8.14428394 I
OS 69.4376818 5.06171708
OS 68.93137852 4.5554138
OS 68.81433278 4.617974
OS 68.85243024 4.80950016
OS 65.147571 4.80950016
OS 65.21724828 4.45920876
OS 65.3570067 4.12180278
OS 65.55990444 3.81814324
OS 65.8181437 3.55990398
OS 66.12180324 3.35700624
OS 66.12356092 3.3562798
OS 66.09878322 3.2317182
OS 65.69814394 3.2317182
OS 65.69812362 3.23172074
OS 63.69731228 3.23172074
OS 63.50611632 3.4229167
OS 63.36285778 3.53284536
OS 63.34000032 3.54231448
OS 63.34000032 3.68859308
OS 63.3400054 3.68859308
OS 63.3400054 3.77900692
OS 63.34000032 3.77900692
OS 63.34000032 4.5527595
OS 63.46700286 4.62345024
OS 63.6590167 4.572
OS 63.8997833 4.572
OS 64.1323457 4.63431636
OS 64.3408543 4.75469966
OS 64.51110034 4.9249457
OS 64.63148364 5.1334543
OS 64.6938 5.3660167
OS 64.6938 5.6067833
OS 64.64254026 5.79807832
OS 64.71359168 5.92508086
OS 64.91180058 5.92508086
OS 65.09082994 5.94864952
OS 65.25765968 6.01775276
OS 65.33944514 6.08051108
OS 65.43339466 5.9925204
OS 65.3570067 5.87819754
OS 65.21724828 5.54079156
OS 65.147571 5.19050016
OS 68.85243024 5.19050016
OS 68.78275296 5.54079156
OS 68.64299454 5.87819754
OS 68.4400968 6.18185708
OS 68.18185754 6.44009634
OS 67.90813698 6.62298904
OS 67.88815226 6.67366966
OS 67.88375298 6.70797998
OS 67.88954672 6.77575734
OS 69.3106818 8.19688988
OS 69.4376818 8.14428394
OE
SE
S P 0
OB 7.13663546 16.71695158 I
OS 7.09609706 16.67500856
OS 7.03226686 16.59992616
OS 7.00897252 16.56678932
OS 6.9914262 16.53658364
OS 6.9796279 16.5093142
OS 6.97357508 16.484981
OS 6.97327028 16.46357896
OS 6.9787135 16.44511316
OS 6.9899022 16.4295836
OS 6.70558222 16.71390358
OS 6.72111178 16.70271488
OS 6.73957758 16.69727166
OS 6.76097962 16.69757646
OS 6.78531282 16.70362928
OS 6.81258226 16.71542758
OS 6.84278794 16.7329739
OS 6.87592478 16.75626824
OS 6.9120004 16.7853106
OS 6.9929502 16.86063684
OS 7.13663546 16.71695158
OE
SE
S P 0
OB 7.17049366 23.47087 I
OS 7.17811366 23.44928
OS 7.19081366 23.43023
OS 7.20859366 23.41372
OS 7.23145366 23.39975
OS 7.25939366 23.38832
OS 7.29241366 23.37943
OS 7.33051366 23.37308
OS 7.37369366 23.36927
OS 7.42195366 23.368
OS 7.42195366 23.114
OS 7.37369366 23.11273
OS 7.33051366 23.10892
OS 7.29241366 23.10257
OS 7.25939366 23.09368
OS 7.23145366 23.08225
OS 7.20859366 23.06828
OS 7.19081366 23.05177
OS 7.17811366 23.03272
OS 7.17049366 23.01113
OS 7.16795366 22.987
OS 7.16795366 23.495
OS 7.17049366 23.47087
OE
SE
S P 0
OB 7.69806436 24.70660286 I
OS 7.69022592 24.69001412
OS 7.68674358 24.6719471
OS 7.68761226 24.65239672
OS 7.6928345 24.6313706
OS 7.7024103 24.60886112
OS 7.7163422 24.58487336
OS 7.73462512 24.55940478
OS 7.7572616 24.53245792
OS 7.78425418 24.50403024
OS 7.64056892 24.36034498
OS 7.61214124 24.38733756
OS 7.58519438 24.40997404
OS 7.5597258 24.42825696
OS 7.53573804 24.44218886
OS 7.51322856 24.45176466
OS 7.49220244 24.4569869
OS 7.47265206 24.45785558
OS 7.45458504 24.45437324
OS 7.4379963 24.4465348
OS 7.42288838 24.4343428
OS 7.71025636 24.72171078
OS 7.69806436 24.70660286
OE
SE
S P 0
OB 8.47113368 23.8185579 I
OS 8.50029542 23.79361256
OS 8.52933778 23.77160346
OS 8.55825822 23.75252806
OS 8.58705674 23.73638636
OS 8.6157308 23.7231809
OS 8.64428548 23.71290914
OS 8.67271824 23.70557362
OS 8.70102654 23.7011718
OS 8.72921546 23.69970368
OS 8.1544795 23.69970368
OS 8.18089042 23.7011718
OS 8.20143394 23.70557362
OS 8.21610752 23.71290914
OS 8.22491116 23.7231809
OS 8.22784486 23.73638636
OS 8.22491116 23.75252806
OS 8.21610752 23.77160346
OS 8.20143394 23.79361256
OS 8.18089042 23.8185579
OS 8.1544795 23.84643694
OS 8.44184748 23.84643694
OS 8.47113368 23.8185579
OE
SE
S P 0
OB 8.66704388 23.10884888 I
OS 8.79279928 23.10884888
OS 8.76866928 23.10630888
OS 8.74707928 23.09868888
OS 8.72802928 23.08598888
OS 8.71151928 23.06820888
OS 8.69754928 23.04534888
OS 8.68611928 23.01740888
OS 8.68275124 23.00489938
OS 8.68611928 22.99224002
OS 8.69754928 22.96396474
OS 8.71151928 22.94083042
OS 8.72802928 22.92283706
OS 8.74707928 22.90998466
OS 8.76866928 22.90227322
OS 8.79279928 22.89970274
OS 8.66698038 22.89970274
OS 8.66579928 22.85484888
OS 8.41179928 22.85484888
OS 8.41061818 22.89970274
OS 8.28479928 22.89970274
OS 8.30892928 22.90227322
OS 8.33051928 22.90998466
OS 8.34956928 22.92283706
OS 8.36607928 22.94083042
OS 8.38004928 22.96396474
OS 8.39147928 22.99224002
OS 8.39484732 23.00489938
OS 8.39147928 23.01740888
OS 8.38004928 23.04534888
OS 8.36607928 23.06820888
OS 8.34956928 23.08598888
OS 8.33051928 23.09868888
OS 8.30892928 23.10630888
OS 8.28479928 23.10884888
OS 8.41055468 23.10884888
OS 8.41179928 23.15675074
OS 8.66579928 23.15675074
OS 8.66704388 23.10884888
OE
SE
S P 0
OB 9.023096 9.3842332 I
OS 9.005824 9.37804576
OS 8.990584 9.36773336
OS 8.977376 9.353296
OS 8.9662 9.33473368
OS 8.957056 9.3120464
OS 8.949944 9.28523416
OS 8.944864 9.25429696
OS 8.941816 9.2192348
OS 8.9408 9.18004768
OS 8.7376 9.18004768
OS 8.736584 9.2192348
OS 8.733536 9.25429696
OS 8.728456 9.28523416
OS 8.721344 9.3120464
OS 8.7122 9.33473368
OS 8.701024 9.353296
OS 8.687816 9.36773336
OS 8.672576 9.37804576
OS 8.655304 9.3842332
OS 8.636 9.38629568
OS 9.0424 9.38629568
OS 9.023096 9.3842332
OE
SE
S P 0
OB 9.053957 16.09875114 I
OS 9.00366754 16.0466659
OS 8.92464052 15.9532701
OS 8.89590296 15.91196208
OS 8.87435106 15.87424562
OS 8.85998228 15.84012072
OS 8.85279916 15.80958738
OS 8.85279916 15.7826456
OS 8.85998228 15.75929792
OS 8.87435106 15.7395418
OS 8.51514172 16.09875114
OS 8.53489784 16.08438236
OS 8.55824552 16.07719924
OS 8.5851873 16.07719924
OS 8.61572064 16.08438236
OS 8.64984554 16.09875114
OS 8.687562 16.12030304
OS 8.72887002 16.1490406
OS 8.77377214 16.18496128
OS 8.87435106 16.27835708
OS 9.053957 16.09875114
OE
SE
S P 0
OB 9.61867012 26.18272386 I
OS 9.59708012 26.17501242
OS 9.57803012 26.16216002
OS 9.56152012 26.14416666
OS 9.54755012 26.12103234
OS 9.53612012 26.09275706
OS 9.52723012 26.05934082
OS 9.52088012 26.02078362
OS 9.51707012 25.97708546
OS 9.51580012 25.92824634
OS 9.26180012 25.92824634
OS 9.26053012 25.97708546
OS 9.25672012 26.02078362
OS 9.25037012 26.05934082
OS 9.24148012 26.09275706
OS 9.23005012 26.12103234
OS 9.21608012 26.14416666
OS 9.19957012 26.16216002
OS 9.18052012 26.17501242
OS 9.15893012 26.18272386
OS 9.13480012 26.18529434
OS 9.64280012 26.18529434
OS 9.61867012 26.18272386
OE
SE
P 1.9558 22.0726 67 P 0 0 ;0=55,1=1
P 3.6322 36.4236 67 P 0 0 ;0=55,1=1
P 3.81 9.779 70 P 0 0 ;0=60,1=1
P 3.81 35.0012 68 P 0 0 ;0=56,1=1
P 5.207 44.2976 50 P 0 0 ;0=53,1=1
P 5.588 25.0698 50 P 0 0 ;0=53,1=1
P 5.969 44.2976 50 P 0 0 ;0=53,1=1
P 6.0000007 8.3999959 64 P 0 0 ;0=51,1=1
P 6.0000007 36.60000046 65 P 0 0 ;0=52,1=1
P 6.0198 27.6606 50 P 0 0 ;0=53,1=1
P 6.2738 24.2824 50 P 0 0 ;0=53,1=1
P 6.6802 44.0436 50 P 0 0 ;0=53,1=1
P 6.731 14.7066 50 P 0 0 ;0=53,1=1
P 6.75600122 17.8308 50 P 0 0 ;0=53,1=1
P 6.8072 28.4988 50 P 0 0 ;0=53,1=1
P 6.84758092 26.67358902 50 P 0 0 ;0=53,1=1
P 6.90199788 27.5844 50 P 0 0 ;0=53,1=1
P 7.239 43.5102 50 P 0 0 ;0=53,1=1
P 7.7978 42.926 50 P 0 0 ;0=53,1=1
P 7.92287468 34.58061918 68 P 0 0 ;0=56,1=1
P 8.4328 42.291 50 P 0 0 ;0=53,1=1
P 9.0424 41.6814 50 P 0 0 ;0=53,1=1
P 9.41353464 22.41718656 50 P 0 0 ;0=57,1=1
P 9.4234 41.0464 50 P 0 0 ;0=53,1=1
P 9.779 40.4368 50 P 0 0 ;0=53,1=1
P 10.1346 6.1976 50 P 0 0 ;0=53,1=1
P 10.1346 7.4676 50 P 0 0 ;0=53,1=1
P 10.4394 23.495 50 P 0 0 ;0=53,1=1
P 10.4394 40.1574 50 P 0 0 ;0=53,1=1
P 10.6934 39.4716 50 P 0 0 ;0=53,1=1
P 11.049 31.8516 67 P 0 0 ;0=55,1=1
P 11.20899206 21.9126054 67 P 0 0 ;0=55,1=1
P 11.2268 20.0914 67 P 0 0 ;0=55,1=1
P 11.3792 39.2176 50 P 0 0 ;0=53,1=1
P 11.6586 38.5064 50 P 0 0 ;0=53,1=1
P 11.8548785 16.60718548 50 P 0 0 ;0=53,1=1
P 12.2682 5.461 50 P 0 0 ;0=53,1=1
P 12.3698 38.227 50 P 0 0 ;0=53,1=1
P 12.446 11.0236 50 P 0 0 ;0=53,1=1
P 12.55724184 23.51339976 69 P 0 0 ;0=59,1=1
P 12.6492 37.4904 50 P 0 0 ;0=53,1=1
P 12.8524 20.066 67 P 0 0 ;0=55,1=1
P 12.8778 21.9202 67 P 0 0 ;0=55,1=1
P 13.0048 11.6586 50 P 0 0 ;0=53,1=1
P 13.081 14.5288 50 P 0 0 ;0=53,1=1
P 13.26756554 23.54866512 69 P 0 0 ;0=59,1=1
P 13.843 9.652 50 P 0 0 ;0=53,1=1
P 13.8938 38.1254 50 P 0 0 ;0=53,1=1
P 14.224 37.4904 50 P 0 0 ;0=53,1=1
P 14.4526 23.5458 69 P 0 0 ;0=59,1=1
P 14.53580024 26.416 50 P 0 0 ;0=53,1=1
P 14.6558 38.2016 50 P 0 0 ;0=53,1=1
P 14.732 31.7754 67 P 0 0 ;0=55,1=1
P 14.9352 5.5372 50 P 0 0 ;0=53,1=1
P 15.0876 37.5412 50 P 0 0 ;0=53,1=1
P 15.17139968 24.8666 69 P 0 0 ;0=59,1=1
P 15.2146 9.8044 67 P 0 0 ;0=55,1=1
P 15.2908 14.478 50 P 0 0 ;0=53,1=1
P 15.5194 38.227 50 P 0 0 ;0=53,1=1
P 15.875 37.5158 50 P 0 0 ;0=53,1=1
P 16.09250782 24.09942094 50 P 0 0 ;0=53,1=1
P 16.110966 16.70196558 50 P 0 0 ;0=53,1=1
P 16.129 26.59419878 50 P 0 0 ;0=53,1=1
P 16.3322 38.2016 50 P 0 0 ;0=53,1=1
P 16.43359934 22.25680842 50 P 0 0 ;0=53,1=1
P 16.51 16.0528 50 P 0 0 ;0=53,1=1
P 16.5608 11.7348 50 P 0 0 ;0=53,1=1
P 16.764 37.5158 50 P 0 0 ;0=53,1=1
P 17.0688 38.227 50 P 0 0 ;0=53,1=1
P 17.526 37.465 50 P 0 0 ;0=53,1=1
P 17.8054 38.1762 50 P 0 0 ;0=53,1=1
P 17.8816 3.5814 50 P 0 0 ;0=53,1=1
P 18.3642 37.4904 50 P 0 0 ;0=53,1=1
P 18.5166 17.8816 66 P 0 0 ;0=54,1=1
P 18.542 38.2524 50 P 0 0 ;0=53,1=1
P 18.8214 31.8008 67 P 0 0 ;0=55,1=1
P 19.3548 38.3032 50 P 0 0 ;0=53,1=1
P 19.54896522 22.25399918 50 P 0 0 ;0=53,1=1
P 19.9136 38.8112 50 P 0 0 ;0=53,1=1
P 19.9644 19.43060122 50 P 0 0 ;0=53,1=1
P 19.9898 11.7348 50 P 0 0 ;0=53,1=1
P 20.1168 20.5232 50 P 0 0 ;0=53,1=1
P 20.3962 3.9624 50 P 0 0 ;0=53,1=1
P 20.4978 39.3954 50 P 0 0 ;0=53,1=1
P 20.5044675 26.6677902 50 P 0 0 ;0=53,1=1
P 20.51878548 25.190958 50 P 0 0 ;0=53,1=1
P 20.8026 15.0876 67 P 0 0 ;0=55,1=1
P 21.0312 39.9542 50 P 0 0 ;0=53,1=1
P 21.3614 7.5692 67 P 0 0 ;0=55,1=1
P 21.6916 40.4114 50 P 0 0 ;0=53,1=1
P 21.70218418 21.93154364 50 P 0 0 ;0=53,1=1
P 22.3908493 6.71754816 66 P 0 0 ;0=54,1=1
P 22.4282 41.0464 50 P 0 0 ;0=53,1=1
P 22.5044 40.1828 50 P 0 0 ;0=53,1=1
P 22.59339906 23.2918 50 P 0 0 ;0=53,1=1
P 22.987 41.7068 50 P 0 0 ;0=53,1=1
P 23.2664 40.7924 50 P 0 0 ;0=53,1=1
P 23.4188 12.5476 67 P 0 0 ;0=55,1=1
P 23.6474 42.418 50 P 0 0 ;0=53,1=1
P 23.6728 27.1526 50 P 0 0 ;0=53,1=1
P 23.876 16.4084 50 P 0 0 ;0=53,1=1
P 23.876 41.5036 50 P 0 0 ;0=53,1=1
P 24.0538 30.79364682 66 P 0 0 ;0=54,1=1
P 24.0792 21.844 50 P 0 0 ;0=53,1=1
P 24.09641104 33.6804 66 P 0 0 ;0=54,1=1
P 24.4094 43.1292 50 P 0 0 ;0=53,1=1
P 24.6126 42.2656 50 P 0 0 ;0=53,1=1
P 24.7904 13.1318 66 P 0 0 ;0=54,1=1
P 25.01770968 22.4733485 50 P 0 0 ;0=53,1=1
P 25.19081322 17.61795562 66 P 0 0 ;0=54,1=1
P 25.2476 43.0276 50 P 0 0 ;0=53,1=1
P 25.2476 43.8912 50 P 0 0 ;0=53,1=1
P 25.29451888 25.5778 53 P 0 0 ;0=58,1=1
P 25.4053213 18.87241336 66 P 0 0 ;0=54,1=1
P 25.54261338 31.2671079 53 P 0 0 ;0=58,1=1
P 25.59375628 28.48434232 53 P 0 0 ;0=58,1=1
P 25.59742658 19.79237088 66 P 0 0 ;0=54,1=1
P 25.64347932 32.9692 53 P 0 0 ;0=58,1=1
P 25.64678894 30.2003079 53 P 0 0 ;0=58,1=1
P 25.781 22.74155472 53 P 0 0 ;0=58,1=1
P 25.84976542 23.85915472 53 P 0 0 ;0=58,1=1
P 25.908 6.604 68 P 0 0 ;0=56,1=1
P 25.94548278 27.92540008 53 P 0 0 ;0=58,1=1
P 26.035 43.4086 50 P 0 0 ;0=53,1=1
P 26.162 44.2976 50 P 0 0 ;0=53,1=1
P 26.416 15.5956 66 P 0 0 ;0=54,1=1
P 26.48672376 27.31050418 53 P 0 0 ;0=58,1=1
P 26.4897997 24.7278017 53 P 0 0 ;0=58,1=1
P 26.4922 20.77300138 53 P 0 0 ;0=58,1=1
P 26.6954 12.1412 50 P 0 0 ;0=53,1=1
P 26.8096746 34.76923196 53 P 0 0 ;0=58,1=1
P 27.0764 43.9674 50 P 0 0 ;0=53,1=1
P 27.1272 22.07300132 53 P 0 0 ;0=58,1=1
P 27.1272 32.512 53 P 0 0 ;0=58,1=1
P 27.178 31.1404 53 P 0 0 ;0=58,1=1
P 27.1884394 29.27780022 53 P 0 0 ;0=58,1=1
P 27.20490368 25.95220616 53 P 0 0 ;0=58,1=1
P 27.7114 40.894 50 P 0 0 ;0=53,1=1
P 27.7622 14.4272 66 P 0 0 ;0=54,1=1
P 27.9102439 28.26401002 53 P 0 0 ;0=58,1=1
P 28.0162 29.55200084 53 P 0 0 ;0=58,1=1
P 28.03279636 26.32740226 53 P 0 0 ;0=58,1=1
P 28.04085324 35.30525324 53 P 0 0 ;0=58,1=1
P 28.0416 16.129 53 P 0 0 ;0=58,1=1
P 28.0416 20.44800076 53 P 0 0 ;0=58,1=1
P 28.04617962 36.42817962 53 P 0 0 ;0=58,1=1
P 28.07572744 23.05200114 53 P 0 0 ;0=58,1=1
P 28.08233652 21.7480007 53 P 0 0 ;0=58,1=1
P 28.08284452 30.85200332 53 P 0 0 ;0=58,1=1
P 28.1178 24.35200108 53 P 0 0 ;0=58,1=1
P 28.1432 37.88055416 50 P 0 0 ;0=53,1=1
P 28.24747716 32.15200326 53 P 0 0 ;0=58,1=1
P 28.27040828 17.30024988 53 P 0 0 ;0=58,1=1
P 28.54948824 24.99762082 53 P 0 0 ;0=58,1=1
P 28.54960508 25.65801828 53 P 0 0 ;0=58,1=1
P 28.6131 9.4234 66 P 0 0 ;0=54,1=1
P 28.6258 30.20200208 53 P 0 0 ;0=58,1=1
P 28.6258 31.50200202 53 P 0 0 ;0=58,1=1
P 28.66473312 21.09799946 53 P 0 0 ;0=58,1=1
P 28.69869292 26.89720046 53 P 0 0 ;0=58,1=1
P 28.7274 28.89800164 53 P 0 0 ;0=58,1=1
P 28.7274 32.85296198 53 P 0 0 ;0=58,1=1
P 28.85167966 23.69789266 53 P 0 0 ;0=58,1=1
P 28.95241606 27.5819743 53 P 0 0 ;0=58,1=1
P 29.1084 14.29720026 66 P 0 0 ;0=54,1=1
P 29.1084 43.9928 50 P 0 0 ;0=53,1=1
P 29.1338 2.2098 67 P 0 0 ;0=55,1=1
P 29.14927622 15.61800026 53 P 0 0 ;0=58,1=1
P 29.2354 10.0838 66 P 0 0 ;0=54,1=1
P 29.4386 18.4404 53 P 0 0 ;0=58,1=1
P 29.8196 35.179 53 P 0 0 ;0=58,1=1
P 30.00544672 33.14193524 53 P 0 0 ;0=58,1=1
P 30.14999812 18.20060876 53 P 0 0 ;0=58,1=1
P 30.29580174 15.66184828 53 P 0 0 ;0=58,1=1
P 30.35061748 36.83 53 P 0 0 ;0=58,1=1
P 30.4546 41.3004 50 P 0 0 ;0=53,1=1
P 30.607 20.7518 53 P 0 0 ;0=58,1=1
P 30.6832 21.717 67 P 0 0 ;0=55,1=1
P 30.7848 19.05 53 P 0 0 ;0=58,1=1
P 30.80199834 34.3916 53 P 0 0 ;0=58,1=1
P 31.35819738 15.9512 53 P 0 0 ;0=58,1=1
P 31.45199958 18.28120042 53 P 0 0 ;0=58,1=1
P 31.521146 33.3131033 53 P 0 0 ;0=58,1=1
P 31.6484 43.9674 50 P 0 0 ;0=53,1=1
P 31.75619506 35.15940898 53 P 0 0 ;0=58,1=1
P 32.004 30.6832 67 P 0 0 ;0=55,1=1
P 32.0609976 36.60426258 53 P 0 0 ;0=58,1=1
P 32.09788602 19.15192512 53 P 0 0 ;0=58,1=1
P 32.09799778 34.39823702 53 P 0 0 ;0=58,1=1
P 32.2072 24.8666 67 P 0 0 ;0=55,1=1
P 32.2072 37.973 50 P 0 0 ;0=53,1=1
P 32.3973317 17.4758985 53 P 0 0 ;0=58,1=1
P 32.74799902 33.62032138 53 P 0 0 ;0=58,1=1
P 32.75199952 18.20176192 53 P 0 0 ;0=58,1=1
P 32.9184 41.5036 50 P 0 0 ;0=53,1=1
P 32.9946 10.7442 67 P 0 0 ;0=55,1=1
P 32.9946 12.0142 67 P 0 0 ;0=55,1=1
P 33.0454 15.9258 53 P 0 0 ;0=58,1=1
P 33.0454 28.4988 67 P 0 0 ;0=55,1=1
P 33.1277976 35.39372398 53 P 0 0 ;0=58,1=1
P 33.39799772 18.9991746 53 P 0 0 ;0=58,1=1
P 33.39999924 34.39939272 53 P 0 0 ;0=58,1=1
P 33.4518 43.9674 50 P 0 0 ;0=53,1=1
P 33.69357498 16.85537396 53 P 0 0 ;0=58,1=1
P 33.7566 23.1902 67 P 0 0 ;0=55,1=1
P 33.8836 36.6522 53 P 0 0 ;0=58,1=1
P 34.036 2.3368 67 P 0 0 ;0=55,1=1
P 34.0711536 19.35625542 53 P 0 0 ;0=58,1=1
P 34.30987804 33.0078334 53 P 0 0 ;0=58,1=1
P 34.32219958 16.65298676 53 P 0 0 ;0=58,1=1
P 34.3662 30.0228 67 P 0 0 ;0=55,1=1
P 34.37499856 35.14060536 53 P 0 0 ;0=58,1=1
P 34.6915994 18.4404 53 P 0 0 ;0=58,1=1
P 34.69999918 34.02000054 53 P 0 0 ;0=58,1=1
P 34.7726 40.3352 66 P 0 0 ;0=54,1=1
P 34.94794382 32.8375391 53 P 0 0 ;0=58,1=1
P 35.0012 36.6522 53 P 0 0 ;0=58,1=1
P 35.2044 9.9314 67 P 0 0 ;0=55,1=1
P 35.34999788 19.3965576 66 P 0 0 ;0=54,1=1
P 35.6108 41.275 50 P 0 0 ;0=53,1=1
P 35.6749985 35.08102204 53 P 0 0 ;0=58,1=1
P 35.75952208 15.39607538 53 P 0 0 ;0=58,1=1
P 36.0019981 33.8074 53 P 0 0 ;0=58,1=1
P 36.2204 36.32351892 53 P 0 0 ;0=58,1=1
P 36.4236 40.3352 66 P 0 0 ;0=54,1=1
P 36.65199934 34.2575769 53 P 0 0 ;0=58,1=1
P 36.70279934 18.17156132 53 P 0 0 ;0=58,1=1
P 36.7284 41.4528 66 P 0 0 ;0=54,1=1
P 36.9824 35.5854 53 P 0 0 ;0=58,1=1
P 37.0332 9.8552 67 P 0 0 ;0=55,1=1
P 37.25604436 33.83309718 53 P 0 0 ;0=58,1=1
P 37.29800008 18.8214 53 P 0 0 ;0=58,1=1
P 37.4904 2.2352 67 P 0 0 ;0=55,1=1
P 37.5666 43.942 50 P 0 0 ;0=53,1=1
P 37.66837272 37.24630854 53 P 0 0 ;0=58,1=1
P 37.67779866 17.25731626 53 P 0 0 ;0=58,1=1
P 37.89719878 33.67482216 53 P 0 0 ;0=58,1=1
P 37.94999776 18.1410229 53 P 0 0 ;0=58,1=1
P 38.1762 23.2156 67 P 0 0 ;0=55,1=1
P 38.19052052 16.16567252 53 P 0 0 ;0=58,1=1
P 38.3286 40.6908 66 P 0 0 ;0=54,1=1
P 38.354 37.31690022 53 P 0 0 ;0=58,1=1
P 38.4048 29.0576 67 P 0 0 ;0=55,1=1
P 38.60200052 33.7566 53 P 0 0 ;0=58,1=1
P 38.608 18.4404 53 P 0 0 ;0=58,1=1
P 38.8874 35.92567872 53 P 0 0 ;0=58,1=1
P 39.0144 9.8552 67 P 0 0 ;0=55,1=1
P 39.15394506 11.18854506 67 P 0 0 ;0=55,1=1
P 39.243 18.2118 53 P 0 0 ;0=58,1=1
P 39.25199922 34.29 53 P 0 0 ;0=58,1=1
P 39.3446 41.4782 66 P 0 0 ;0=54,1=1
P 39.5420723 15.92370704 53 P 0 0 ;0=58,1=1
P 39.55876264 17.24801986 53 P 0 0 ;0=58,1=1
P 39.5732 35.1028 53 P 0 0 ;0=58,1=1
P 39.6494 26.924 67 P 0 0 ;0=55,1=1
P 39.7764 21.082 67 P 0 0 ;0=55,1=1
P 39.9034 33.3756 53 P 0 0 ;0=58,1=1
P 39.95900314 19.22585436 53 P 0 0 ;0=58,1=1
P 40.386 14.4272 66 P 0 0 ;0=54,1=1
P 40.54799866 34.3662 53 P 0 0 ;0=58,1=1
P 40.5638 18.2118 53 P 0 0 ;0=58,1=1
P 40.9194 15.875 53 P 0 0 ;0=58,1=1
P 40.92779978 16.84859978 53 P 0 0 ;0=58,1=1
P 40.9448 36.7773077 53 P 0 0 ;0=58,1=1
P 41.1988 18.8468 53 P 0 0 ;0=58,1=1
P 41.20205374 33.4515079 53 P 0 0 ;0=58,1=1
P 41.3512 13.2842 50 P 0 0 ;0=53,1=1
P 41.5036 9.9822 67 P 0 0 ;0=55,1=1
P 41.85466356 34.3947242 53 P 0 0 ;0=58,1=1
P 41.8846 42.672 68 P 0 0 ;0=56,1=1
P 42.0116 32.004 67 P 0 0 ;0=55,1=1
P 42.0624 37.0332 53 P 0 0 ;0=58,1=1
P 42.4942 33.9344 53 P 0 0 ;0=58,1=1
P 43.07350288 24.94919318 53 P 0 0 ;0=58,1=1
P 43.2308 24.3078 53 P 0 0 ;0=58,1=1
P 43.3324 28.2480004 53 P 0 0 ;0=58,1=1
P 43.4086 26.94800046 53 P 0 0 ;0=58,1=1
P 43.4086 29.55200084 53 P 0 0 ;0=58,1=1
P 43.47852112 36.90070598 53 P 0 0 ;0=58,1=1
P 43.4848 30.85200078 53 P 0 0 ;0=58,1=1
P 43.5102 32.14800022 53 P 0 0 ;0=58,1=1
P 43.5102 38.1254 50 P 0 0 ;0=53,1=1
P 43.52897822 23.04800064 53 P 0 0 ;0=58,1=1
P 43.68663094 33.07877052 53 P 0 0 ;0=58,1=1
P 43.688 11.2776 50 P 0 0 ;0=53,1=1
P 43.69672744 21.7520012 53 P 0 0 ;0=58,1=1
P 43.70333652 20.44800076 53 P 0 0 ;0=58,1=1
P 43.91525888 23.67413096 53 P 0 0 ;0=58,1=1
P 43.9214006 27.6020022 53 P 0 0 ;0=58,1=1
P 43.942 7.6962 67 P 0 0 ;0=55,1=1
P 43.9928 28.89800164 53 P 0 0 ;0=58,1=1
P 44.0182 26.30200226 53 P 0 0 ;0=58,1=1
P 44.0182 31.50200202 53 P 0 0 ;0=58,1=1
P 44.0436 30.2006 53 P 0 0 ;0=58,1=1
P 44.05163656 19.69816482 53 P 0 0 ;0=58,1=1
P 44.0944 21.10199996 53 P 0 0 ;0=58,1=1
P 44.0993911 22.40000092 53 P 0 0 ;0=58,1=1
P 44.15568766 25.64487886 53 P 0 0 ;0=58,1=1
P 44.45 34.8234 67 P 0 0 ;0=55,1=1
P 44.54532112 36.449 53 P 0 0 ;0=58,1=1
P 44.78231074 25.97300114 53 P 0 0 ;0=58,1=1
P 44.8056 15.2654 50 P 0 0 ;0=53,1=1
P 44.8564 29.2354 53 P 0 0 ;0=58,1=1
P 45.02968642 6.52328642 66 P 0 0 ;0=54,1=1
P 45.085 3.2512 70 P 0 0 ;0=60,1=1
P 45.09882776 22.75686584 53 P 0 0 ;0=58,1=1
P 45.21775818 30.56458708 53 P 0 0 ;0=58,1=1
P 45.2374 18.3134 53 P 0 0 ;0=58,1=1
P 45.30279992 35.69780008 53 P 0 0 ;0=58,1=1
P 45.3644 14.5796 50 P 0 0 ;0=53,1=1
P 45.6184 24.68884826 53 P 0 0 ;0=58,1=1
P 45.78229858 35.24369634 53 P 0 0 ;0=58,1=1
P 45.88382746 18.69829128 53 P 0 0 ;0=58,1=1
P 45.96829516 21.36138476 53 P 0 0 ;0=58,1=1
P 45.9994 13.335 50 P 0 0 ;0=53,1=1
P 46.00524454 25.3484507 53 P 0 0 ;0=58,1=1
P 46.24573936 34.1122 53 P 0 0 ;0=58,1=1
P 46.35260986 20.2946 53 P 0 0 ;0=58,1=1
P 46.38930778 17.99575522 53 P 0 0 ;0=58,1=1
P 46.4058 27.0764 53 P 0 0 ;0=58,1=1
P 46.5328 40.8686 50 P 0 0 ;0=53,1=1
P 46.58558882 32.00497282 53 P 0 0 ;0=58,1=1
P 46.60313006 28.14318476 53 P 0 0 ;0=58,1=1
P 46.6819996 33.07458206 53 P 0 0 ;0=58,1=1
P 46.83853218 19.2871725 53 P 0 0 ;0=58,1=1
P 46.86156998 22.04863002 53 P 0 0 ;0=58,1=1
P 46.863 29.21097282 53 P 0 0 ;0=58,1=1
P 46.8990045 23.495 53 P 0 0 ;0=58,1=1
P 46.9646 36.1442 67 P 0 0 ;0=55,1=1
P 46.9771984 30.32857282 53 P 0 0 ;0=58,1=1
P 47.498 11.9126 67 P 0 0 ;0=55,1=1
P 47.5488 39.8272 50 P 0 0 ;0=53,1=1
P 47.66666616 27.58605862 50 P 0 0 ;0=53,1=1
P 47.67619878 24.8158 50 P 0 0 ;0=53,1=1
P 48.07460032 21.0566 50 P 0 0 ;0=53,1=1
P 48.514 10.2616 67 P 0 0 ;0=55,1=1
P 48.6156 36.3474 50 P 0 0 ;0=53,1=1
P 48.8967526 32.17244772 50 P 0 0 ;0=53,1=1
P 48.99620122 24.8158 50 P 0 0 ;0=53,1=1
P 49.0376972 30.39852696 66 P 0 0 ;0=54,1=1
P 49.4284 41.2242 67 P 0 0 ;0=55,1=1
P 50.1142 7.9756 67 P 0 0 ;0=55,1=1
P 50.4698 14.2494 66 P 0 0 ;0=54,1=1
P 50.62889036 29.4132 50 P 0 0 ;0=53,1=1
P 50.6984 9.6774 70 P 0 0 ;0=61,1=1
P 50.7747524 21.4377524 67 P 0 0 ;0=55,1=1
P 51.44829436 17.81869436 67 P 0 0 ;0=55,1=1
P 52.0192 36.2458 67 P 0 0 ;0=55,1=1
P 52.1657453 12.17245216 66 P 0 0 ;0=54,1=1
P 52.19061698 19.83101698 50 P 0 0 ;0=53,1=1
P 52.197 27.6352 50 P 0 0 ;0=53,1=1
P 52.2986 41.2242 67 P 0 0 ;0=55,1=1
P 52.5019524 21.46819938 50 P 0 0 ;0=53,1=1
P 52.578 7.366 67 P 0 0 ;0=55,1=1
P 54.0004 24.8666 67 P 0 0 ;0=55,1=1
P 54.01840098 6.0198 70 P 0 0 ;0=61,1=1
P 54.33361498 15.7226 70 P 0 0 ;0=61,1=1
P 55.3974 41.4274 67 P 0 0 ;0=55,1=1
P 55.5498 5.5626 66 P 0 0 ;0=54,1=1
P 55.7784 4.6228 67 P 0 0 ;0=55,1=1
P 55.88 36.2204 67 P 0 0 ;0=55,1=1
P 56.42587902 30.44167902 67 P 0 0 ;0=55,1=1
P 56.9214 5.588 66 P 0 0 ;0=54,1=1
P 57.1246 17.9324 50 P 0 0 ;0=53,1=1
P 57.91508102 17.76578108 50 P 0 0 ;0=53,1=1
P 57.9260462 29.1732462 67 P 0 0 ;0=55,1=1
P 57.9628 21.7678 67 P 0 0 ;0=55,1=1
P 58.0136 40.6654 67 P 0 0 ;0=55,1=1
P 58.2676 13.335 68 P 0 0 ;0=56,1=1
P 58.2825606 14.79060542 68 P 0 0 ;0=56,1=1
P 58.293 5.6642 66 P 0 0 ;0=54,1=1
P 58.3184 11.684 68 P 0 0 ;0=56,1=1
P 58.9534 2.80800048 50 P 0 0 ;0=53,1=1
P 58.9534 24.4856 50 P 0 0 ;0=53,1=1
P 59.6646 5.6642 66 P 0 0 ;0=54,1=1
P 59.8678 13.3096 68 P 0 0 ;0=56,1=1
P 59.8678 14.78159604 68 P 0 0 ;0=56,1=1
P 59.8932 11.7094 68 P 0 0 ;0=56,1=1
P 60.0456 31.2117994 70 P 0 0 ;0=61,1=1
P 60.1472 19.0246 66 P 0 0 ;0=54,1=1
P 60.40853806 35.85673042 70 P 0 0 ;0=60,1=1
P 61.0362 5.6388 66 P 0 0 ;0=54,1=1
P 61.3664 13.2842 68 P 0 0 ;0=56,1=1
P 61.3685209 14.78159604 68 P 0 0 ;0=56,1=1
P 61.3918 11.7094 68 P 0 0 ;0=56,1=1
P 61.96023422 19.08861562 70 P 0 0 ;0=60,1=1
P 62.33616438 24.59844204 66 P 0 0 ;0=54,1=1
P 62.4078 5.588 66 P 0 0 ;0=54,1=1
P 63.7794 5.4864 70 P 0 0 ;0=61,1=1
P 63.8048 8.2042 50 P 0 0 ;0=53,1=1
P 64.77 4.0894 50 P 0 0 ;0=53,1=1
P 65.1764 15.2146 66 P 0 0 ;0=54,1=1
P 65.4812 26.924 67 P 0 0 ;0=55,1=1
P 65.532 24.8158 67 P 0 0 ;0=55,1=1
P 66.00000008 8.3999959 64 P 0 0 ;0=51,1=1
P 66.00000008 36.60000046 65 P 0 0 ;0=52,1=1
P 67.3354 8.763 67 P 0 0 ;0=55,1=1
P 68.1736 34.9504 70 P 0 0 ;0=60,1=1
P 68.2244 36.7284 67 P 0 0 ;0=55,1=1
