UNITS=MM
#Layer_Physical_Order=6
#Layer_Color=16711680
#
#Feature symbol names
#
$0 rect1499.99954x499.999
$1 r152.4
$2 r1016
$3 r203.2
$4 r1270
$5 r304.8
$6 r762
$7 s1725.00036
$8 r1725.00036
$9 uds_oval1099.9978x1999.996_offset0.0508x-0.0762
$10 uds_oval1099.9978x1999.996_offset0.1016x-0.1016
$11 oval1199.9976x1799.9964
$12 s1529.99948
$13 r1529.99948
$14 r3200.00122
$15 r1200.00014
$16 r800.00094
$17 r508
$18 r609.6
$19 r812.8
$20 r914.4
$21 r406.4
$22 r457.2
$23 r1219.2

#
#Feature attribute names
#
@0 .geometry
@1 .pad_usage
@2 .smd

#
#Feature attribute text strings
#
&0 SMD_RectX1499.9995Y499.9990
&1 Pad_Simple_X1725.0004Y1725.0004H1150.0002C2166.0002
&2 Pad_Simple_X1099.9978Y1999.9960H599.9988C1615.9988
&3 Pad_Simple_X1199.9976Y1799.9964H599.9988C1615.9988
&4 Pad_Simple_X1529.9995Y1529.9995H1020.0005C2036.0005
&5 Pad_Simple_X3200.0012Y3200.0012H2200.0007C3216.0007
&6 VIA_RoundD1200.0001H1200.0001C2216.0001
&7 VIA_RoundD800.0009H800.0009C1816.0009
&8 VIA_RoundD508.0000H304.8000C1320.8000
&9 VIA_RoundD609.6000H304.8000C1320.8000
&10 VIA_RoundD812.8000H508.0000C1524.0000
&11 VIA_RoundD914.4000H508.0000C1524.0000
&12 VIA_RoundD508.0000H254.0000C1270.0000
&13 VIA_RoundD406.4000H203.2000C1219.2000
&14 VIA_RoundD457.2000H254.0000C1270.0000
&15 VIA_RoundD1219.2000H812.8000C1828.8000
&16 VIA_RoundD1219.2000H762.0000C1778.0000

#
#Layer features
#
L 0.66930016 3.862705 0.66930016 19.1762507 1 P 0
L 0.66930016 3.862705 3.74713754 0.78486762 1 P 0
L 0.66930016 19.1762507 2.79304496 21.2999955 1 P 0
L 0.9144 24.50231066 0.9144 41.2959042 1 P 0
L 0.9144 24.50231066 2.99531278 22.42139788 1 P 0
L 0.9144 41.2959042 3.1286958 43.5102 1 P 0
L 0.97410016 3.9889557 0.97410016 18.15738304 1 P 0
L 0.97410016 3.9889557 3.87338824 1.08966762 1 P 0
L 0.97410016 18.15738304 2.99531278 20.17859566 1 P 0
L 1.2446 24.97210906 1.2446 41.1950535 1 P 0
L 1.2446 24.97210906 2.99531278 23.22139628 1 P 0
L 1.2446 41.1950535 3.2549465 43.2054 1 P 0
L 1.2789027 4.11520386 1.2789027 17.66218464 1 P 0
L 1.2789027 4.11520386 3.99963894 1.39446762 1 P 0
L 1.2789027 17.66218464 2.99531278 19.37859472 1 P 0
L 1.5494 25.46730746 1.5494 41.0688028 1 P 0
L 1.5494 25.46730746 2.99531278 24.02139468 1 P 0
L 1.5494 41.0688028 3.3811972 42.9006 1 P 0
L 1.58423102 4.24092624 1.58423102 17.16751456 1 P 0
L 1.58423102 4.24092624 4.12588964 1.69926762 1 P 0
L 1.58423102 17.16751456 2.99531278 18.57859632 1 P 0
L 1.8542 25.96251094 1.8542 40.9425521 1 P 0
L 1.8542 25.96251094 2.99531278 24.82139816 1 P 0
L 1.8542 40.9425521 3.5074479 42.5958 1 P 0
L 1.88903102 4.36717694 1.88903102 16.67231362 1 P 0
L 1.88903102 4.36717694 4.25214034 2.00406762 1 P 0
L 1.88903102 16.67231362 2.99531278 17.77859538 1 P 0
L 2.159 26.45770934 2.159 40.8163014 1 P 0
L 2.159 26.45770934 2.99531278 25.62139656 1 P 0
L 2.159 40.8163014 3.6336986 42.291 1 P 0
L 2.2098 4.47745866 2.2098 16.19308166 1 P 0
L 2.2098 4.47745866 4.37839104 2.30886762 1 P 0
L 2.2098 16.19308166 2.99531278 16.97859444 1 P 0
L 2.4638 26.95290774 2.4638 40.6900507 1 P 0
L 2.4638 26.95290774 2.99531278 26.42139496 1 P 0
L 2.4638 40.6900507 3.7599493 41.9862 1 P 0
L 2.7178 4.55248518 2.7178 15.90108326 1 P 0
L 2.7178 4.55248518 4.65661756 2.61366762 1 P 0
L 2.7178 15.90108326 2.99531278 16.17859604 1 P 0
L 2.7686 27.44810868 2.7686 36.7538 1 P 0
L 2.7686 27.44810868 2.99531278 27.2213959 1 P 0
L 2.7686 36.7538 4.064 38.0492 1 P 0
L 2.79304496 21.2999955 3.84000248 21.2999955 1 P 0
L 2.99531278 16.17859604 3.01860204 16.17859604 1 P 0
L 2.99531278 16.97859444 3.0185995 16.97859444 1 P 0
L 2.99531278 17.77859538 3.0185995 17.77859538 1 P 0
L 2.99531278 18.57859632 3.01860204 18.57859632 1 P 0
L 2.99531278 19.37859472 3.0185995 19.37859472 1 P 0
L 2.99531278 20.17859566 3.0185995 20.17859566 1 P 0
L 2.99531278 22.42139788 3.0185995 22.42139788 1 P 0
L 2.99531278 23.22139628 3.01860204 23.22139628 1 P 0
L 2.99531278 24.02139468 3.01860204 24.02139468 1 P 0
L 2.99531278 24.82139816 3.01859696 24.82139816 1 P 0
L 2.99531278 25.62139656 3.01860204 25.62139656 1 P 0
L 2.99531278 26.42139496 3.01860204 26.42139496 1 P 0
L 2.99531278 27.2213959 3.0185995 27.2213959 1 P 0
L 3.01859696 24.82139816 3.34000094 24.49999418 1 P 0
L 3.0185995 16.97859444 3.34000094 17.29999588 1 P 0
L 3.0185995 17.77859538 3.34000094 18.09999682 1 P 0
L 3.0185995 19.37859472 3.34000094 19.69999616 1 P 0
L 3.0185995 20.17859566 3.34000094 20.4999971 1 P 0
L 3.0185995 22.42139788 3.34000094 22.09999644 1 P 0
L 3.0185995 27.2213959 3.34000094 26.89999446 1 P 0
L 3.01860204 16.17859604 3.34000094 16.49999494 1 P 0
L 3.01860204 18.57859632 3.34000094 18.89999522 1 P 0
L 3.01860204 23.22139628 3.34000094 22.89999738 1 P 0
L 3.01860204 24.02139468 3.34000094 23.69999578 1 P 0
L 3.01860204 25.62139656 3.34000094 25.29999766 1 P 0
L 3.01860204 26.42139496 3.34000094 26.09999606 1 P 0
L 3.1286958 43.5102 6.3754 43.5102 1 P 0
L 3.2549465 43.2054 6.2491493 43.2054 1 P 0
L 3.34000094 16.49999494 3.84000248 16.49999494 1 P 0
L 3.34000094 17.29999588 3.84000248 17.29999588 1 P 0
L 3.34000094 18.09999682 3.84000248 18.09999682 1 P 0
L 3.34000094 18.89999522 3.84000248 18.89999522 1 P 0
L 3.34000094 19.69999616 3.84000248 19.69999616 1 P 0
L 3.34000094 20.4999971 3.84000248 20.4999971 1 P 0
L 3.34000094 22.09999644 3.84000248 22.09999644 1 P 0
L 3.34000094 22.89999738 3.84000248 22.89999738 1 P 0
L 3.34000094 23.69999578 3.84000248 23.69999578 1 P 0
L 3.34000094 24.49999418 3.84000248 24.49999418 1 P 0
L 3.34000094 25.29999766 3.84000248 25.29999766 1 P 0
L 3.34000094 26.09999606 3.84000248 26.09999606 1 P 0
L 3.34000094 26.89999446 3.84000248 26.89999446 1 P 0
L 3.3811972 42.9006 6.1228986 42.9006 1 P 0
L 3.5074479 42.5958 5.9966479 42.5958 1 P 0
L 3.6336986 42.291 5.8703972 42.291 1 P 0
L 3.74713754 0.78486762 22.97707622 0.78486762 1 P 0
L 3.7599493 41.9862 5.7441465 41.9862 1 P 0
L 3.81 9.779 3.84887978 9.81787978 2 P 0
L 3.81 34.7218 3.81 35.0012 4 P 0
L 3.81 34.7218 3.84000248 34.69179752 4 P 0
L 3.84000248 11.69999692 4.34000402 11.69999692 1 P 0
L 3.84000248 12.49999532 4.34000402 12.49999532 1 P 0
L 3.84000248 13.29999626 3.91152634 13.2284724 1 P 0
L 3.84000248 14.09999466 4.01380198 13.92619516 1 P 0
L 3.84000248 14.8999956 4.01380198 14.7261961 1 P 0
L 3.84000248 15.69999654 4.34000402 15.69999654 1 P 0
L 3.84000248 27.6999954 4.34000402 27.6999954 1 P 0
L 3.84000248 28.49999634 4.34000402 28.49999634 1 P 0
L 3.84000248 29.29999474 4.34000402 29.29999474 1 P 0
L 3.84000248 30.09999568 4.34000402 30.09999568 1 P 0
L 3.84000248 30.89999662 4.34000402 30.89999662 1 P 0
L 3.84000248 31.69999502 4.34000402 31.69999502 1 P 0
L 3.84000248 32.49999596 4.34000402 32.49999596 1 P 0
L 3.84000248 34.3373964 3.84000248 34.69179752 4 P 0
L 3.84887978 9.81787978 3.84887978 10.60527978 2 P 0
L 3.84887978 10.60527978 3.8608 10.6172 2 P 0
L 3.87338824 1.08966762 22.780498 1.08966762 1 P 0
L 3.91152634 13.2284724 4.7293276 13.2284724 1 P 0
L 3.99963894 1.39446762 22.70750856 1.39446762 1 P 0
L 4.01380198 13.92619516 4.76820484 13.92619516 1 P 0
L 4.01380198 14.7261961 4.73020644 14.7261961 1 P 0
L 4.064 38.0492 5.77891656 38.0492 1 P 0
L 4.12588964 1.69926762 12.02925458 1.69926762 1 P 0
L 4.25214034 2.00406762 11.90300388 2.00406762 1 P 0
L 4.34000402 11.69999692 4.66140546 11.37859548 1 P 0
L 4.34000402 12.49999532 4.66140292 12.17859642 1 P 0
L 4.34000402 15.69999654 4.66140546 15.3785951 1 P 0
L 4.34000402 27.6999954 4.66140546 28.02139684 1 P 0
L 4.34000402 28.49999634 4.66140292 28.82139524 1 P 0
L 4.34000402 29.29999474 4.66140546 29.62139618 1 P 0
L 4.34000402 30.09999568 4.66140546 30.42139712 1 P 0
L 4.34000402 30.89999662 4.66140292 31.22139552 1 P 0
L 4.34000402 31.69999502 4.66140546 32.02139646 1 P 0
L 4.34000402 32.49999596 4.66140546 32.8213974 1 P 0
L 4.37839104 2.30886762 11.77675318 2.30886762 1 P 0
L 4.60939896 36.02399958 4.60939896 37.34850036 1 P 0
L 4.60939896 36.02399958 4.81860352 35.81479502 1 P 0
L 4.60939896 37.34850036 5.0052986 37.7444 1 P 0
L 4.65661756 2.61366762 10.873867 2.61366762 1 P 0
L 4.66140292 12.17859642 4.68469218 12.17859642 1 P 0
L 4.66140292 28.82139524 4.68469218 28.82139524 1 P 0
L 4.66140292 31.22139552 4.68469218 31.22139552 1 P 0
L 4.66140546 11.37859548 4.68469218 11.37859548 1 P 0
L 4.66140546 15.3785951 4.68469218 15.3785951 1 P 0
L 4.66140546 28.02139684 4.68469218 28.02139684 1 P 0
L 4.66140546 29.62139618 4.68469218 29.62139618 1 P 0
L 4.66140546 30.42139712 4.68469218 30.42139712 1 P 0
L 4.66140546 32.02139646 4.68469218 32.02139646 1 P 0
L 4.66140546 32.8213974 4.68469218 32.8213974 1 P 0
L 4.68469218 11.37859548 5.01899936 11.0442883 1 P 0
L 4.68469218 12.17859642 5.32379936 11.53948924 1 P 0
L 4.68469218 15.3785951 6.731 13.33228728 1 P 0
L 4.68469218 28.02139684 6.604 29.94070466 1 P 0
L 4.68469218 28.82139524 6.2992 30.43590306 1 P 0
L 4.68469218 29.62139618 5.9944 30.931104 1 P 0
L 4.68469218 30.42139712 5.6896 31.42630494 1 P 0
L 4.68469218 31.22139552 5.3848 31.92150334 1 P 0
L 4.68469218 32.02139646 5.08 32.41670428 1 P 0
L 4.68469218 32.8213974 4.81860352 32.95530874 1 P 0
L 4.7293276 13.2284724 5.62859936 12.32920064 1 P 0
L 4.73020644 14.7261961 6.2484 13.20800254 1 P 0
L 4.76820484 13.92619516 5.93339936 12.76100064 1 P 0
L 4.81860352 32.95530874 4.81860352 35.81479502 1 P 0
L 4.91419896 36.15025028 4.91419896 37.22224966 1 P 0
L 4.91419896 36.15025028 5.12340352 35.94104572 1 P 0
L 4.91419896 37.22224966 5.1315493 37.4396 1 P 0
L 5.0052986 37.7444 5.90516726 37.7444 1 P 0
L 5.01899936 7.99365432 5.01899936 11.0442883 1 P 0
L 5.01899936 7.99365432 5.59365912 7.41899456 1 P 0
L 5.08 32.41670428 5.08 32.78566722 1 P 0
L 5.08 32.78566722 5.12340352 32.82907074 1 P 0
L 5.12340352 32.82907074 5.12340352 35.94104572 1 P 0
L 5.1315493 37.4396 6.03141796 37.4396 1 P 0
L 5.32379936 10.68871116 5.32379936 11.53948924 1 P 0
L 5.32379936 10.68871116 7.24951052 8.763 1 P 0
L 5.3848 31.92150334 5.3848 32.65941652 1 P 0
L 5.3848 32.65941652 5.42820352 32.70282004 1 P 0
L 5.42820352 32.70282004 5.42820352 35.34640632 1 P 0
L 5.42820352 35.34640632 5.90079592 35.81899872 1 P 0
L 5.59365912 7.41899456 6.52999456 7.41899456 1 P 0
L 5.62859936 10.81496186 5.62859936 12.32920064 1 P 0
L 5.62859936 10.81496186 7.37576122 9.0678 1 P 0
L 5.6896 31.42630494 5.6896 32.53316582 1 P 0
L 5.6896 32.53316582 5.73300352 32.57656934 1 P 0
L 5.73300352 32.57656934 5.73300352 35.22015562 1 P 0
L 5.73300352 35.22015562 6.02704662 35.51419872 1 P 0
L 5.7441465 41.9862 7.3152 40.4151465 1 P 0
L 5.77891656 38.0492 6.13451656 38.4048 1 P 0
L 5.8703972 42.291 7.62 40.5413972 1 P 0
L 5.90079592 35.81899872 6.32350018 35.81899872 1 P 0
L 5.90516726 37.7444 6.26076726 38.1 1 P 0
L 5.93339936 10.94121256 5.93339936 12.76100064 1 P 0
L 5.93339936 10.94121256 7.06281036 9.81180156 1 P 0
L 5.9944 30.931104 5.9944 32.40691512 1 P 0
L 5.9944 32.40691512 6.03780352 32.45031864 1 P 0
L 5.9966479 42.5958 7.9248 40.6676479 1 P 0
L 6.02704662 35.51419872 6.44975088 35.51419872 1 P 0
L 6.03141796 37.4396 6.35681482 37.76499686 1 P 0
L 6.03780352 32.45031864 6.03780352 35.09390492 1 P 0
L 6.03780352 35.09390492 6.15329732 35.20939872 1 P 0
L 6.1228986 42.9006 8.2296 40.7938986 1 P 0
L 6.13451656 38.4048 8.2296 38.4048 1 P 0
L 6.15329732 35.20939872 6.57600158 35.20939872 1 P 0
L 6.2484 11.05726262 6.2484 13.20800254 1 P 0
L 6.2484 11.05726262 7.18906106 10.11660156 1 P 0
L 6.2491493 43.2054 8.5344 40.9201493 1 P 0
L 6.26076726 38.1 8.1033493 38.1 1 P 0
L 6.2992 30.43590306 6.2992 32.28066442 1 P 0
L 6.2992 32.28066442 6.83067468 32.8121391 1 P 0
L 6.32350018 35.81899872 7.8597506 37.35524914 1 P 0
L 6.35681482 37.76499686 8.00730174 37.76499686 1 P 0
L 6.3754 43.5102 8.8392 41.0464 1 P 0
L 6.44975088 35.51419872 7.35915216 36.4236 1 P 0
L 6.52999456 7.41899456 7.5692 8.4582 1 P 0
L 6.57600158 35.20939872 7.48540286 36.1188 1 P 0
L 6.604 29.94070466 6.604 32.15441372 1 P 0
L 6.604 32.15441372 7.13547468 32.6858884 1 P 0
L 6.731 11.00571332 6.731 13.33228728 1 P 0
L 6.731 11.00571332 7.31531176 10.42140156 1 P 0
L 6.83067468 32.8121391 6.83067468 35.03302112 1 P 0
L 6.83067468 35.03302112 7.61165356 35.814 1 P 0
L 7.06281036 9.81180156 12.95990296 9.81180156 1 P 0
L 7.13547468 32.6858884 7.13547468 34.90677042 1 P 0
L 7.13547468 34.90677042 7.73790426 35.5092 1 P 0
L 7.18906106 10.11660156 12.83365226 10.11660156 1 P 0
L 7.24951052 8.763 24.7134507 8.763 1 P 0
L 7.3152 39.75024816 7.3152 40.4151465 1 P 0
L 7.3152 39.75024816 10.92124816 36.1442 1 P 0
L 7.31531176 10.42140156 12.70740156 10.42140156 1 P 0
L 7.35915216 36.4236 8.4865972 36.4236 1 P 0
L 7.37576122 9.0678 24.5872 9.0678 1 P 0
L 7.48540286 36.1188 8.3603465 36.1188 1 P 0
L 7.5692 8.4582 24.8397014 8.4582 1 P 0
L 7.61165356 35.814 8.2340958 35.814 1 P 0
L 7.62 39.9571972 7.62 40.5413972 1 P 0
L 7.62 39.9571972 11.1281972 36.449 1 P 0
L 7.73790426 35.5092 8.1078451 35.5092 1 P 0
L 7.8597506 37.35524914 7.98599876 37.35524914 1 P 0
L 7.91800042 34.34200142 7.91800042 34.57574492 2 P 0
L 7.91800042 34.57574492 7.92287468 34.58061918 2 P 0
L 7.9248 40.0834479 7.9248 40.6676479 1 P 0
L 7.9248 40.0834479 11.2544479 36.7538 1 P 0
L 7.98599876 37.35524914 10.4162479 34.925 1 P 0
L 8.00730174 37.76499686 10.5424986 35.2298 1 P 0
L 8.1033493 38.1 10.6687493 35.5346 1 P 0
L 8.1078451 35.5092 9.9112451 33.7058 1 P 0
L 8.15999892 11.69999946 9.81965016 11.69999946 1 P 0
L 8.15999892 12.5000004 10.1886004 12.5000004 1 P 0
L 8.15999892 13.30000134 10.47514796 13.30000134 1 P 0
L 8.15999892 17.30000096 9.98480096 17.30000096 1 P 0
L 8.15999892 18.1000019 8.33379842 18.2738014 1 P 0
L 8.15999892 22.09999898 8.33379842 21.92619948 1 P 0
L 8.15999892 26.89999954 10.77474604 26.89999954 1 P 0
L 8.15999892 27.70000048 11.14369628 27.70000048 1 P 0
L 8.15999892 31.7000001 8.18088026 31.67911876 1 P 0
L 8.15999892 32.50000104 9.2322015 32.50000104 1 P 0
L 8.16000146 10.90000106 9.55380106 10.90000106 1 P 0
L 8.16000146 14.09999974 8.33380096 14.27379924 1 P 0
L 8.16000146 14.90000068 8.660003 14.90000068 1 P 0
L 8.16000146 15.70000162 9.83260162 15.70000162 1 P 0
L 8.16000146 16.50000002 9.94680002 16.50000002 1 P 0
L 8.16000146 18.9000003 8.18780176 18.8722 1 P 0
L 8.16000146 19.6999987 8.33380096 19.5261992 1 P 0
L 8.16000146 20.50000218 9.34499782 20.50000218 1 P 0
L 8.16000146 21.30000058 8.660003 21.30000058 1 P 0
L 8.16000146 22.89999992 8.27932812 23.01932658 1 P 0
L 8.16000146 23.70000086 8.33380096 23.87380036 1 P 0
L 8.16000146 24.49999926 9.66789786 24.49999926 1 P 0
L 8.16000146 25.3000002 10.0368481 25.3000002 1 P 0
L 8.16000146 26.10000114 10.40579834 26.10000114 1 P 0
L 8.16000146 28.50000142 11.51264652 28.50000142 1 P 0
L 8.16000146 29.29999982 11.88159422 29.29999982 1 P 0
L 8.16000146 30.10000076 9.79013536 30.10000076 1 P 0
L 8.16000146 30.9000017 9.9685983 30.9000017 1 P 0
L 8.16000146 33.29999944 9.9054031 33.29999944 1 P 0
L 8.18088026 31.67911876 9.62053194 31.67911876 1 P 0
L 8.18780176 18.8722 10.1106986 18.8722 1 P 0
L 8.2296 38.4048 10.795 35.8394 1 P 0
L 8.2296 40.2096986 8.2296 40.7938986 1 P 0
L 8.2296 40.2096986 11.3806986 37.0586 1 P 0
L 8.2340958 35.814 10.0374958 34.0106 1 P 0
L 8.27932812 23.01932658 9.04932658 23.01932658 1 P 0
L 8.33379842 18.2738014 15.6045535 18.2738014 1 P 0
L 8.33379842 21.92619948 8.83379996 21.92619948 1 P 0
L 8.33380096 14.27379924 9.93240076 14.27379924 1 P 0
L 8.33380096 19.5261992 9.8877501 19.5261992 1 P 0
L 8.33380096 23.87380036 9.47274966 23.87380036 1 P 0
L 8.3603465 36.1188 10.1637465 34.3154 1 P 0
L 8.4865972 36.4236 10.2899972 34.6202 1 P 0
L 8.5344 40.3359493 8.5344 40.9201493 1 P 0
L 8.5344 40.3359493 11.5069493 37.3634 1 P 0
L 8.660003 14.90000068 8.8338025 14.72620118 1 P 0
L 8.660003 21.30000058 8.87380242 21.5138 1 P 0
L 8.83379996 21.90787592 8.83379996 21.92619948 1 P 0
L 8.83379996 21.90787592 8.92307588 21.8186 1 P 0
L 8.8338025 14.66787516 8.8338025 14.72620118 1 P 0
L 8.8338025 14.66787516 8.92307842 14.57859924 1 P 0
L 8.8392 40.4622 8.8392 41.0464 1 P 0
L 8.8392 40.4622 12.446 36.8554 1 P 0
L 8.87380242 21.5138 9.76738204 21.5138 1 P 0
L 8.92307588 21.8186 9.64113134 21.8186 1 P 0
L 8.92307842 14.57859924 10.05865146 14.57859924 1 P 0
L 9.04932658 23.01932658 13.3858 27.3558 1 P 0
L 9.2322015 32.50000104 10.71880254 31.0134 1 P 0
L 9.34499782 20.50000218 10.5156 19.3294 1 P 0
L 9.47274966 23.87380036 13.2595493 27.6606 1 P 0
L 9.55380106 10.90000106 11.0236 12.3698 1 P 0
L 9.62053194 31.67911876 10.5910507 30.7086 1 P 0
L 9.64113134 21.8186 13.65433134 25.8318 1 P 0
L 9.66789786 24.49999926 13.1332986 27.9654 1 P 0
L 9.76738204 21.5138 13.77837224 25.5247902 1 P 0
L 9.79013536 30.10000076 9.79113612 30.099 1 P 0
L 9.79113612 30.099 19.9883014 30.099 1 P 0
L 9.81965016 11.69999946 10.7942507 12.6746 1 P 0
L 9.83260162 15.70000162 11.41876558 17.28616558 1 P 0
L 9.8877501 19.5261992 10.3893493 19.0246 1 P 0
L 9.9054031 33.29999944 10.61720254 32.5882 1 P 0
L 9.9112451 33.7058 9.93065324 33.7058 1 P 0
L 9.93065324 33.7058 10.74345324 32.893 1 P 0
L 9.93240076 14.27379924 10.6172 13.589 1 P 0
L 9.94680002 16.50000002 11.03776558 17.59096558 1 P 0
L 9.9685983 30.9000017 10.4648 30.4038 1 P 0
L 9.98480096 17.30000096 10.6538014 17.9690014 1 P 0
L 10.0368481 25.3000002 13.0070479 28.2702 1 P 0
L 10.0374958 34.0106 10.05690394 34.0106 1 P 0
L 10.05690394 34.0106 10.86970394 33.1978 1 P 0
L 10.05865146 14.57859924 10.7434507 13.8938 1 P 0
L 10.1106986 18.8722 10.3138986 18.669 1 P 0
L 10.1637465 34.3154 10.18315464 34.3154 1 P 0
L 10.18315464 34.3154 10.99595464 33.5026 1 P 0
L 10.1886004 12.5000004 10.668 12.9794 1 P 0
L 10.2899972 34.6202 10.30940534 34.6202 1 P 0
L 10.30940534 34.6202 11.12220534 33.8074 1 P 0
L 10.3138986 18.669 15.5687014 18.669 1 P 0
L 10.3893493 19.0246 14.9598507 19.0246 1 P 0
L 10.40579834 26.10000114 12.8807972 28.575 1 P 0
L 10.4162479 34.925 10.43565604 34.925 1 P 0
L 10.43565604 34.925 11.24845604 34.1122 1 P 0
L 10.4648 30.4038 19.8620507 30.4038 1 P 0
L 10.47514796 13.30000134 10.4909493 13.2842 1 P 0
L 10.4909493 13.2842 17.1442507 13.2842 1 P 0
L 10.5156 19.3294 15.367 19.3294 1 P 0
L 10.5424986 35.2298 10.56190674 35.2298 1 P 0
L 10.56190674 35.2298 11.37470674 34.417 1 P 0
L 10.5910507 30.7086 19.7358 30.7086 1 P 0
L 10.6172 13.589 17.018 13.589 1 P 0
L 10.61720254 32.5882 20.5635098 32.5882 1 P 0
L 10.6538014 17.9690014 15.7308042 17.9690014 1 P 0
L 10.668 12.9794 17.399 12.9794 1 P 0
L 10.6687493 35.5346 10.68815744 35.5346 1 P 0
L 10.68815744 35.5346 11.50095744 34.7218 1 P 0
L 10.71880254 31.0134 19.4197605 31.0134 1 P 0
L 10.7434507 13.8938 16.764 13.8938 1 P 0
L 10.74345324 32.893 20.4372591 32.893 1 P 0
L 10.77474604 26.89999954 12.7545465 28.8798 1 P 0
L 10.7942507 12.6746 21.2598 12.6746 1 P 0
L 10.795 35.8394 10.81440814 35.8394 1 P 0
L 10.81440814 35.8394 11.62720814 35.0266 1 P 0
L 10.86970394 33.1978 20.3110084 33.1978 1 P 0
L 10.873867 2.61366762 10.87499984 2.61480046 1 P 0
L 10.87499984 2.61480046 20.14080046 2.61480046 1 P 0
L 10.92124816 36.1442 11.0019465 36.1442 1 P 0
L 10.99595464 33.5026 20.1847577 33.5026 1 P 0
L 11.0019465 36.1442 11.8147465 35.3314 1 P 0
L 11.0236 12.3698 21.3860507 12.3698 1 P 0
L 11.03776558 17.59096558 15.78381908 17.59096558 1 P 0
L 11.12220534 33.8074 20.058507 33.8074 1 P 0
L 11.1281972 36.449 11.9409972 35.6362 1 P 0
L 11.14369628 27.70000048 12.6282958 29.1846 1 P 0
L 11.24845604 34.1122 19.9322563 34.1122 1 P 0
L 11.2544479 36.7538 12.0672479 35.941 1 P 0
L 11.37470674 34.417 19.8060056 34.417 1 P 0
L 11.3806986 37.0586 12.1934986 36.2458 1 P 0
L 11.41876558 17.28616558 15.91006978 17.28616558 1 P 0
L 11.50095744 34.7218 19.6797549 34.7218 1 P 0
L 11.5069493 37.3634 12.3197493 36.5506 1 P 0
L 11.51264652 28.50000142 12.5020451 29.4894 1 P 0
L 11.62720814 35.0266 19.5535042 35.0266 1 P 0
L 11.77675318 2.30886762 11.77788602 2.31000046 1 P 0
L 11.77788602 2.31000046 19.75689978 2.31000046 1 P 0
L 11.8147465 35.3314 19.4272535 35.3314 1 P 0
L 11.88159422 29.29999982 12.3757944 29.7942 1 P 0
L 11.90300388 2.00406762 11.90413672 2.00520046 1 P 0
L 11.90413672 2.00520046 19.88315048 2.00520046 1 P 0
L 11.9409972 35.6362 19.3010028 35.6362 1 P 0
L 12.02925458 1.69926762 12.03038742 1.70040046 1 P 0
L 12.03038742 1.70040046 20.00940118 1.70040046 1 P 0
L 12.0672479 35.941 19.1747521 35.941 1 P 0
L 12.1934986 36.2458 19.0485014 36.2458 1 P 0
L 12.3197493 36.5506 18.9222507 36.5506 1 P 0
L 12.3757944 29.7942 20.1145521 29.7942 1 P 0
L 12.446 36.8554 18.796 36.8554 1 P 0
L 12.5020451 29.4894 20.2408028 29.4894 1 P 0
L 12.6282958 29.1846 20.3670535 29.1846 1 P 0
L 12.70740156 10.42140156 13.4366 11.1506 1 P 0
L 12.7545465 28.8798 20.4933042 28.8798 1 P 0
L 12.83365226 10.11660156 13.5628507 10.8458 1 P 0
L 12.8807972 28.575 20.6195549 28.575 1 P 0
L 12.95990296 9.81180156 13.6891014 10.541 1 P 0
L 13.0070479 28.2702 20.7458056 28.2702 1 P 0
L 13.1332986 27.9654 20.8720563 27.9654 1 P 0
L 13.2595493 27.6606 20.998307 27.6606 1 P 0
L 13.3858 27.3558 21.1245577 27.3558 1 P 0
L 13.4366 11.1506 20.701 11.1506 1 P 0
L 13.5628507 10.8458 23.6728 10.8458 1 P 0
L 13.65433134 25.8318 19.90239352 25.8318 1 P 0
L 13.6891014 10.541 23.82519746 10.541 1 P 0
L 13.77837224 25.5247902 20.02643442 25.5247902 1 P 0
L 14.4526 23.5458 15.1892 24.2824 3 P 0
L 14.9598507 19.0246 15.4932507 19.0246 1 P 0
L 15.1892 24.2824 15.41338294 24.2824 3 P 0
L 15.367 19.3294 17.145 21.1074 1 P 0
L 15.41338294 24.2824 15.87058294 24.7396 3 P 0
L 15.4932507 19.0246 17.4498 20.9811493 1 P 0
L 15.5687014 18.669 17.7546 20.8548986 1 P 0
L 15.6045535 18.2738014 18.0594 20.7286479 1 P 0
L 15.7308042 17.9690014 18.3642 20.6023972 1 P 0
L 15.78381908 17.59096558 21.2052535 23.0124 1 P 0
L 15.87058294 24.7396 18.1356 24.7396 3 P 0
L 15.91006978 17.28616558 21.2045042 22.5806 1 P 0
L 16.764 13.8938 22.8854 20.0152 1 P 0
L 17.018 13.589 23.1902 19.7612 1 P 0
L 17.1442507 13.2842 25.781 21.9209493 1 P 0
L 17.145 21.1074 17.145 22.4521014 1 P 0
L 17.145 22.4521014 19.2996566 24.606758 1 P 0
L 17.399 12.9794 26.49260132 22.07300132 1 P 0
L 17.4498 20.9811493 17.4498 21.5145493 1 P 0
L 17.4498 21.5145493 17.4498 21.8955493 1 P 0
L 17.4498 21.8955493 17.4498 22.3258507 1 P 0
L 17.4498 22.3258507 19.3555493 24.2316 1 P 0
L 17.7546 20.8548986 17.7546 22.1996 1 P 0
L 17.7546 22.1996 19.4818 23.9268 1 P 0
L 18.0594 20.7286479 18.0594 22.0733493 1 P 0
L 18.0594 22.0733493 19.6080507 23.622 1 P 0
L 18.1356 24.7396 18.5905902 25.1945902 3 P 0
L 18.3642 20.6023972 18.3642 21.9470986 1 P 0
L 18.3642 21.9470986 19.7343014 23.3172 1 P 0
L 18.5905902 25.1945902 20.51515328 25.1945902 3 P 0
L 18.796 36.8554 21.463 39.5224 1 P 0
L 18.9222507 36.5506 19.7350507 37.3634 1 P 0
L 19.0485014 36.2458 19.8613014 37.0586 1 P 0
L 19.1747521 35.941 19.9875521 36.7538 1 P 0
L 19.2996566 24.606758 20.8347945 24.606758 1 P 0
L 19.3010028 35.6362 20.1138028 36.449 1 P 0
L 19.3555493 24.2316 20.8906872 24.2316 1 P 0
L 19.4197605 31.0134 23.3567605 34.9504 1 P 0
L 19.4272535 35.3314 22.0942535 37.9984 1 P 0
L 19.4818 23.9268 21.0169379 23.9268 1 P 0
L 19.5535042 35.0266 22.2205042 37.6936 1 P 0
L 19.6080507 23.622 21.1431886 23.622 1 P 0
L 19.6797549 34.7218 22.3467549 37.3888 1 P 0
L 19.7343014 23.3172 21.2694393 23.3172 1 P 0
L 19.7350507 37.3634 21.5892507 39.2176 1 P 0
L 19.7358 30.7086 23.6728 34.6456 1 P 0
L 19.75689978 2.31000046 20.26705116 2.31000046 1 P 0
L 19.8060056 34.417 22.4730056 37.084 1 P 0
L 19.8613014 37.0586 21.7155014 38.9128 1 P 0
L 19.8620507 30.4038 23.7990507 34.3408 1 P 0
L 19.88315048 2.00520046 20.39330186 2.00520046 1 P 0
L 19.90239352 25.8318 20.15055152 26.079958 1 P 0
L 19.9322563 34.1122 22.5992563 36.7792 1 P 0
L 19.9875521 36.7538 21.8417521 38.608 1 P 0
L 19.9883014 30.099 22.9347014 33.0454 1 P 0
L 20.00940118 1.70040046 20.51955256 1.70040046 1 P 0
L 20.02643442 25.5247902 20.27680222 25.775158 1 P 0
L 20.058507 33.8074 22.725507 36.4744 1 P 0
L 20.1138028 36.449 21.9680028 38.3032 1 P 0
L 20.1145521 29.7942 23.0609521 32.7406 1 P 0
L 20.14080046 2.61480046 22.2758 4.7498 1 P 0
L 20.15055152 26.079958 20.999958 26.079958 1 P 0
L 20.1847577 33.5026 22.8517577 36.1696 1 P 0
L 20.2408028 29.4894 23.1872028 32.4358 1 P 0
L 20.26705116 2.31000046 22.5806 4.6235493 1 P 0
L 20.27680222 25.775158 21.1262087 25.775158 1 P 0
L 20.3110084 33.1978 22.9780084 35.8648 1 P 0
L 20.3670535 29.1846 23.3134535 32.131 1 P 0
L 20.39330186 2.00520046 22.8854 4.4972986 1 P 0
L 20.4372591 32.893 23.1042591 35.56 1 P 0
L 20.4933042 28.8798 23.4397042 31.8262 1 P 0
L 20.51515328 25.1945902 20.51878548 25.190958 3 P 0
L 20.51955256 1.70040046 23.1902 4.3710479 1 P 0
L 20.5635098 32.5882 23.2305098 35.2552 1 P 0
L 20.6195549 28.575 23.47320172 31.42864682 1 P 0
L 20.701 11.1506 25.908 16.3576 1 P 0
L 20.7458056 28.2702 22.63425242 30.15864682 1 P 0
L 20.8347945 24.606758 22.7964365 26.5684 1 P 0
L 20.8720563 27.9654 22.7008563 29.7942 1 P 0
L 20.8906872 24.2316 22.9226872 26.2636 1 P 0
L 20.998307 27.6606 22.827107 29.4894 1 P 0
L 20.999958 26.079958 23.40434232 28.48434232 1 P 0
L 21.0169379 23.9268 23.0489379 25.9588 1 P 0
L 21.1245577 27.3558 22.9533577 29.1846 1 P 0
L 21.1262087 25.775158 23.27645078 27.92540008 1 P 0
L 21.1431886 23.622 23.0989886 25.5778 1 P 0
L 21.2045042 22.5806 23.0378 22.5806 1 P 0
L 21.2052535 23.0124 21.39569 23.0124 1 P 0
L 21.2598 12.6746 25.5778 16.9926 1 P 0
L 21.2694393 23.3172 22.9966393 25.0444 1 P 0
L 21.3860507 12.3698 25.7040507 16.6878 1 P 0
L 21.39569 23.0124 23.12289 24.7396 1 P 0
L 21.463 39.5224 23.495 39.5224 1 P 0
L 21.5892507 39.2176 23.65176118 39.2176 1 P 0
L 21.7155014 38.9128 23.77801188 38.9128 1 P 0
L 21.8417521 38.608 23.90426258 38.608 1 P 0
L 21.9680028 38.3032 24.3332 38.3032 1 P 0
L 22.0942535 37.9984 24.5132479 37.9984 1 P 0
L 22.2205042 37.6936 24.6394986 37.6936 1 P 0
L 22.2758 4.7498 22.2758 5.4632479 1 P 0
L 22.2758 5.4632479 31.33706458 14.52451248 1 P 0
L 22.3467549 37.3888 24.7657493 37.3888 1 P 0
L 22.4730056 37.084 24.892 37.084 1 P 0
L 22.5806 4.6235493 22.5806 5.13370068 1 P 0
L 22.5806 5.13370068 22.5806 5.3369972 1 P 0
L 22.5806 5.3369972 31.89159738 14.64799458 1 P 0
L 22.5992563 36.7792 25.0182507 36.7792 1 P 0
L 22.63425242 30.15864682 24.31682462 30.15864682 1 P 0
L 22.7008563 29.7942 24.3834285 29.7942 1 P 0
L 22.70750856 1.39446762 30.52416044 9.84338646 1 P 0
L 22.725507 36.4744 25.14835204 36.4744 1 P 0
L 22.780498 1.08966762 22.84346206 1.08967016 1 P 0
L 22.7964365 26.5684 23.91478326 26.5684 1 P 0
L 22.827107 29.4894 24.5096792 29.4894 1 P 0
L 22.84346206 1.08967016 22.89236468 1.13857024 1 P 0
L 22.8517577 36.1696 26.2110347 36.1696 1 P 0
L 22.8854 4.4972986 22.8854 5.00744998 1 P 0
L 22.8854 5.00744998 22.8854 5.2107465 1 P 0
L 22.8854 5.2107465 32.26066954 14.58601604 1 P 0
L 22.8854 20.0152 22.8854 21.9964 1 P 0
L 22.8854 21.9964 24.7904 23.9014 1 P 0
L 22.89236468 1.13857024 30.82896044 9.71713576 1 P 0
L 22.9226872 26.2636 24.04103396 26.2636 1 P 0
L 22.9347014 33.0454 24.35943566 33.0454 1 P 0
L 22.9533577 29.1846 24.6359299 29.1846 1 P 0
L 22.97707622 0.78486762 23.10616918 0.91396058 1 P 0
L 22.9780084 35.8648 26.3372854 35.8648 1 P 0
L 22.9966393 25.0444 25.78376098 25.0444 1 P 0
L 23.0378 22.5806 24.85656446 24.39936446 1 P 0
L 23.0489379 25.9588 24.16728466 25.9588 1 P 0
L 23.0609521 32.7406 24.5610507 32.7406 1 P 0
L 23.0989886 25.5778 25.13063808 25.5778 1 P 0
L 23.1042591 35.56 26.4635361 35.56 1 P 0
L 23.10616918 0.91396058 31.17429376 9.63469752 1 P 0
L 23.12289 24.7396 24.7022493 24.7396 1 P 0
L 23.1872028 32.4358 26.01800994 32.4358 1 P 0
L 23.1902 4.3710479 23.1902 4.88119928 1 P 0
L 23.1902 4.88119928 23.1902 5.0844958 1 P 0
L 23.1902 5.0844958 33.0454 14.9396958 1 P 0
L 23.1902 19.7612 23.1902 21.8701493 1 P 0
L 23.1902 21.8701493 24.7077992 23.3877485 1 P 0
L 23.2305098 35.2552 26.5897868 35.2552 1 P 0
L 23.27645078 27.92540008 25.94548278 27.92540008 1 P 0
L 23.3134535 32.131 25.89175924 32.131 1 P 0
L 23.3567605 34.9504 26.30524076 34.9504 1 P 0
L 23.40434232 28.48434232 25.59375628 28.48434232 1 P 0
L 23.4397042 31.8262 25.73786064 31.8262 1 P 0
L 23.47320172 31.42864682 24.42464508 31.42864682 1 P 0
L 23.495 39.5224 26.4668 42.4942 1 P 0
L 23.65176118 39.2176 26.62356118 42.1894 1 P 0
L 23.6728 10.8458 26.6192 13.7922 1 P 0
L 23.6728 34.6456 26.17899006 34.6456 1 P 0
L 23.77801188 38.9128 26.74981188 41.8846 1 P 0
L 23.7990507 34.3408 26.05273936 34.3408 1 P 0
L 23.82519746 10.541 26.924 13.63980254 1 P 0
L 23.90426258 38.608 26.77446258 41.4782 1 P 0
L 23.91478326 26.5684 24.06718326 26.7208 1 P 0
L 24.04103396 26.2636 24.19343396 26.416 1 P 0
L 24.06718326 26.7208 27.2796 26.7208 1 P 0
L 24.16728466 25.9588 24.31968466 26.1112 1 P 0
L 24.19343396 26.416 25.64170894 26.416 1 P 0
L 24.31682462 30.15864682 24.6888 30.5306222 1 P 0
L 24.31968466 26.1112 25.51545824 26.1112 1 P 0
L 24.3332 38.3032 26.32355416 40.29355416 1 P 0
L 24.35943566 33.0454 24.81663566 33.5026 1 P 0
L 24.3834285 29.7942 24.7895364 30.2003079 1 P 0
L 24.42464508 31.42864682 24.58618654 31.26710536 1 P 0
L 24.5096792 29.4894 24.6871871 29.6669079 1 P 0
L 24.5132479 37.9984 26.50360206 39.98875416 1 P 0
L 24.5610507 32.7406 24.7896507 32.9692 1 P 0
L 24.58618654 31.2671079 25.54261338 31.2671079 1 P 0
L 24.5872 9.0678 28.3972 12.8778 1 P 0
L 24.6359299 29.1846 24.73413138 29.28280148 1 P 0
L 24.6394986 37.6936 26.62985276 39.68395416 1 P 0
L 24.6871871 29.6669079 26.43743506 29.6669079 1 P 0
L 24.6888 30.5306222 24.6888 30.59797538 1 P 0
L 24.6888 30.59797538 24.82453252 30.7337079 1 P 0
L 24.7022493 24.7396 24.7140476 24.7278017 1 P 0
L 24.7077992 23.3877485 25.56683228 23.3877485 1 P 0
L 24.7134507 8.763 30.0228 14.0723493 1 P 0
L 24.7140476 24.7278017 26.4897997 24.7278017 1 P 0
L 24.73413138 29.28280148 27.18343814 29.28280148 1 P 0
L 24.7657493 37.3888 26.75610346 39.37915416 1 P 0
L 24.7895364 30.2003079 25.64678894 30.2003079 1 P 0
L 24.7896507 32.9692 25.64347932 32.9692 1 P 0
L 24.7904 23.9014 25.80752014 23.9014 1 P 0
L 24.81663566 33.5026 25.92107592 33.5026 1 P 0
L 24.82453252 30.7337079 26.39930204 30.7337079 1 P 0
L 24.8397014 8.4582 30.49256284 14.11106144 1 P 0
L 24.85656446 24.39936446 26.06389758 24.39936446 1 P 0
L 24.892 37.084 26.88235416 39.07435416 1 P 0
L 25.0182507 36.7792 27.00860486 38.76955416 1 P 0
L 25.14835204 36.4744 27.1387062 38.46475416 1 P 0
L 25.51545824 26.1112 25.9584571 25.66820114 1 P 0
L 25.56683228 23.3877485 25.62882606 23.32575472 1 P 0
L 25.5778 16.9926 27.9627584 16.9926 1 P 0
L 25.62882606 23.32575472 26.07070478 23.32575472 1 P 0
L 25.64170894 26.416 26.0847078 25.97300114 1 P 0
L 25.7040507 16.6878 28.41229776 16.6878 1 P 0
L 25.73786064 31.8262 26.95706064 30.607 1 P 0
L 25.781 21.9209493 25.781 22.74155472 1 P 0
L 25.78376098 25.0444 26.00056268 25.2612017 1 P 0
L 25.80752014 23.9014 25.84976542 23.85915472 1 P 0
L 25.89175924 32.131 26.65375924 31.369 1 P 0
L 25.908 16.3576 27.7442676 16.3576 1 P 0
L 25.92107592 33.5026 26.2386699 33.18500602 1 P 0
L 25.9584571 25.66820114 26.73456934 25.66820114 1 P 0
L 26.00056268 25.2612017 26.71073906 25.2612017 1 P 0
L 26.01800994 32.4358 26.78000994 31.6738 1 P 0
L 26.05273936 34.3408 27.1272 33.26633936 1 P 0
L 26.06389758 24.39936446 26.37446084 24.0888012 1 P 0
L 26.07070478 23.32575472 26.13269856 23.3877485 1 P 0
L 26.0847078 25.97300114 27.1841087 25.97300114 1 P 0
L 26.13269856 23.3877485 27.58459812 23.3877485 1 P 0
L 26.17899006 34.6456 27.97162808 32.85296198 1 P 0
L 26.2110347 36.1696 27.2524347 37.211 1 P 0
L 26.2386699 32.64619074 26.2386699 33.18500602 1 P 0
L 26.2386699 32.64619074 26.90626064 31.9786 1 P 0
L 26.30524076 34.9504 26.43781098 34.81782978 1 P 0
L 26.32355416 40.29355416 27.1274667 40.29355416 1 P 0
L 26.3372854 35.8648 27.3786854 36.9062 1 P 0
L 26.37446084 24.0888012 26.81633956 24.0888012 1 P 0
L 26.39930204 30.7337079 26.83080994 30.3022 1 P 0
L 26.43743506 29.6669079 26.58172738 29.81120022 1 P 0
L 26.43781098 34.81782978 26.76107678 34.81782978 1 P 0
L 26.4635361 35.56 26.79831572 35.89477962 1 P 0
L 26.4668 42.4942 31.0896 42.4942 1 P 0
L 26.48672376 27.31050418 27.3304889 27.31050418 5 P 0
L 26.49260132 22.07300132 27.1272 22.07300132 1 P 0
L 26.50360206 39.98875416 29.81119514 39.98875416 1 P 0
L 26.58172738 29.81120022 27.68826822 29.81120022 1 P 0
L 26.5897868 35.2552 26.63984004 35.30525324 1 P 0
L 26.6192 13.7922 26.6192 14.75356968 1 P 0
L 26.6192 14.75356968 27.46123032 15.5956 1 P 0
L 26.62356118 42.1894 30.9633493 42.1894 1 P 0
L 26.62985276 39.68395416 29.54415478 39.68395416 1 P 0
L 26.63984004 35.30525324 28.04085324 35.30525324 1 P 0
L 26.65375924 31.369 26.9494 31.369 1 P 0
L 26.71073906 25.2612017 26.87446238 25.09747838 1 P 0
L 26.73456934 25.66820114 26.83676878 25.5660017 1 P 0
L 26.74981188 41.8846 30.69658326 41.8846 1 P 0
L 26.75610346 39.37915416 29.41790408 39.37915416 1 P 0
L 26.76107678 34.81782978 26.8096746 34.76923196 1 P 0
L 26.77446258 41.4782 29.45061674 41.4782 1 P 0
L 26.78000994 31.6738 27.47439006 31.6738 1 P 0
L 26.79831572 35.89477962 28.24022038 35.89477962 1 P 0
L 26.81633956 24.0888012 26.86713956 24.1396012 1 P 0
L 26.83080994 30.3022 27.52519006 30.3022 1 P 0
L 26.83676878 25.5660017 26.83698976 25.5660017 1 P 0
L 26.83698976 25.5660017 27.00071308 25.40227838 1 P 0
L 26.86713956 24.1396012 27.32273936 24.1396012 1 P 0
L 26.87446238 25.09747838 27.74053888 25.09747838 1 P 0
L 26.88235416 39.07435416 29.2869747 39.07435416 1 P 0
L 26.90626064 31.9786 27.34813936 31.9786 1 P 0
L 26.924 13.63980254 26.924 14.5288 1 P 0
L 26.924 14.5288 27.686 15.2908 1 P 0
L 26.9494 31.369 27.178 31.1404 1 P 0
L 26.95706064 30.607 27.39893936 30.607 1 P 0
L 27.00071308 25.40227838 27.59987368 25.40227838 1 P 0
L 27.00860486 38.76955416 29.160724 38.76955416 1 P 0
L 27.1272 32.512 27.1272 33.26633936 1 P 0
L 27.1274667 40.29355416 27.14371254 40.3098 1 P 0
L 27.1387062 38.46475416 28.64713092 38.46475416 1 P 0
L 27.14371254 40.3098 29.9212 40.3098 1 P 0
L 27.18343814 29.28280148 27.1884394 29.27780022 1 P 0
L 27.1841087 25.97300114 27.20490368 25.95220616 1 P 0
L 27.2524347 37.211 28.0176986 37.211 1 P 0
L 27.2796 26.7208 27.83221002 27.27341002 1 P 0
L 27.32273936 24.1396012 27.53513924 24.35200108 1 P 0
L 27.3304889 27.31050418 27.67439474 27.65441002 5 P 0
L 27.34813936 31.9786 27.52154262 32.15200326 1 P 0
L 27.3786854 36.9062 27.56815924 36.9062 1 P 0
L 27.39893936 30.607 27.64394268 30.85200332 1 P 0
L 27.46123032 15.5956 28.2956 15.5956 1 P 0
L 27.47439006 31.6738 27.52235288 31.72176282 1 P 0
L 27.52154262 32.15200326 28.24747716 32.15200326 1 P 0
L 27.52235288 31.72176282 27.64860104 31.72176282 1 P 0
L 27.52519006 30.3022 27.62538798 30.20200208 1 P 0
L 27.53513924 24.35200108 28.1178 24.35200108 1 P 0
L 27.56815924 36.9062 28.04617962 36.42817962 1 P 0
L 27.58459812 23.3877485 27.89474228 23.69789266 1 P 0
L 27.59987368 25.40227838 27.85561358 25.65801828 1 P 0
L 27.62538798 30.20200208 28.6258 30.20200208 1 P 0
L 27.64394268 30.85200332 28.08284452 30.85200332 1 P 0
L 27.64860104 31.72176282 27.86836184 31.50200202 1 P 0
L 27.67439474 27.65441002 28.16274784 27.65441002 5 P 0
L 27.686 15.2908 28.79337396 15.2908 1 P 0
L 27.68826822 29.81120022 27.9474676 29.55200084 1 P 0
L 27.74053888 25.09747838 27.84001544 24.99800182 1 P 0
L 27.7442676 16.3576 27.9728676 16.129 1 P 0
L 27.83221002 27.27341002 28.32056312 27.27341002 1 P 0
L 27.84001544 24.99800182 28.54910724 24.99800182 1 P 0
L 27.85561358 25.65801828 28.54960508 25.65801828 1 P 0
L 27.86836184 31.50200202 28.6258 31.50200202 1 P 0
L 27.89474228 23.69789266 28.85167966 23.69789266 1 P 0
L 27.9474676 29.55200084 28.0162 29.55200084 1 P 0
L 27.9627584 16.9926 28.27040828 17.30024988 1 P 0
L 27.97162808 32.85296198 28.7274 32.85296198 1 P 0
L 27.9728676 16.129 28.0416 16.129 1 P 0
L 28.0176986 37.211 29.00540554 36.22329306 1 P 0
L 28.16274784 27.65441002 28.69991212 28.1915743 5 P 0
L 28.24022038 35.89477962 30.04859878 34.08640122 1 P 0
L 28.2956 15.5956 29.1084 16.4084 1 P 0
L 28.32056312 27.27341002 28.58052958 27.53337648 1 P 0
L 28.3972 12.8778 28.3972 14.48402488 1 P 0
L 28.3972 14.48402488 28.84537538 14.93220026 1 P 0
L 28.41229776 16.6878 28.8036 17.07910224 1 P 0
L 28.54910724 24.99800182 28.54948824 24.99762082 1 P 0
L 28.58052958 27.53337648 28.90381824 27.53337648 1 P 0
L 28.64713092 38.46475416 30.28188508 36.83 1 P 0
L 28.66473312 21.09799946 30.17832166 21.09799946 3 P 0
L 28.69991212 28.1915743 30.93962824 28.1915743 5 P 0
L 28.79337396 15.2908 29.12057422 15.61800026 1 P 0
L 28.8036 17.07910224 28.8036 17.28526134 1 P 0
L 28.8036 17.28526134 29.4386 17.92026134 1 P 0
L 28.84537538 14.93220026 29.21781558 14.93220026 1 P 0
L 28.90381824 27.53337648 28.95241606 27.5819743 1 P 0
L 29.00540554 36.22329306 29.5296463 36.22329306 1 P 0
L 29.1084 16.4084 29.1084 17.15901064 1 P 0
L 29.1084 17.15901064 30.14999812 18.20060876 1 P 0
L 29.12057422 15.61800026 29.14927622 15.61800026 1 P 0
L 29.160724 38.76955416 30.6607972 37.26948096 1 P 0
L 29.21781558 14.93220026 29.48798776 15.20237244 1 P 0
L 29.2869747 39.07435416 30.7870479 37.57428096 1 P 0
L 29.41790408 39.37915416 31.5275976 37.26946064 1 P 0
L 29.4386 17.92026134 29.4386 18.4404 1 P 0
L 29.45061674 41.4782 31.30481674 39.624 1 P 0
L 29.48798776 15.20237244 29.52331154 15.20237244 1 P 0
L 29.52331154 15.20237244 29.76240174 15.44146264 1 P 0
L 29.5296463 36.22329306 30.48 35.27293936 1 P 0
L 29.54415478 39.68395416 32.11584128 37.11226766 1 P 0
L 29.76240174 15.44146264 29.76240174 15.88278764 1 P 0
L 29.76240174 15.88278764 29.7668061 15.887192 1 P 0
L 29.7668061 15.887192 29.7668061 16.42245128 1 P 0
L 29.7668061 16.42245128 30.59359896 17.24924414 1 P 0
L 29.81119514 39.98875416 30.9633493 38.8366 1 P 0
L 29.9212 40.3098 30.9626 39.2684 1 P 0
L 30.00544672 33.14193524 30.04859878 33.1850873 1 P 0
L 30.0228 14.0723493 30.0228 15.06172502 1 P 0
L 30.0228 15.06172502 30.24720392 15.28612894 1 P 0
L 30.04859878 33.1850873 30.04859878 34.08640122 1 P 0
L 30.17832166 21.09799946 30.52452112 20.7518 3 P 0
L 30.24720392 15.28612894 30.24720392 15.61325046 1 P 0
L 30.24720392 15.61325046 30.29580174 15.66184828 1 P 0
L 30.28188508 36.83 30.35061748 36.83 1 P 0
L 30.48 34.71359834 30.48 35.27293936 1 P 0
L 30.48 34.71359834 30.80199834 34.3916 1 P 0
L 30.49256284 14.11106144 30.49256284 15.10043716 1 P 0
L 30.49256284 15.10043716 30.8356 15.44347432 1 P 0
L 30.52416044 9.84338646 30.56469376 9.88720146 1 P 0
L 30.52452112 20.7518 30.607 20.7518 3 P 0
L 30.56469376 9.88720146 30.56469376 11.81768782 1 P 0
L 30.56469376 11.81768782 33.5788 14.83179406 1 P 0
L 30.59359896 17.24924414 30.59359896 17.88987024 1 P 0
L 30.59359896 17.88987024 30.7848 18.08107128 1 P 0
L 30.6607972 37.26948096 30.66547588 37.26948096 1 P 0
L 30.66547588 37.26948096 30.88401748 37.05093936 1 P 0
L 30.69658326 41.8846 33.8836 38.69758326 1 P 0
L 30.7594 36.1957493 30.7594 36.48444316 1 P 0
L 30.7594 36.1957493 31.12420496 35.83094434 1 P 0
L 30.7594 36.48444316 30.88401748 36.60906064 1 P 0
L 30.7848 18.08107128 30.7848 19.05 1 P 0
L 30.7870479 37.57428096 30.79172658 37.57428096 1 P 0
L 30.79172658 37.57428096 31.18881748 37.17719006 1 P 0
L 30.82479738 15.73026064 30.82479738 16.17213936 1 P 0
L 30.82479738 15.73026064 30.8356 15.71945802 1 P 0
L 30.82479738 16.17213936 30.8356 16.18294198 1 P 0
L 30.82896044 9.71713576 30.86949376 9.76095076 1 P 0
L 30.8356 15.44347432 30.8356 15.71945802 1 P 0
L 30.8356 16.18294198 30.8356 16.637 1 P 0
L 30.8356 16.637 31.496 17.2974 1 P 0
L 30.86949376 9.76095076 30.86949376 11.69143712 1 P 0
L 30.86949376 11.69143712 33.96291658 14.78485994 1 P 0
L 30.88401748 36.60906064 30.88401748 37.05093936 1 P 0
L 30.93962824 28.1915743 35.34999788 23.78120466 5 P 0
L 30.9626 39.2684 32.258 39.2684 1 P 0
L 30.9633493 38.8366 32.16978326 38.8366 1 P 0
L 30.9633493 42.1894 35.0012 38.1515493 1 P 0
L 31.0896 42.4942 35.6749985 37.9088015 1 P 0
L 31.12420496 35.03705972 31.12420496 35.83094434 1 P 0
L 31.12420496 35.03705972 31.44799654 34.71326814 1 P 0
L 31.17429376 9.63469752 31.252541 9.79866722 1 P 0
L 31.18881748 36.29105264 31.18881748 37.17719006 1 P 0
L 31.18881748 36.29105264 31.42900496 36.05086516 1 P 0
L 31.252541 9.79866722 31.2674 9.82980762 1 P 0
L 31.2674 9.82980762 31.2674 11.65829266 1 P 0
L 31.2674 11.65829266 35.9361994 16.32709206 1 P 0
L 31.30481674 39.624 32.3334507 39.624 1 P 0
L 31.33706458 14.52451248 31.33706458 15.9300672 1 P 0
L 31.33706458 15.9300672 31.35819738 15.9512 1 P 0
L 31.42900496 35.48659908 31.42900496 36.05086516 1 P 0
L 31.42900496 35.48659908 31.75619506 35.15940898 1 P 0
L 31.44799654 33.82110838 31.44799654 34.71326814 1 P 0
L 31.44799654 33.82110838 31.521146 33.74795892 1 P 0
L 31.45199958 18.28120042 31.496 18.2372 1 P 0
L 31.496 17.2974 31.496 18.2372 1 P 0
L 31.521146 33.3131033 31.521146 33.74795892 1 P 0
L 31.5275976 36.38332322 31.5275976 37.26946064 1 P 0
L 31.5275976 36.38332322 32.2895976 35.62132322 1 P 0
L 31.8639317 16.42002812 31.8639317 17.93879318 1 P 0
L 31.8639317 16.42002812 31.89159738 16.39236244 1 P 0
L 31.8639317 17.93879318 32.09788602 18.1727475 1 P 0
L 31.89159738 14.64799458 31.89159738 16.39236244 1 P 0
L 32.0609976 36.60426258 32.10959542 36.6528604 1 P 0
L 32.09788602 18.1727475 32.09788602 19.15192512 1 P 0
L 32.09799778 34.39823702 32.09799778 34.49446238 1 P 0
L 32.09799778 34.49446238 32.3612002 34.7576648 1 P 0
L 32.10959542 36.6528604 32.10959542 36.9536218 1 P 0
L 32.10959542 36.9536218 32.11584128 36.95986766 1 P 0
L 32.11584128 36.95986766 32.11584128 37.11226766 1 P 0
L 32.16978326 38.8366 32.7914 38.21498326 1 P 0
L 32.258 39.2684 33.0962 38.4302 1 P 0
L 32.26066954 14.58601604 32.26066954 16.54072384 1 P 0
L 32.26066954 16.54072384 32.85537498 17.13542928 1 P 0
L 32.2895976 35.04653138 32.2895976 35.62132322 1 P 0
L 32.2895976 35.04653138 32.3612002 34.97492878 1 P 0
L 32.3334507 39.624 33.401 38.5564507 1 P 0
L 32.3612002 34.7576648 32.3612002 34.97492878 1 P 0
L 32.5943976 35.17279986 32.5943976 37.53401434 1 P 0
L 32.5943976 35.17279986 32.64055194 35.12664552 1 P 0
L 32.5943976 37.53401434 32.7914 37.73101674 1 P 0
L 32.64055194 35.12664552 32.6994012 35.0677988 1 P 0
L 32.6994012 33.6689192 32.6994012 35.0677988 1 P 0
L 32.6994012 33.6689192 32.74799902 33.62032138 1 P 0
L 32.75199952 18.20176192 32.80059734 18.1531641 1 P 0
L 32.7914 37.73101674 32.7914 38.21498326 1 P 0
L 32.80059734 17.83813044 32.80059734 18.1531641 1 P 0
L 32.80059734 17.83813044 32.95839738 17.6803304 1 P 0
L 32.85537498 17.13542928 32.85537498 17.20256402 1 P 0
L 32.85537498 17.20256402 32.95839738 17.30558642 1 P 0
L 32.95839738 17.30558642 32.95839738 17.6803304 1 P 0
L 33.0454 14.9396958 33.0454 15.9258 1 P 0
L 33.0454 36.23316604 33.0454 37.55396604 1 P 0
L 33.0454 36.23316604 33.1277976 36.15076844 1 P 0
L 33.0454 37.55396604 33.0962 37.60476604 1 P 0
L 33.0962 37.60476604 33.0962 38.4302 1 P 0
L 33.1277976 35.39372398 33.1277976 36.15076844 1 P 0
L 33.16017498 16.5880415 33.16017498 17.07631332 1 P 0
L 33.16017498 16.5880415 33.5788 16.16941648 1 P 0
L 33.16017498 17.07631332 33.26319738 17.17933572 1 P 0
L 33.26319738 17.17933572 33.26319738 17.88677652 1 P 0
L 33.26319738 17.88677652 33.39799772 18.02157686 1 P 0
L 33.3502 36.35941674 33.3502 37.42771534 1 P 0
L 33.3502 36.35941674 33.65919862 36.05041812 1 P 0
L 33.3502 37.42771534 33.401 37.47851534 1 P 0
L 33.39799772 18.02157686 33.39799772 18.9991746 1 P 0
L 33.39999924 34.39939272 33.39999924 34.49561808 1 P 0
L 33.39999924 34.49561808 33.65919862 34.75481746 1 P 0
L 33.401 37.47851534 33.401 38.5564507 1 P 0
L 33.5788 14.83179406 33.5788 16.16941648 1 P 0
L 33.65919862 34.75481746 33.65919862 35.17078564 1 P 0
L 33.65919862 35.17078564 33.6611976 35.17278462 1 P 0
L 33.65919862 35.61666232 33.65919862 36.05041812 1 P 0
L 33.65919862 35.61666232 33.6611976 35.61466334 1 P 0
L 33.6611976 35.17278462 33.6611976 35.61466334 1 P 0
L 33.69357498 16.85537396 33.7421728 16.80677614 1 P 0
L 33.7421728 16.43709438 33.7421728 16.80677614 1 P 0
L 33.7421728 16.43709438 33.96291658 16.2163506 1 P 0
L 33.8836 36.6522 33.8836 38.69758326 1 P 0
L 33.96291658 14.78485994 33.96291658 16.2163506 1 P 0
L 35.0012 36.6522 35.0012 38.1515493 1 P 0
L 35.34999788 19.3965576 35.34999788 22.04649642 5 P 0
L 35.34999788 22.04649642 35.34999788 22.87859788 5 P 0
L 35.34999788 22.87859788 35.34999788 23.78120466 5 P 0
L 35.34999788 22.87859788 38.03019318 25.55879318 5 P 0
L 35.34999788 23.78120466 35.34999788 26.18076806 5 P 0
L 35.34999788 26.18076806 35.55754382 26.388314 5 P 0
L 35.3923981 33.25518876 35.3923981 34.05990394 5 P 0
L 35.3923981 33.25518876 35.55754382 33.09004304 5 P 0
L 35.3923981 34.05990394 35.79748492 34.46499076 5 P 0
L 35.55754382 26.388314 35.55754382 33.09004304 5 P 0
L 35.6749985 35.08102204 35.6749985 37.9088015 1 P 0
L 35.79748492 34.46499076 35.92107116 34.46499076 5 P 0
L 35.92107116 34.46499076 36.96296138 35.50688098 5 P 0
L 35.9361994 16.32709206 35.9361994 18.97442738 1 P 0
L 35.9361994 18.97442738 36.40106004 19.43928802 1 P 0
L 36.40106004 19.43928802 37.43445142 19.43928802 1 P 0
L 36.96296138 35.50688098 36.96296138 35.56596138 5 P 0
L 36.96296138 35.56596138 36.9824 35.5854 5 P 0
L 37.1094 14.83360254 37.1094 17.44325696 1 P 0
L 37.1094 14.83360254 40.0812 11.86180254 1 P 0
L 37.1094 17.44325696 37.29800008 17.63185704 1 P 0
L 37.1094 37.0509419 37.1094 40.8932507 1 P 0
L 37.1094 37.0509419 37.719 36.4413419 1 P 0
L 37.1094 40.8932507 40.7931493 44.577 1 P 0
L 37.25604436 33.83309718 37.719 34.29605282 1 P 0
L 37.29800008 17.63185704 37.29800008 18.8214 1 P 0
L 37.4142 37.50048126 37.4142 40.767 1 P 0
L 37.4142 37.50048126 37.66837272 37.24630854 1 P 0
L 37.4142 40.767 40.9194 44.2722 1 P 0
L 37.43445142 19.43928802 37.94999776 18.92374168 1 P 0
L 37.65712052 14.71693272 37.65712052 17.23663812 1 P 0
L 37.65712052 14.71693272 40.386 11.98805324 1 P 0
L 37.65712052 17.23663812 37.67779866 17.25731626 1 P 0
L 37.719 34.29605282 37.719 36.4413419 1 P 0
L 37.94999776 18.1410229 37.94999776 18.92374168 1 P 0
L 38.03019318 25.55879318 43.32600682 25.55879318 5 P 0
L 38.1824611 14.62264284 38.1824611 16.1576131 1 P 0
L 38.1824611 14.62264284 51.19090346 1.61420048 1 P 0
L 38.1824611 16.1576131 38.19052052 16.16567252 1 P 0
L 38.59579784 16.51473456 38.59579784 18.42819784 1 P 0
L 38.59579784 16.51473456 38.78280026 16.32773214 1 P 0
L 38.59579784 18.42819784 38.608 18.4404 1 P 0
L 38.78280026 14.45335438 38.78280026 16.32773214 1 P 0
L 38.78280026 14.45335438 51.31715416 1.91900048 1 P 0
L 38.8874 35.92567872 39.4716 36.50987872 1 P 0
L 39.0398 34.88186064 39.0398 35.32373936 1 P 0
L 39.0398 34.88186064 39.2034014 34.71825924 1 P 0
L 39.0398 35.32373936 39.8018 36.08573936 1 P 0
L 39.2034014 34.33859782 39.2034014 34.71825924 1 P 0
L 39.2034014 34.33859782 39.25199922 34.29 1 P 0
L 39.4716 36.50987872 39.4716 37.6174 1 P 0
L 39.4716 37.6174 39.9796 38.1254 1 P 0
L 39.5420723 14.1281277 39.5420723 15.92370704 1 P 0
L 39.5420723 14.1281277 51.44639952 2.22380048 1 P 0
L 39.5732 35.1028 40.1066 35.6362 1 P 0
L 39.8018 36.08573936 39.8018 37.465 1 P 0
L 39.8018 37.465 40.2844 37.9476 1 P 0
L 39.9034 33.3756 39.9034 34.67866064 1 P 0
L 39.9034 34.67866064 40.4114 35.18666064 1 P 0
L 39.95199782 18.06926282 39.95199782 19.21884904 1 P 0
L 39.95199782 18.06926282 40.39696264 17.624298 1 P 0
L 39.95199782 19.21884904 39.95900314 19.22585436 1 P 0
L 39.9796 38.1254 39.9796 39.4678535 1 P 0
L 39.9796 39.4678535 44.4791465 43.9674 1 P 0
L 40.0812 9.90675184 40.0812 10.0584 1 P 0
L 40.0812 9.90675184 48.98335136 1.00460048 1 P 0
L 40.0812 10.0584 40.0812 11.86180254 1 P 0
L 40.1066 35.6362 40.1066 37.3387493 1 P 0
L 40.1066 37.3387493 40.6146 37.8467493 1 P 0
L 40.2844 37.9476 40.2844 39.3416028 1 P 0
L 40.2844 39.3416028 44.57889738 43.63610018 1 P 0
L 40.386 10.03300254 40.386 11.98805324 1 P 0
L 40.386 10.03300254 49.10960206 1.30940048 1 P 0
L 40.386 15.6217493 40.386 16.37316004 1 P 0
L 40.386 15.6217493 52.5025493 3.5052 1 P 0
L 40.386 16.37316004 40.39439978 16.38155982 1 P 0
L 40.39439978 16.38155982 40.39439978 17.06953914 1 P 0
L 40.39439978 17.06953914 40.39696264 17.072102 1 P 0
L 40.39696264 17.072102 40.39696264 17.624298 1 P 0
L 40.4114 35.18666064 40.4114 37.2124986 1 P 0
L 40.4114 37.2124986 40.9194 37.7204986 1 P 0
L 40.54799866 34.3662 41.529 35.34720134 1 P 0
L 40.6146 37.8467493 40.6146 39.0906 1 P 0
L 40.6146 39.0906 40.6146 39.2407521 1 P 0
L 40.6146 39.2407521 44.70514808 43.33130018 1 P 0
L 40.7931493 44.577 67.89099198 44.577 1 P 0
L 40.9194 15.875 52.9844 3.81 1 P 0
L 40.9194 37.7204986 40.9194 38.9643493 1 P 0
L 40.9194 38.9643493 40.9194 39.1145014 1 P 0
L 40.9194 39.1145014 44.83139878 43.02650018 1 P 0
L 40.9194 44.2722 67.76474128 44.2722 1 P 0
L 40.9448 36.7773077 40.9448 36.8291618 1 P 0
L 40.9448 36.8291618 41.2242 37.1085618 1 P 0
L 41.20205374 33.4515079 41.20205374 34.49645374 1 P 0
L 41.20205374 34.49645374 42.1894 35.4838 1 P 0
L 41.2242 37.1085618 41.2242 38.8380986 1 P 0
L 41.2242 38.8380986 41.2242 38.9882507 1 P 0
L 41.2242 38.9882507 44.95764948 42.72170018 1 P 0
L 41.529 35.34720134 41.529 38.862 1 P 0
L 41.529 38.862 45.08390018 42.41690018 1 P 0
L 41.85466356 34.3947242 41.87240292 34.3947242 1 P 0
L 41.87240292 34.3947242 44.01192112 36.5342424 1 P 0
L 42.0624 37.0332 42.0624 37.6174 1 P 0
L 42.0624 37.6174 43.3578 38.9128 1 P 0
L 42.1894 35.4838 42.1894 36.36592422 1 P 0
L 42.1894 36.36592422 43.31043662 37.48696084 1 P 0
L 42.4942 33.9344 44.4754 35.9156 1 P 0
L 43.07350288 24.94919318 43.1221007 24.90059536 1 P 0
L 43.1221007 24.90059536 43.40000464 24.90059536 1 P 0
L 43.31043662 37.48696084 43.93931014 37.48696084 1 P 0
L 43.32600682 25.55879318 44.19595174 24.68884826 5 P 0
L 43.3324 28.2480004 44.47821686 28.2480004 1 P 0
L 43.3578 38.9128 64.4144 38.9128 1 P 0
L 43.40000464 24.90059536 44.14515174 24.15544826 1 P 0
L 43.4086 26.94800046 44.93106076 26.94800046 1 P 0
L 43.4086 29.55200084 44.41866148 29.55200084 1 P 0
L 43.47852112 36.90070598 43.47865574 36.9008406 1 P 0
L 43.47865574 36.9008406 43.7842406 36.9008406 1 P 0
L 43.4848 30.85200078 44.33940078 30.85200078 1 P 0
L 43.5102 32.14800022 44.94099978 33.5788 1 P 0
L 43.52897822 23.04800064 44.6356232 23.04800064 1 P 0
L 43.68663094 33.07877052 44.75376876 34.14590834 1 P 0
L 43.70333652 20.44800076 45.35441526 20.44800076 1 P 0
L 43.7842406 36.9008406 45.1866 38.3032 1 P 0
L 43.9214006 27.6020022 44.91849792 27.6020022 1 P 0
L 43.93931014 37.48696084 45.0603493 38.608 1 P 0
L 44.01192112 36.5342424 44.01192112 36.66993936 1 P 0
L 44.01192112 36.66993936 45.34038176 37.9984 1 P 0
L 44.0182 26.30200226 44.06679782 26.35060008 1 P 0
L 44.0182 31.50200202 45.0545708 32.53837282 1 P 0
L 44.05163656 19.69816482 45.6732005 19.69816482 1 P 0
L 44.06679782 26.35060008 44.40557032 26.35060008 1 P 0
L 44.0944 21.10199996 45.45505006 21.10199996 1 P 0
L 44.14515174 24.15544826 50.67295428 24.15544826 1 P 0
L 44.15568766 25.64487886 44.22442006 25.64487886 1 P 0
L 44.19595174 24.68884826 45.6184 24.68884826 5 P 0
L 44.22442006 25.64487886 44.42969778 25.43960114 1 P 0
L 44.33940078 30.85200078 44.95897282 31.47157282 1 P 0
L 44.40557032 26.35060008 44.59797024 26.543 1 P 0
L 44.41866148 29.55200084 44.89784772 30.03118708 1 P 0
L 44.42969778 25.43960114 45.20995784 25.43960114 1 P 0
L 44.4754 35.9156 44.76626048 35.9156 1 P 0
L 44.47821686 28.2480004 44.74141674 28.51120028 1 P 0
L 44.4791465 43.9674 45.8724 43.9674 1 P 0
L 44.54532112 36.449 45.78992112 37.6936 1 P 0
L 44.57889738 43.63610018 67.5387397 43.63610018 1 P 0
L 44.59797024 26.543 50.00960534 26.543 1 P 0
L 44.6356232 23.04800064 44.8778884 23.29026584 1 P 0
L 44.70514808 43.33130018 44.85530018 43.33130018 1 P 0
L 44.74141674 28.51120028 45.22440028 28.51120028 1 P 0
L 44.75376876 34.14590834 45.16950834 34.14590834 1 P 0
L 44.76626048 35.9156 46.23946048 37.3888 1 P 0
L 44.78231074 25.97300114 45.31230714 25.97300114 1 P 0
L 44.83139878 43.02650018 44.98155088 43.02650018 1 P 0
L 44.85530018 43.33130018 67.412489 43.33130018 1 P 0
L 44.8564 29.2354 44.87932858 29.2354 1 P 0
L 44.8778884 23.29026584 46.3493993 23.29026584 1 P 0
L 44.87932858 29.2354 45.17319134 29.52926276 1 P 0
L 44.89784772 30.03118708 45.76611116 30.03118708 1 P 0
L 44.91849792 27.6020022 45.99406854 28.67757282 1 P 0
L 44.93106076 26.94800046 45.5928603 27.6098 1 P 0
L 44.94099978 33.5788 46.46667872 33.5788 1 P 0
L 44.95764948 42.72170018 45.10780158 42.72170018 1 P 0
L 44.95897282 31.47157282 46.80652818 31.47157282 1 P 0
L 44.98155088 43.02650018 67.2862383 43.02650018 1 P 0
L 45.0545708 32.53837282 46.90012972 32.53837282 1 P 0
L 45.0603493 38.608 62.8396 38.608 1 P 0
L 45.08390018 42.41690018 62.99309982 42.41690018 1 P 0
L 45.09882776 22.75686584 45.12869308 22.72700052 1 P 0
L 45.10780158 42.72170018 67.00801432 42.72170018 1 P 0
L 45.12869308 22.72700052 46.48161392 22.72700052 1 P 0
L 45.16950834 34.14590834 45.73389634 34.71029634 1 P 0
L 45.17319134 29.52926276 45.78451346 29.52926276 1 P 0
L 45.1866 38.3032 62.71260254 38.3032 1 P 0
L 45.20995784 25.43960114 45.7037567 25.9334 1 P 0
L 45.22440028 28.51120028 46.45757282 29.74437282 1 P 0
L 45.30279992 35.69780008 46.68899984 37.084 1 P 0
L 45.31230714 25.97300114 45.577506 26.2382 1 P 0
L 45.34038176 37.9984 62.58635184 37.9984 1 P 0
L 45.35441526 20.44800076 46.04121602 19.7612 1 P 0
L 45.45505006 21.10199996 45.72905002 20.828 1 P 0
L 45.577506 26.2382 49.88335464 26.2382 1 P 0
L 45.5928603 27.6098 46.86422428 27.6098 1 P 0
L 45.6732005 19.69816482 46.96422662 18.4071387 1 P 0
L 45.7037567 25.9334 49.75710394 25.9334 1 P 0
L 45.72905002 20.828 46.91414544 20.828 1 P 0
L 45.73389634 34.71029634 46.00323794 34.71029634 1 P 0
L 45.76611116 30.03118708 45.9994 30.26447592 1 P 0
L 45.78229858 35.24369634 59.49830366 35.24369634 1 P 0
L 45.78451346 29.52926276 46.3042 30.0489493 1 P 0
L 45.78992112 37.6936 62.43178776 37.6936 1 P 0
L 45.85590778 16.24709476 45.85590778 18.6703716 1 P 0
L 45.85590778 16.24709476 54.78780254 7.3152 1 P 0
L 45.85590778 18.6703716 45.88382746 18.69829128 1 P 0
L 45.8724 43.94090018 67.6649904 43.94090018 1 P 0
L 45.96829516 21.36138476 46.01873702 21.36138476 1 P 0
L 45.99406854 28.67757282 47.08393936 28.67757282 1 P 0
L 45.9994 30.26447592 45.9994 30.6578 1 P 0
L 45.9994 30.6578 46.50837282 31.16677282 1 P 0
L 46.00323794 34.71029634 46.23183794 34.93889634 1 P 0
L 46.00524454 25.3484507 46.28539384 25.6286 1 P 0
L 46.01873702 21.36138476 46.24732178 21.1328 1 P 0
L 46.04121602 19.7612 46.57354922 19.7612 1 P 0
L 46.23183794 34.93889634 59.37205296 34.93889634 1 P 0
L 46.23946048 37.3888 62.30553706 37.3888 1 P 0
L 46.24573936 34.1122 46.7676357 34.63409634 1 P 0
L 46.24732178 21.1328 47.04039614 21.1328 1 P 0
L 46.28539384 25.6286 49.63085324 25.6286 1 P 0
L 46.3042 30.0489493 46.3042 30.49339596 1 P 0
L 46.3042 30.49339596 46.67277686 30.86197282 1 P 0
L 46.3493993 23.29026584 46.75283512 22.88683002 1 P 0
L 46.35260986 20.2946 46.40045076 20.3424409 1 P 0
L 46.40045076 20.3424409 46.96865384 20.3424409 1 P 0
L 46.4058 27.0764 46.44427592 27.0764 1 P 0
L 46.44427592 27.0764 46.6712173 26.84945862 1 P 0
L 46.45757282 29.74437282 47.1303477 29.74437282 1 P 0
L 46.46667872 33.5788 47.21717506 34.32929634 1 P 0
L 46.48161392 22.72700052 46.62658442 22.58203002 1 P 0
L 46.50837282 31.16677282 46.93277888 31.16677282 1 P 0
L 46.57354922 19.7612 46.66178882 19.8494396 1 P 0
L 46.58558882 32.00497282 46.63242134 32.05180534 1 P 0
L 46.60313006 28.14318476 46.67186246 28.14318476 1 P 0
L 46.62658442 22.58203002 47.72666604 22.58203002 1 P 0
L 46.63242134 32.05180534 46.84461294 32.05180534 1 P 0
L 46.66178882 19.8494396 47.03060444 19.8494396 1 P 0
L 46.6712173 26.84945862 50.13793884 26.84945862 1 P 0
L 46.67186246 28.14318476 46.90145052 28.37277282 1 P 0
L 46.67277686 30.86197282 47.05902958 30.86197282 1 P 0
L 46.6819996 33.07458206 46.68761808 33.07458206 1 P 0
L 46.68761808 33.07458206 47.39503602 33.782 1 P 0
L 46.68899984 37.084 62.17928636 37.084 1 P 0
L 46.75283512 22.88683002 47.85291674 22.88683002 1 P 0
L 46.7676357 34.63409634 59.21366364 34.63409634 1 P 0
L 46.80652818 31.47157282 47.32180528 31.98684992 1 P 0
L 46.83853218 19.2871725 53.4103453 12.71535938 1 P 0
L 46.84461294 32.05180534 47.9652076 33.1724 1 P 0
L 46.863 29.21097282 47.232697 29.21097282 1 P 0
L 46.86422428 27.6098 47.3223971 28.06797282 1 P 0
L 46.8990045 23.495 47.67579746 23.495 1 P 0
L 46.90012972 32.53837282 47.8389569 33.4772 1 P 0
L 46.90145052 28.37277282 47.21019006 28.37277282 1 P 0
L 46.91414544 20.828 55.88301498 11.85913046 1 P 0
L 46.93277888 31.16677282 47.23660606 31.4706 1 P 0
L 46.96422662 15.56982662 46.96422662 18.4071387 1 P 0
L 46.96422662 15.56982662 54.91405324 7.62 1 P 0
L 46.96865384 20.3424409 55.57821498 11.73287976 1 P 0
L 46.9771984 30.32857282 47.54224426 29.76352696 1 P 0
L 47.03060444 19.8494396 55.27341498 11.60662906 1 P 0
L 47.04039614 21.1328 56.18781498 11.98538116 1 P 0
L 47.05902958 30.86197282 47.36285676 31.1658 1 P 0
L 47.08393936 28.67757282 47.2554935 28.84912696 1 P 0
L 47.1303477 29.74437282 47.41599356 29.45872696 1 P 0
L 47.21019006 28.37277282 47.3817442 28.54432696 1 P 0
L 47.21717506 34.32929634 59.08741294 34.32929634 1 P 0
L 47.232697 29.21097282 47.28974286 29.15392696 1 P 0
L 47.23660606 31.4706 53.51780254 31.4706 1 P 0
L 47.2554935 28.84912696 49.93572944 28.84912696 1 P 0
L 47.28974286 29.15392696 50.06198014 29.15392696 1 P 0
L 47.32180528 31.98684992 47.32180528 32.09794698 1 P 0
L 47.32180528 32.09794698 47.83708238 32.61322408 1 P 0
L 47.3223971 28.06797282 47.33644076 28.06797282 1 P 0
L 47.33644076 28.06797282 47.48786794 28.2194 1 P 0
L 47.36285676 31.1658 53.39155184 31.1658 1 P 0
L 47.3817442 28.54432696 49.80947874 28.54432696 1 P 0
L 47.39503602 33.782 56.08320508 33.782 1 P 0
L 47.41599356 29.45872696 49.42697252 29.45872696 1 P 0
L 47.48786794 28.2194 49.703355 28.2194 1 P 0
L 47.54224426 29.76352696 49.30072182 29.76352696 1 P 0
L 47.67579746 23.495 52.27319746 18.8976 1 P 0
L 47.72666604 22.58203002 52.02069606 18.288 1 P 0
L 47.83708238 32.61322408 47.83708492 32.61322408 1 P 0
L 47.83708492 32.61322408 48.09146084 32.8676 1 P 0
L 47.8389569 33.4772 55.95695438 33.4772 1 P 0
L 47.85291674 22.88683002 52.14694676 18.5928 1 P 0
L 47.9652076 33.1724 55.83070368 33.1724 1 P 0
L 48.09146084 32.8676 55.70445298 32.8676 1 P 0
L 48.8967526 32.17244772 48.8967526 32.19115228 1 P 0
L 48.8967526 32.19115228 49.26840032 32.5628 1 P 0
L 48.98335136 1.00460048 59.70038606 1.00460048 1 P 0
L 49.10960206 1.30940048 59.57413536 1.30940048 1 P 0
L 49.26840032 32.5628 55.57820228 32.5628 1 P 0
L 49.30072182 29.76352696 49.83939486 30.3022 1 P 0
L 49.42697252 29.45872696 49.96564556 29.9974 1 P 0
L 49.63085324 25.6286 56.43805324 18.8214 1 P 0
L 49.703355 28.2194 50.008155 27.9146 1 P 0
L 49.75710394 25.9334 56.56430394 19.1262 1 P 0
L 49.80947874 28.54432696 50.1344057 28.2194 1 P 0
L 49.83939486 30.3022 53.82410114 30.3022 1 P 0
L 49.88335464 26.2382 56.69055464 19.431 1 P 0
L 49.93572944 28.84912696 50.2606564 28.5242 1 P 0
L 49.96564556 29.9974 53.69785044 29.9974 1 P 0
L 50.008155 27.9146 51.24962572 27.9146 1 P 0
L 50.00960534 26.543 56.81680534 19.7358 1 P 0
L 50.06198014 29.15392696 50.3869071 28.829 1 P 0
L 50.1344057 28.2194 51.12337502 28.2194 1 P 0
L 50.13793884 26.84945862 56.94679746 20.0406 1 P 0
L 50.2606564 28.5242 50.99712432 28.5242 1 P 0
L 50.3869071 28.829 50.87087362 28.829 1 P 0
L 50.67295428 24.15544826 56.31180254 18.5166 1 P 0
L 50.87087362 28.829 51.17567362 29.1338 1 P 0
L 50.99712432 28.5242 51.30192432 28.829 1 P 0
L 51.12337502 28.2194 51.42817502 28.5242 1 P 0
L 51.17567362 29.1338 53.0075521 29.1338 1 P 0
L 51.19090346 1.61420048 59.44788466 1.61420048 1 P 0
L 51.24962572 27.9146 51.55442572 28.2194 1 P 0
L 51.30192432 28.829 52.8813014 28.829 1 P 0
L 51.31715416 1.91900048 59.32163396 1.91900048 1 P 0
L 51.42817502 28.5242 52.7550507 28.5242 1 P 0
L 51.44639952 2.22380048 59.19538326 2.22380048 1 P 0
L 51.55442572 28.2194 52.6288 28.2194 1 P 0
L 52.02069606 18.288 53.7464 18.288 1 P 0
L 52.14694676 18.5928 53.8726507 18.5928 1 P 0
L 52.27319746 18.8976 53.9989014 18.8976 1 P 0
L 52.5025493 3.5052 59.08238374 3.5052 1 P 0
L 52.6288 28.2194 57.023 23.8252 1 P 0
L 52.7550507 28.5242 57.10425714 24.17499356 1 P 0
L 52.8813014 28.829 57.23050784 24.47979356 1 P 0
L 52.9844 3.81 59.20863444 3.81 1 P 0
L 53.0075521 29.1338 57.35675854 24.78459356 1 P 0
L 53.39155184 31.1658 58.72555184 25.8318 1 P 0
L 53.4103453 12.63190514 53.4103453 12.71535938 1 P 0
L 53.4103453 12.63190514 56.77125044 9.271 1 P 0
L 53.51780254 31.4706 58.85180254 26.1366 1 P 0
L 53.69785044 29.9974 58.47305044 25.2222 1 P 0
L 53.7464 18.288 56.6928 15.3416 1 P 0
L 53.82410114 30.3022 58.59930114 25.527 1 P 0
L 53.8726507 18.5928 56.2856507 16.1798 1 P 0
L 53.9989014 18.8976 56.4119014 16.4846 1 P 0
L 54.78780254 7.3152 64.2104507 7.3152 1 P 0
L 54.91405324 7.62 64.04678326 7.62 1 P 0
L 55.27341498 11.19988616 55.27341498 11.60662906 1 P 0
L 55.27341498 11.19988616 56.89750114 9.5758 1 P 0
L 55.57820228 32.5628 61.05060688 27.0903954 1 P 0
L 55.57821498 11.32613686 55.57821498 11.73287976 1 P 0
L 55.57821498 11.32613686 57.02375184 9.8806 1 P 0
L 55.70445298 32.8676 61.17685758 27.3951954 1 P 0
L 55.83070368 33.1724 61.30310828 27.6999954 1 P 0
L 55.88301498 11.45238756 55.88301498 11.85913046 1 P 0
L 55.88301498 11.45238756 57.15000254 10.1854 1 P 0
L 55.95695438 33.4772 60.93415804 28.49999634 1 P 0
L 56.08320508 33.782 60.56521034 29.29999474 1 P 0
L 56.18781498 11.57938502 56.18781498 11.98538116 1 P 0
L 56.18781498 11.57938502 57.19567682 10.57152318 1 P 0
L 56.2856507 16.1798 61.4853482 16.1798 1 P 0
L 56.31180254 18.5166 57.99044536 18.5166 1 P 0
L 56.4119014 16.4846 61.6115989 16.4846 1 P 0
L 56.43805324 18.8214 58.1166986 18.8214 1 P 0
L 56.56430394 19.1262 58.2429493 19.1262 1 P 0
L 56.69055464 19.431 58.3692 19.431 1 P 0
L 56.6928 11.6332 56.6928 15.3416 1 P 0
L 56.6928 11.6332 57.4294 10.8966 1 P 0
L 56.77125044 9.271 64.39639648 9.271 1 P 0
L 56.81680534 19.7358 60.4012 19.7358 1 P 0
L 56.89750114 9.5758 64.27014578 9.5758 1 P 0
L 56.94679746 20.0406 62.3373277 20.0406 1 P 0
L 57.023 23.8252 57.2792479 23.8252 1 P 0
L 57.02375184 9.8806 64.14389508 9.8806 1 P 0
L 57.10425714 24.17499356 57.36050504 24.17499356 1 P 0
L 57.15000254 10.1854 62.62540434 10.1854 1 P 0
L 57.19567682 10.57152318 62.18823986 10.57152318 1 P 0
L 57.23050784 24.47979356 57.48675574 24.47979356 1 P 0
L 57.2792479 23.8252 60.2402529 20.864195 1 P 0
L 57.35675854 24.78459356 57.61300644 24.78459356 1 P 0
L 57.36050504 24.17499356 60.3665036 21.168995 1 P 0
L 57.4294 10.8966 59.06972184 10.8966 1 P 0
L 57.48675574 24.47979356 60.4927543 21.473795 1 P 0
L 57.61300644 24.78459356 60.619005 21.778595 1 P 0
L 57.99044536 18.5166 59.71764536 16.7894 1 P 0
L 58.1166986 18.8214 59.8438986 17.0942 1 P 0
L 58.2429493 19.1262 59.9701493 17.399 1 P 0
L 58.3692 19.431 60.0964 17.7038 1 P 0
L 58.47305044 25.2222 60.07724586 25.2222 1 P 0
L 58.59930114 25.527 60.38797168 25.527 1 P 0
L 58.72555184 25.8318 62.00083104 25.8318 1 P 0
L 58.85180254 26.1366 62.21134116 26.1366 1 P 0
L 59.06972184 10.8966 59.09512184 10.922 1 P 0
L 59.08238374 3.5052 59.82258546 2.76499828 1 P 0
L 59.08741294 34.32929634 62.99531216 30.42139712 1 P 0
L 59.09512184 10.922 61.71795124 10.922 1 P 0
L 59.19538326 2.22380048 59.28298278 2.3114 1 P 0
L 59.20863444 3.81 59.94883616 3.06979828 1 P 0
L 59.21366364 34.63409634 62.94393812 30.90382186 1 P 0
L 59.28298278 2.3114 67.903217 2.3114 1 P 0
L 59.32163396 1.91900048 59.40923348 2.0066 1 P 0
L 59.37205296 34.93889634 62.61095428 31.69999502 1 P 0
L 59.40923348 2.0066 68.0294677 2.0066 1 P 0
L 59.44788466 1.61420048 59.53548418 1.7018 1 P 0
L 59.49830366 35.24369634 62.24200404 32.49999596 1 P 0
L 59.53548418 1.7018 68.1557184 1.7018 1 P 0
L 59.57413536 1.30940048 59.66173488 1.397 1 P 0
L 59.66173488 1.397 68.2819691 1.397 1 P 0
L 59.70038606 1.00460048 59.78798558 1.0922 1 P 0
L 59.71764536 16.7894 61.7378496 16.7894 1 P 0
L 59.78798558 1.0922 68.4082198 1.0922 1 P 0
L 59.82258546 2.76499828 67.92576458 2.76499828 1 P 0
L 59.8438986 17.0942 61.8641003 17.0942 1 P 0
L 59.94883616 3.06979828 67.79951388 3.06979828 1 P 0
L 59.9701493 17.399 61.990351 17.399 1 P 0
L 60.07724586 25.2222 62.39944848 22.89999738 1 P 0
L 60.0964 17.7038 62.22097284 17.7038 1 P 0
L 60.2402529 20.864195 61.9447834 20.864195 1 P 0
L 60.3665036 21.168995 62.17109232 21.168995 1 P 0
L 60.38797168 25.527 62.2149759 23.69999578 1 P 0
L 60.4012 19.7358 61.0108 19.1262 1 P 0
L 60.40853806 35.85673042 62.50866848 33.7566 2 P 0
L 60.4927543 21.473795 62.50554682 21.473795 1 P 0
L 60.56521034 29.29999474 63.84000186 29.29999474 1 P 0
L 60.619005 21.778595 63.0769249 21.778595 1 P 0
L 60.93415804 28.49999634 63.84000186 28.49999634 1 P 0
L 61.0108 18.48292214 61.0108 19.1262 1 P 0
L 61.0108 18.48292214 61.48512214 18.0086 1 P 0
L 61.05060688 27.0903954 61.68859646 27.0903954 1 P 0
L 61.17685758 27.3951954 62.10207544 27.3951954 1 P 0
L 61.30310828 27.6999954 63.84000186 27.6999954 1 P 0
L 61.48512214 18.0086 63.74860504 18.0086 1 P 0
L 61.4853482 16.1798 62.25180082 15.41334738 1 P 0
L 61.6115989 16.4846 62.55660082 15.53959808 1 P 0
L 61.68859646 27.0903954 62.66344846 26.1155434 1 P 0
L 61.71795124 10.922 62.97454766 12.17859642 1 P 0
L 61.7378496 16.7894 62.86140082 15.66584878 1 P 0
L 61.8641003 17.0942 62.93690486 16.02139544 1 P 0
L 61.9447834 20.864195 62.93518274 19.87379566 1 P 0
L 61.990351 17.399 62.88935606 16.49999494 1 P 0
L 62.00083104 25.8318 62.86140082 24.97123022 1 P 0
L 62.10207544 27.3951954 62.59727638 26.89999446 1 P 0
L 62.17109232 21.168995 62.84009022 20.4999971 1 P 0
L 62.17928636 37.084 64.95220182 34.31108454 1 P 0
L 62.18823986 10.57152318 62.99531216 11.37859548 1 P 0
L 62.21134116 26.1366 62.874144 25.47379716 1 P 0
L 62.2149759 23.69999578 63.84000186 23.69999578 1 P 0
L 62.22097284 17.7038 62.62477696 17.29999588 1 P 0
L 62.24200404 32.49999596 63.84000186 32.49999596 1 P 0
L 62.25180082 15.10280698 62.25180082 15.41334738 1 P 0
L 62.25180082 15.10280698 62.484 14.8706078 1 P 0
L 62.30553706 37.3888 65.25700182 34.43733524 1 P 0
L 62.3373277 20.0406 62.86140082 19.51652688 1 P 0
L 62.39944848 22.89999738 63.84000186 22.89999738 1 P 0
L 62.43178776 37.6936 65.56180182 34.56358594 1 P 0
L 62.484 14.13270732 62.484 14.8706078 1 P 0
L 62.484 14.13270732 62.99531216 13.62139516 1 P 0
L 62.50554682 21.473795 62.67934632 21.2999955 1 P 0
L 62.50866848 33.7566 63.1444 33.7566 2 P 0
L 62.55660082 15.22905768 62.55660082 15.53959808 1 P 0
L 62.55660082 15.22905768 62.7888 14.9968585 1 P 0
L 62.58635184 37.9984 65.86660182 34.71815002 1 P 0
L 62.59727638 26.89999446 63.84000186 26.89999446 1 P 0
L 62.61095428 31.69999502 63.84000186 31.69999502 1 P 0
L 62.62477696 17.29999588 63.84000186 17.29999588 1 P 0
L 62.62540434 10.1854 63.34000032 10.89999598 1 P 0
L 62.66344846 26.1155434 63.82445452 26.1155434 1 P 0
L 62.67934632 21.2999955 63.84000186 21.2999955 1 P 0
L 62.71260254 38.3032 66.17140182 34.84440072 1 P 0
L 62.7888 14.62790826 62.7888 14.9968585 1 P 0
L 62.7888 14.62790826 62.99531216 14.4213961 1 P 0
L 62.8396 38.608 66.5030039 34.9445961 1 P 0
L 62.84009022 20.4999971 63.84000186 20.4999971 1 P 0
L 62.86139828 19.35531054 62.86140082 19.355308 1 P 0
L 62.86140082 15.35530838 62.86140082 15.66584878 1 P 0
L 62.86140082 15.35530838 62.99531216 15.22139704 1 P 0
L 62.86140082 19.35530546 62.86140082 19.355308 1 P 0
L 62.86140082 19.355308 62.86140082 19.51652688 1 P 0
L 62.86140082 19.355308 62.99531216 19.22139666 1 P 0
L 62.86140082 24.9553095 62.86140082 24.97123022 1 P 0
L 62.86140082 24.9553095 62.99531216 24.82139816 1 P 0
L 62.874144 25.47379716 63.66620236 25.47379716 1 P 0
L 62.88935606 16.49999494 63.84000186 16.49999494 1 P 0
L 62.93518274 19.87379566 63.16620082 19.87379566 1 P 0
L 62.93690486 16.02139544 63.01860142 16.02139544 1 P 0
L 62.94393812 30.90382186 63.83617662 30.90382186 1 P 0
L 62.97454766 12.17859642 63.01860142 12.17859642 1 P 0
L 62.99309982 42.41690018 64.60969044 40.80030956 1 P 0
L 62.99531216 11.37859548 63.01859888 11.37859548 1 P 0
L 62.99531216 13.62139516 63.01860142 13.62139516 1 P 0
L 62.99531216 14.4213961 63.01859888 14.4213961 1 P 0
L 62.99531216 15.22139704 63.01859888 15.22139704 1 P 0
L 62.99531216 19.22139666 63.01859888 19.22139666 1 P 0
L 62.99531216 24.82139816 63.01859634 24.82139816 1 P 0
L 62.99531216 30.42139712 63.01859888 30.42139712 1 P 0
L 63.01859634 24.82139816 63.34000032 24.49999418 1 P 0
L 63.01859888 11.37859548 63.34000032 11.69999692 1 P 0
L 63.01859888 14.4213961 63.34000032 14.09999466 1 P 0
L 63.01859888 15.22139704 63.34000032 14.8999956 1 P 0
L 63.01859888 19.22139666 63.34000032 18.89999522 1 P 0
L 63.01859888 30.42139712 63.34000032 30.09999568 1 P 0
L 63.01860142 12.17859642 63.34000032 12.49999532 1 P 0
L 63.01860142 13.62139516 63.34000032 13.29999626 1 P 0
L 63.01860142 16.02139544 63.34000032 15.69999654 1 P 0
L 63.0769249 21.778595 63.16620082 21.86787092 1 P 0
L 63.1444 33.7566 63.9826 33.7566 4 P 0
L 63.16620082 19.87379566 63.34000032 19.69999616 1 P 0
L 63.16620082 21.86787092 63.16620082 21.92619694 1 P 0
L 63.16620082 21.92619694 63.34000032 22.09999644 1 P 0
L 63.34000032 10.89999598 63.84000186 10.89999598 1 P 0
L 63.34000032 11.69999692 63.84000186 11.69999692 1 P 0
L 63.34000032 12.49999532 63.84000186 12.49999532 1 P 0
L 63.34000032 13.29999626 63.84000186 13.29999626 1 P 0
L 63.34000032 14.09999466 63.84000186 14.09999466 1 P 0
L 63.34000032 14.8999956 63.84000186 14.8999956 1 P 0
L 63.34000032 15.69999654 63.84000186 15.69999654 1 P 0
L 63.34000032 18.89999522 63.84000186 18.89999522 1 P 0
L 63.34000032 19.69999616 63.84000186 19.69999616 1 P 0
L 63.34000032 22.09999644 63.84000186 22.09999644 1 P 0
L 63.34000032 24.49999418 63.84000186 24.49999418 1 P 0
L 63.34000032 30.09999568 63.84000186 30.09999568 1 P 0
L 63.66620236 25.47379716 63.84000186 25.29999766 1 P 0
L 63.74860504 18.0086 63.84000186 18.09999682 1 P 0
L 63.82445452 26.1155434 63.84000186 26.09999606 1 P 0
L 63.83617662 30.90382186 63.84000186 30.89999662 1 P 0
L 64.04678326 7.62 64.6684 8.24161674 1 P 0
L 64.14389508 9.8806 66.0654 11.80210492 1 P 0
L 64.2104507 7.3152 65.01899874 8.12374804 1 P 0
L 64.27014578 9.5758 66.3702 11.67585422 1 P 0
L 64.39639648 9.271 66.675 11.54960352 1 P 0
L 64.4144 38.9128 65.86700314 37.46019686 1 P 0
L 64.60969044 39.22954308 64.60969044 40.80030956 1 P 0
L 64.60969044 39.22954308 66.07423666 37.76499686 1 P 0
L 64.6684 8.24161674 64.6684 9.11195282 1 P 0
L 64.6684 9.11195282 67.25644664 11.69999946 1 P 0
L 64.95220182 28.69759818 64.95220182 34.31108454 1 P 0
L 64.95220182 28.69759818 67.22839996 26.42140004 1 P 0
L 65.01899874 8.12374804 65.01899874 8.98659874 1 P 0
L 65.01899874 8.98659874 66.93240106 10.90000106 1 P 0
L 65.25700182 29.10399818 65.25700182 34.43733524 1 P 0
L 65.25700182 29.10399818 67.13959902 27.22140098 1 P 0
L 65.56180182 29.61199818 65.56180182 34.56358594 1 P 0
L 65.56180182 29.61199818 67.15239808 28.02140192 1 P 0
L 65.86660182 30.20800918 65.86660182 34.71815002 1 P 0
L 65.86660182 30.20800918 67.25321068 28.82140032 1 P 0
L 65.86700314 37.46019686 66.2443049 37.46019686 1 P 0
L 66.0654 11.80210492 66.0654 12.7254 1 P 0
L 66.0654 12.7254 67.29075696 13.95075696 1 P 0
L 66.07423666 37.76499686 66.3705556 37.76499686 1 P 0
L 66.17140182 30.76531058 66.17140182 34.84440072 1 P 0
L 66.17140182 30.76531058 67.31531114 29.62140126 1 P 0
L 66.2443049 37.46019686 66.81940154 36.88510022 1 P 0
L 66.3702 11.67585422 66.3702 12.2174 1 P 0
L 66.3702 12.2174 67.29715522 13.14435522 1 P 0
L 66.3705556 37.76499686 67.1576 36.97795246 1 P 0
L 66.5030039 31.1716039 66.5030039 34.9445961 1 P 0
L 66.5030039 31.1716039 67.40080754 30.27380026 1 P 0
L 66.675 11.54960352 66.675 11.8872 1 P 0
L 66.675 11.8872 67.27067318 12.48287318 1 P 0
L 66.81940154 31.74059946 66.81940154 36.88510022 1 P 0
L 66.81940154 31.74059946 67.18139726 31.37860374 1 P 0
L 66.93240106 10.90000106 68.16000084 10.90000106 1 P 0
L 67.00801432 42.72170018 69.4944 40.2353145 1 P 0
L 67.13959902 27.22140098 67.33859532 27.22140098 1 P 0
L 67.15239808 28.02140192 67.33859532 28.02140192 1 P 0
L 67.1576 32.17911014 67.1576 36.97795246 1 P 0
L 67.1576 32.17911014 67.3153086 32.02140154 1 P 0
L 67.18139726 31.35531194 67.18139726 31.37860374 1 P 0
L 67.18139726 31.35531194 67.3153086 31.2214006 1 P 0
L 67.22839996 26.42140004 67.3386004 26.42140004 1 P 0
L 67.25321068 28.82140032 67.3386004 28.82140032 1 P 0
L 67.25644664 11.69999946 68.1599983 11.69999946 1 P 0
L 67.27067318 12.48287318 68.14287108 12.48287318 1 P 0
L 67.2862383 43.02650018 69.7992 40.51353848 1 P 0
L 67.29075696 13.95075696 68.01075806 13.95075696 1 P 0
L 67.29715522 13.14435522 68.00435218 13.14435522 1 P 0
L 67.3153086 31.2214006 67.3386004 31.2214006 1 P 0
L 67.3153086 32.02140154 67.33859532 32.02140154 1 P 0
L 67.31531114 29.62140126 67.33859786 29.62140126 1 P 0
L 67.33859532 27.22140098 67.65999676 26.89999954 1 P 0
L 67.33859532 28.02140192 67.65999676 27.70000048 1 P 0
L 67.33859532 32.02140154 67.65999676 31.7000001 1 P 0
L 67.33859786 29.62140126 67.6599993 29.29999982 1 P 0
L 67.3386004 26.42140004 67.6599993 26.10000114 1 P 0
L 67.3386004 28.82140032 67.6599993 28.50000142 1 P 0
L 67.3386004 31.2214006 67.6599993 30.9000017 1 P 0
L 67.40080754 30.27380026 67.98620134 30.27380026 1 P 0
L 67.412489 43.33130018 70.104 40.63978918 1 P 0
L 67.5387397 43.63610018 70.4342 40.74063988 1 P 0
L 67.65999676 26.89999954 68.1599983 26.89999954 1 P 0
L 67.65999676 27.70000048 68.1599983 27.70000048 1 P 0
L 67.65999676 31.7000001 68.1599983 31.7000001 1 P 0
L 67.6599993 26.10000114 68.16000084 26.10000114 1 P 0
L 67.6599993 28.50000142 68.16000084 28.50000142 1 P 0
L 67.6599993 29.29999982 68.16000084 29.29999982 1 P 0
L 67.6599993 30.9000017 68.50092218 30.9000017 1 P 0
L 67.6649904 43.94090018 70.739 40.86689058 1 P 0
L 67.76474128 44.2722 71.0438 40.99314128 1 P 0
L 67.79951388 3.06979828 69.5198 4.7900844 1 P 0
L 67.89099198 44.577 71.3486 41.11939198 1 P 0
L 67.903217 2.3114 69.5398025 3.9479855 1 P 0
L 67.92576458 2.76499828 69.8246 4.6638337 1 P 0
L 67.98620134 30.27380026 68.16000084 30.10000076 1 P 0
L 68.00435218 13.14435522 68.1599983 13.30000134 1 P 0
L 68.01075806 13.95075696 68.16000084 14.09999974 1 P 0
L 68.0294677 2.0066 69.6901578 3.6672901 1 P 0
L 68.1228 33.5788 68.1228 34.0496017 2 P 0
L 68.12869788 34.13130588 68.1599983 34.10000546 6 P 0
L 68.12869788 34.13130588 68.16679788 34.16940588 2 P 0
L 68.14287108 12.48287318 68.1599983 12.5000004 1 P 0
L 68.1557184 1.7018 70.1494025 3.6954841 1 P 0
L 68.1599983 17.30000096 68.3337978 17.12620146 1 P 0
L 68.1599983 18.1000019 68.3337978 17.9262024 1 P 0
L 68.1599983 22.09999898 68.65999984 22.09999898 1 P 0
L 68.16000084 14.90000068 68.66000238 14.90000068 1 P 0
L 68.16000084 15.70000162 68.17492842 15.68507404 1 P 0
L 68.16000084 16.50000002 68.26995744 16.39004342 1 P 0
L 68.16000084 18.9000003 68.33380034 18.7262008 1 P 0
L 68.16000084 19.6999987 68.20823544 19.6517641 1 P 0
L 68.16000084 20.50000218 68.27152462 20.61152596 1 P 0
L 68.16000084 21.30000058 68.66000238 21.30000058 1 P 0
L 68.16000084 22.89999992 68.66000238 22.89999992 1 P 0
L 68.16000084 23.70000086 68.66000238 23.70000086 1 P 0
L 68.16000084 24.49999926 68.66000238 24.49999926 1 P 0
L 68.16000084 25.3000002 68.66000238 25.3000002 1 P 0
L 68.16679788 34.16940588 68.16679788 34.94359788 2 P 0
L 68.16679788 34.94359788 68.1736 34.9504 2 P 0
L 68.17492842 15.68507404 69.04932596 15.68507404 1 P 0
L 68.20823544 19.6517641 69.1212359 19.6517641 1 P 0
L 68.26995744 16.39004342 69.04932596 16.39004342 1 P 0
L 68.27152462 20.61152596 69.04932596 20.61152596 1 P 0
L 68.2819691 1.397 71.0438 4.1588309 1 P 0
L 68.3337978 17.12620146 69.05599854 17.12620146 1 P 0
L 68.3337978 17.9262024 69.2719976 17.9262024 1 P 0
L 68.33380034 18.7262008 69.33560174 18.7262008 1 P 0
L 68.4082198 1.0922 71.374 4.0579802 1 P 0
L 68.65999984 22.09999898 68.98140128 22.42140042 1 P 0
L 68.66000238 14.90000068 68.98140382 14.57859924 1 P 0
L 68.66000238 21.30000058 68.98140128 21.62139948 1 P 0
L 68.66000238 22.89999992 68.98140382 23.22140136 1 P 0
L 68.66000238 23.70000086 68.98140128 24.02139976 1 P 0
L 68.66000238 24.49999926 68.98140382 24.8214007 1 P 0
L 68.66000238 25.3000002 68.98140382 25.62140164 1 P 0
L 68.98140128 21.62139948 69.004688 21.62139948 1 P 0
L 68.98140128 22.42140042 69.00469054 22.42140042 1 P 0
L 68.98140128 24.02139976 69.00469054 24.02139976 1 P 0
L 68.98140382 14.57859924 69.00469054 14.57859924 1 P 0
L 68.98140382 23.22140136 69.00469054 23.22140136 1 P 0
L 68.98140382 24.8214007 69.00469054 24.8214007 1 P 0
L 68.98140382 25.62140164 69.00469054 25.62140164 1 P 0
L 69.004688 21.62139948 71.0438 23.66051148 1 P 0
L 69.00469054 14.57859924 69.5198 14.06348978 1 P 0
L 69.00469054 22.42140042 70.739 24.15570988 1 P 0
L 69.00469054 23.22140136 70.4342 24.65091082 1 P 0
L 69.00469054 24.02139976 70.104 25.12070922 1 P 0
L 69.00469054 24.8214007 69.13860188 24.95531204 1 P 0
L 69.00469054 25.62140164 69.4944 26.1111111 1 P 0
L 69.04932596 15.68507404 69.27804026 15.45635974 1 P 0
L 69.04932596 16.39004342 70.1294 15.30996938 1 P 0
L 69.04932596 20.61152596 71.3486 22.9108 1 P 0
L 69.05599854 17.12620146 70.4342 15.748 1 P 0
L 69.1212359 19.6517641 71.374 17.399 1 P 0
L 69.13860188 24.95531204 69.13860188 24.97859876 1 P 0
L 69.13860188 24.97859876 69.7992 25.63919688 1 P 0
L 69.2719976 17.9262024 70.739 16.4592 1 P 0
L 69.27804026 15.45635974 69.2780428 15.45635974 1 P 0
L 69.2780428 15.45635974 69.8246 14.90980254 1 P 0
L 69.33560174 18.7262008 71.0692 16.99260254 1 P 0
L 69.4944 26.1111111 69.4944 40.2353145 1 P 0
L 69.5198 4.7900844 69.5198 14.06348978 1 P 0
L 69.5398025 3.9479855 70.1294 4.537583 1 P 0
L 69.6901578 3.6672901 69.8446025 3.8217348 1 P 0
L 69.7992 25.63919688 69.7992 40.51353848 1 P 0
L 69.8246 4.6638337 69.8246 14.90980254 1 P 0
L 69.8446025 3.8217348 70.4342 4.4113323 1 P 0
L 70.104 25.12070922 70.104 40.63978918 1 P 0
L 70.1294 4.537583 70.1294 15.30996938 1 P 0
L 70.1494025 3.6954841 70.739 4.2850816 1 P 0
L 70.4342 4.4113323 70.4342 15.748 1 P 0
L 70.4342 24.65091082 70.4342 40.74063988 1 P 0
L 70.739 4.2850816 70.739 16.4592 1 P 0
L 70.739 24.15570988 70.739 40.86689058 1 P 0
L 71.0438 4.1588309 71.0438 4.26794676 1 P 0
L 71.0438 4.26794676 71.0692 4.29334676 1 P 0
L 71.0438 23.66051148 71.0438 40.99314128 1 P 0
L 71.0692 4.29334676 71.0692 16.99260254 1 P 0
L 71.3486 22.9108 71.3486 41.11939198 1 P 0
L 71.374 4.0579802 71.374 17.399 1 P 0
P 3.84000248 10.89999598 0 P 0 0 ;0=0,1=0,2
P 3.84000248 11.69999692 0 P 0 0 ;0=0,1=0,2
P 3.84000248 12.49999532 0 P 0 0 ;0=0,1=0,2
P 3.84000248 13.29999626 0 P 0 0 ;0=0,1=0,2
P 3.84000248 14.09999466 0 P 0 0 ;0=0,1=0,2
P 3.84000248 14.8999956 0 P 0 0 ;0=0,1=0,2
P 3.84000248 15.69999654 0 P 0 0 ;0=0,1=0,2
P 3.84000248 16.49999494 0 P 0 0 ;0=0,1=0,2
P 3.84000248 17.29999588 0 P 0 0 ;0=0,1=0,2
P 3.84000248 18.09999682 0 P 0 0 ;0=0,1=0,2
P 3.84000248 18.89999522 0 P 0 0 ;0=0,1=0,2
P 3.84000248 19.69999616 0 P 0 0 ;0=0,1=0,2
P 3.84000248 20.4999971 0 P 0 0 ;0=0,1=0,2
P 3.84000248 21.2999955 0 P 0 0 ;0=0,1=0,2
P 3.84000248 22.09999644 0 P 0 0 ;0=0,1=0,2
P 3.84000248 22.89999738 0 P 0 0 ;0=0,1=0,2
P 3.84000248 23.69999578 0 P 0 0 ;0=0,1=0,2
P 3.84000248 24.49999418 0 P 0 0 ;0=0,1=0,2
P 3.84000248 25.29999766 0 P 0 0 ;0=0,1=0,2
P 3.84000248 26.09999606 0 P 0 0 ;0=0,1=0,2
P 3.84000248 26.89999446 0 P 0 0 ;0=0,1=0,2
P 3.84000248 27.6999954 0 P 0 0 ;0=0,1=0,2
P 3.84000248 28.49999634 0 P 0 0 ;0=0,1=0,2
P 3.84000248 29.29999474 0 P 0 0 ;0=0,1=0,2
P 3.84000248 30.09999568 0 P 0 0 ;0=0,1=0,2
P 3.84000248 30.89999662 0 P 0 0 ;0=0,1=0,2
P 3.84000248 31.69999502 0 P 0 0 ;0=0,1=0,2
P 3.84000248 32.49999596 0 P 0 0 ;0=0,1=0,2
P 3.84000248 33.2999969 0 P 0 0 ;0=0,1=0,2
P 3.84000248 34.0999953 0 P 0 0 ;0=0,1=0,2
P 5.00000016 5.00000016 14 P 0 0 ;0=5,1=0
P 5.00000016 39.99999874 14 P 0 0 ;0=5,1=0
P 8.16000146 10.90000106 0 P 0 0 ;0=0,1=0,2
P 8.16000146 11.69999946 0 P 0 0 ;0=0,1=0,2
P 8.16000146 12.5000004 0 P 0 0 ;0=0,1=0,2
P 8.16000146 13.30000134 0 P 0 0 ;0=0,1=0,2
P 8.16000146 14.09999974 0 P 0 0 ;0=0,1=0,2
P 8.16000146 14.90000068 0 P 0 0 ;0=0,1=0,2
P 8.16000146 15.70000162 0 P 0 0 ;0=0,1=0,2
P 8.16000146 16.50000002 0 P 0 0 ;0=0,1=0,2
P 8.16000146 17.30000096 0 P 0 0 ;0=0,1=0,2
P 8.16000146 18.1000019 0 P 0 0 ;0=0,1=0,2
P 8.16000146 18.9000003 0 P 0 0 ;0=0,1=0,2
P 8.16000146 19.6999987 0 P 0 0 ;0=0,1=0,2
P 8.16000146 20.50000218 0 P 0 0 ;0=0,1=0,2
P 8.16000146 21.30000058 0 P 0 0 ;0=0,1=0,2
P 8.16000146 22.09999898 0 P 0 0 ;0=0,1=0,2
P 8.16000146 22.89999992 0 P 0 0 ;0=0,1=0,2
P 8.16000146 23.70000086 0 P 0 0 ;0=0,1=0,2
P 8.16000146 24.49999926 0 P 0 0 ;0=0,1=0,2
P 8.16000146 25.3000002 0 P 0 0 ;0=0,1=0,2
P 8.16000146 26.10000114 0 P 0 0 ;0=0,1=0,2
P 8.16000146 26.89999954 0 P 0 0 ;0=0,1=0,2
P 8.16000146 27.70000048 0 P 0 0 ;0=0,1=0,2
P 8.16000146 28.50000142 0 P 0 0 ;0=0,1=0,2
P 8.16000146 29.29999982 0 P 0 0 ;0=0,1=0,2
P 8.16000146 30.10000076 0 P 0 0 ;0=0,1=0,2
P 8.16000146 30.9000017 0 P 0 0 ;0=0,1=0,2
P 8.16000146 31.7000001 0 P 0 0 ;0=0,1=0,2
P 8.16000146 32.50000104 0 P 0 0 ;0=0,1=0,2
P 8.16000146 33.29999944 0 P 0 0 ;0=0,1=0,2
P 8.16000146 34.10000038 0 P 0 0 ;0=0,1=0,2
P 8.8392 4.2164 13 P 0 0 ;0=4,1=0
P 8.8392 6.7564 13 P 0 0 ;0=4,1=0
P 11.3792 4.2164 13 P 0 0 ;0=4,1=0
P 11.3792 6.7564 13 P 0 0 ;0=4,1=0
P 13.9192 4.2164 13 P 0 0 ;0=4,1=0
P 13.9192 6.7564 13 P 0 0 ;0=4,1=0
P 16.4592 4.2164 13 P 0 0 ;0=4,1=0
P 16.4592 6.7564 13 P 0 0 ;0=4,1=0
P 18.9992 4.2164 13 P 0 0 ;0=4,1=0
P 18.9992 6.7564 12 P 0 0 ;0=4,1=0
P 31.6667642 6.9559932 9 P 0 0 ;0=2,1=0
P 31.666815 2.755773 11 P 0 0 ;0=3,1=0
P 40.3166834 6.9560186 10 P 0 0 ;0=2,1=0
P 40.316785 2.755773 11 P 0 0 ;0=3,1=0
P 59.6392 40.9194 7 P 0 0 ;0=1,1=0
P 62.1792 40.9194 8 P 0 0 ;0=1,1=0
P 63.84000186 10.89999598 0 P 0 0 ;0=0,1=0,2
P 63.84000186 11.69999692 0 P 0 0 ;0=0,1=0,2
P 63.84000186 12.49999532 0 P 0 0 ;0=0,1=0,2
P 63.84000186 13.29999626 0 P 0 0 ;0=0,1=0,2
P 63.84000186 14.09999466 0 P 0 0 ;0=0,1=0,2
P 63.84000186 14.8999956 0 P 0 0 ;0=0,1=0,2
P 63.84000186 15.69999654 0 P 0 0 ;0=0,1=0,2
P 63.84000186 16.49999494 0 P 0 0 ;0=0,1=0,2
P 63.84000186 17.29999588 0 P 0 0 ;0=0,1=0,2
P 63.84000186 18.09999682 0 P 0 0 ;0=0,1=0,2
P 63.84000186 18.89999522 0 P 0 0 ;0=0,1=0,2
P 63.84000186 19.69999616 0 P 0 0 ;0=0,1=0,2
P 63.84000186 20.4999971 0 P 0 0 ;0=0,1=0,2
P 63.84000186 21.2999955 0 P 0 0 ;0=0,1=0,2
P 63.84000186 22.09999644 0 P 0 0 ;0=0,1=0,2
P 63.84000186 22.89999738 0 P 0 0 ;0=0,1=0,2
P 63.84000186 23.69999578 0 P 0 0 ;0=0,1=0,2
P 63.84000186 24.49999418 0 P 0 0 ;0=0,1=0,2
P 63.84000186 25.29999766 0 P 0 0 ;0=0,1=0,2
P 63.84000186 26.09999606 0 P 0 0 ;0=0,1=0,2
P 63.84000186 26.89999446 0 P 0 0 ;0=0,1=0,2
P 63.84000186 27.6999954 0 P 0 0 ;0=0,1=0,2
P 63.84000186 28.49999634 0 P 0 0 ;0=0,1=0,2
P 63.84000186 29.29999474 0 P 0 0 ;0=0,1=0,2
P 63.84000186 30.09999568 0 P 0 0 ;0=0,1=0,2
P 63.84000186 30.89999662 0 P 0 0 ;0=0,1=0,2
P 63.84000186 31.69999502 0 P 0 0 ;0=0,1=0,2
P 63.84000186 32.49999596 0 P 0 0 ;0=0,1=0,2
P 63.84000186 33.2999969 0 P 0 0 ;0=0,1=0,2
P 63.84000186 34.0999953 0 P 0 0 ;0=0,1=0,2
P 67.00000062 5.00000016 14 P 0 0 ;0=5,1=0
P 67.00000062 39.99999874 14 P 0 0 ;0=5,1=0
P 68.16000084 10.90000106 0 P 0 0 ;0=0,1=0,2
P 68.16000084 11.69999946 0 P 0 0 ;0=0,1=0,2
P 68.16000084 12.5000004 0 P 0 0 ;0=0,1=0,2
P 68.16000084 13.30000134 0 P 0 0 ;0=0,1=0,2
P 68.16000084 14.09999974 0 P 0 0 ;0=0,1=0,2
P 68.16000084 14.90000068 0 P 0 0 ;0=0,1=0,2
P 68.16000084 15.70000162 0 P 0 0 ;0=0,1=0,2
P 68.16000084 16.50000002 0 P 0 0 ;0=0,1=0,2
P 68.16000084 17.30000096 0 P 0 0 ;0=0,1=0,2
P 68.16000084 18.1000019 0 P 0 0 ;0=0,1=0,2
P 68.16000084 18.9000003 0 P 0 0 ;0=0,1=0,2
P 68.16000084 19.6999987 0 P 0 0 ;0=0,1=0,2
P 68.16000084 20.50000218 0 P 0 0 ;0=0,1=0,2
P 68.16000084 21.30000058 0 P 0 0 ;0=0,1=0,2
P 68.16000084 22.09999898 0 P 0 0 ;0=0,1=0,2
P 68.16000084 22.89999992 0 P 0 0 ;0=0,1=0,2
P 68.16000084 23.70000086 0 P 0 0 ;0=0,1=0,2
P 68.16000084 24.49999926 0 P 0 0 ;0=0,1=0,2
P 68.16000084 25.3000002 0 P 0 0 ;0=0,1=0,2
P 68.16000084 26.10000114 0 P 0 0 ;0=0,1=0,2
P 68.16000084 26.89999954 0 P 0 0 ;0=0,1=0,2
P 68.16000084 27.70000048 0 P 0 0 ;0=0,1=0,2
P 68.16000084 28.50000142 0 P 0 0 ;0=0,1=0,2
P 68.16000084 29.29999982 0 P 0 0 ;0=0,1=0,2
P 68.16000084 30.10000076 0 P 0 0 ;0=0,1=0,2
P 68.16000084 30.9000017 0 P 0 0 ;0=0,1=0,2
P 68.16000084 31.7000001 0 P 0 0 ;0=0,1=0,2
P 68.16000084 32.50000104 0 P 0 0 ;0=0,1=0,2
P 68.16000084 33.29999944 0 P 0 0 ;0=0,1=0,2
P 68.16000084 34.10000038 0 P 0 0 ;0=0,1=0,2
S P 0
OB 0.52593494 40.92744164 I
OS 0.52593494 24.50231066
OS 0.55550562 24.35365208
OS 0.63971424 24.2276249
OS 2.72062702 22.14671212
OS 2.78520398 22.1035626
OS 2.78520398 21.686901
OS 2.64438638 21.65888988
OS 2.5183592 21.57468126
OS 0.43286426 19.48918632
OS 0.30586426 19.54179226
OS 0.30586172 40.87330408
OS 0.40860218 40.97604454
OS 0.52593494 40.92744164
OE
SE
S P 0
OB 10.34251678 32.3135117 I
OS 10.46854396 32.22930562
OS 10.61720254 32.19973494
OS 19.89078826 32.19973494
OS 19.93939116 32.08240218
OS 19.25885404 31.40186506
OS 10.879709 31.40186506
OS 9.50688726 32.7746868
OS 9.49215018 32.78453438
OS 9.5306769 32.91153438
OS 9.74449664 32.91153438
OS 10.34251678 32.3135117
OE
SE
S P 0
OB 14.76623158 23.71574632 I
OS 14.74992478 23.69861656
OS 14.7353528 23.68156554
OS 14.72251564 23.6645958
OS 14.71141076 23.64770734
OS 14.7020407 23.6309027
OS 14.69440292 23.6141768
OS 14.68849996 23.59753218
OS 14.68432928 23.58096884
OS 14.68189088 23.56448678
OS 14.6811873 23.548086
OS 14.454886 23.7743873
OS 14.47128678 23.77509088
OS 14.48776884 23.77752928
OS 14.50433218 23.78169996
OS 14.5209768 23.78760292
OS 14.5377027 23.7952407
OS 14.55450734 23.80461076
OS 14.5713958 23.81571564
OS 14.58836554 23.8285528
OS 14.60541656 23.84312478
OS 14.62254632 23.85943158
OS 14.76623158 23.71574632
OE
SE
S P 0
OB 15.62611048 26.8403324 I
OS 15.5702 26.70535172
OS 15.5702 26.48304584
OS 15.62644068 26.3472676
OS 15.54673548 26.22026506
OS 13.65433134 26.22026506
OS 13.50567022 26.19069438
OS 13.37964304 26.10648576
OS 10.01210088 22.73894106
OS 9.85726756 22.76371622
OS 9.73006944 22.89091434
OS 9.65197206 22.92326378
OS 9.6271969 23.04782538
OS 13.54670646 26.96733494
OS 15.54593792 26.96733494
OS 15.62611048 26.8403324
OE
SE
S P 0
OB 18.4550812 24.31155412 I
OS 16.87031424 22.72678716
OS 16.78610562 22.60075998
OS 16.75653494 22.4521014
OS 16.75653494 21.268309
OS 15.20609354 19.71786506
OS 10.67650646 19.71786506
OS 9.61968358 20.77468794
OS 9.4936564 20.85889656
OS 9.34499782 20.88846724
OS 9.21479996 20.88846724
OS 9.21479996 21.12533494
OS 9.76738204 21.12533494
OS 9.91604062 21.15490562
OS 10.0420678 21.23911424
OS 12.02927744 23.22632388
OS 12.10505072 23.21125152
OS 12.25509614 23.0612061
OS 12.45114096 22.97999976
OS 12.66334272 22.97999976
OS 12.85938754 23.0612061
OS 12.93003764 23.1318562
OS 12.96541984 23.09647146
OS 13.16146466 23.01526512
OS 13.37366642 23.01526512
OS 13.56971124 23.09647146
OS 13.7197592 23.24651942
OS 13.80096554 23.4425617
OS 13.9192 23.43969658
OS 14.00040634 23.2436543
OS 14.1504543 23.09360634
OS 14.34649912 23.0124
OS 14.55870088 23.0124
OS 14.7547457 23.09360634
OS 14.90479366 23.2436543
OS 14.986 23.43969912
OS 14.986 23.49320168
OS 15.36083542 23.8680371
OS 15.41338294 23.8680371
OS 15.57055814 23.89930196
OS 15.61878004 23.78288614
OS 15.77597302 23.62569316
OS 15.98135488 23.54062094
OS 16.20366076 23.54062094
OS 16.40904262 23.62569316
OS 16.5662356 23.78288614
OS 16.65130782 23.988268
OS 16.65130782 24.21057388
OS 16.6475537 24.21963914
OS 16.71811236 24.3252371
OS 18.1356 24.3252371
OS 18.29416966 24.35677882
OS 18.37412378 24.4102001
OS 18.4550812 24.31155412
OE
SE
S P 0
OB 20.86503066 11.86400218 I
OS 20.54009354 11.53906506
OS 13.4366 11.53906506
OS 13.28794142 11.50949438
OS 13.16191424 11.42528576
OS 12.5464951 10.80986662
OS 10.1789738 10.80986662
OS 10.1303709 10.92719938
OS 11.18450646 11.98133494
OS 20.81642776 11.98133494
OS 20.86503066 11.86400218
OE
SE
S P 0
OB 21.22931238 26.8586839 I
OS 20.83905154 26.46842306
OS 20.15055152 26.46842306
OS 20.00189294 26.43885238
OS 19.87586576 26.35464376
OS 19.74148706 26.22026506
OS 16.71126452 26.22026506
OS 16.63155932 26.3472676
OS 16.6878 26.48304584
OS 16.6878 26.70535172
OS 16.63188952 26.8403324
OS 16.71206208 26.96733494
OS 21.1245577 26.96733494
OS 21.16674964 26.9757271
OS 21.22931238 26.8586839
OE
SE
S P 0
OB 22.51060776 22.0651324 I
OS 22.49693494 21.9964
OS 22.49693494 20.17610646
OS 16.60309354 14.28226506
OS 15.90611754 14.28226506
OS 15.8496 14.3668496
OS 15.8496 14.58915294
OS 15.76452778 14.7945348
OS 15.6073348 14.95172778
OS 15.40195294 15.0368
OS 15.17964706 15.0368
OS 14.9742652 14.95172778
OS 14.81707222 14.7945348
OS 14.732 14.58915294
OS 14.732 14.3668496
OS 14.67548246 14.28226506
OS 10.9043597 14.28226506
OS 10.33333722 14.853285
OS 10.20731004 14.93749362
OS 10.05865146 14.9670643
OS 9.21479996 14.9670643
OS 9.21479996 15.31153656
OS 9.83260162 15.31153656
OS 9.9812602 15.34110724
OS 10.10728738 15.42531586
OS 11.17874574 16.49677422
OS 11.3140998 16.45252234
OS 11.38115072 16.29065068
OS 11.5383437 16.1334577
OS 11.74372556 16.04838548
OS 11.96603144 16.04838548
OS 12.1714133 16.1334577
OS 12.32860628 16.29065068
OS 12.4136785 16.49603254
OS 12.4136785 16.71833842
OS 12.38312484 16.79210256
OS 12.4536835 16.89770052
OS 15.49564846 16.89770052
OS 15.552166 16.81311598
OS 15.552166 16.59081264
OS 15.63723822 16.38543078
OS 15.7944312 16.2282378
OS 15.9512 16.1633027
OS 15.9512 15.94164706
OS 16.03627222 15.7362652
OS 16.1934652 15.57907222
OS 16.39884706 15.494
OS 16.62115294 15.494
OS 16.8265348 15.57907222
OS 16.98372778 15.7362652
OS 17.0688 15.94164706
OS 17.0688 16.16395294
OS 16.98372778 16.3693348
OS 16.8265348 16.52652778
OS 16.669766 16.59146288
OS 16.669766 16.81311852
OS 16.58469378 17.01850038
OS 16.42750334 17.17569082
OS 16.41447314 17.24119742
OS 19.48518074 20.31190502
OS 19.60974234 20.28712986
OS 19.64307222 20.2066652
OS 19.8002652 20.04947222
OS 20.00564706 19.9644
OS 20.22795294 19.9644
OS 20.4333348 20.04947222
OS 20.59052778 20.2066652
OS 20.6756 20.41204706
OS 20.6756 20.63435294
OS 20.59052778 20.8397348
OS 20.4333348 20.99692778
OS 20.35287014 21.03025766
OS 20.32809498 21.15481926
OS 21.02605142 21.8527757
OS 21.15213956 21.79925536
OS 21.2284564 21.61500884
OS 21.38564938 21.45781586
OS 21.59103124 21.37274364
OS 21.81333712 21.37274364
OS 22.01871898 21.45781586
OS 22.17591196 21.61500884
OS 22.26098418 21.8203907
OS 22.26098418 22.04269658
OS 22.25110104 22.06655734
OS 22.32189338 22.17340244
OS 22.4295843 22.17488072
OS 22.51060776 22.0651324
OE
OB 18.63785706 18.4912 H
OS 18.39534294 18.4912
OS 18.17128954 18.39839348
OS 17.99980652 18.22691046
OS 17.907 18.00285706
OS 17.907 17.76034294
OS 17.99980652 17.53628954
OS 18.17128954 17.36480652
OS 18.39534294 17.272
OS 18.63785706 17.272
OS 18.86191046 17.36480652
OS 19.03339348 17.53628954
OS 19.1262 17.76034294
OS 19.1262 18.00285706
OS 19.03339348 18.22691046
OS 18.86191046 18.39839348
OS 18.63785706 18.4912
OE
SE
S P 0
OB 24.98782658 19.83924912 I
OS 24.98782658 19.67111382
OS 25.04946476 19.52230538
OS 25.0600083 19.3892043
OS 24.88852782 19.21772382
OS 24.7957213 18.99367042
OS 24.7957213 18.7511563
OS 24.88852782 18.5271029
OS 25.06001084 18.35561988
OS 25.0660662 18.35311036
OS 25.06817694 18.27715674
OS 25.05343478 18.22087796
OS 24.84550276 18.1347491
OS 24.67401974 17.96326608
OS 24.58121322 17.73921268
OS 24.58121322 17.49669856
OS 24.67401974 17.27264516
OS 24.84550276 17.10116214
OS 24.94601818 17.05952646
OS 24.97079334 16.93496486
OS 21.09889354 13.06306506
OS 18.19797224 13.06306506
OS 18.14936934 13.18039782
OS 24.86082658 19.89185506
OS 24.98782658 19.83924912
OE
SE
S P 0
OB 25.14940614 25.43556 I
OS 25.13610162 25.4481076
OS 25.12208336 25.4593344
OS 25.10735136 25.4692404
OS 25.09190562 25.4778256
OS 25.0757436 25.48509
OS 25.05887038 25.4910336
OS 25.04128088 25.4956564
OS 25.02297764 25.4989584
OS 25.00396066 25.5009396
OS 24.9842274 25.5016
OS 24.9842274 25.654
OS 25.00396066 25.6546604
OS 25.02297764 25.6566416
OS 25.04128088 25.6599436
OS 25.05887038 25.6645664
OS 25.0757436 25.67051
OS 25.09190562 25.6777744
OS 25.10735136 25.6863596
OS 25.12208336 25.6962656
OS 25.13610162 25.7074924
OS 25.14940614 25.72004
OS 25.14940614 25.43556
OE
SE
S P 0
OB 25.39750064 31.1248679 I
OS 25.38419612 31.1374155
OS 25.37017786 31.1486423
OS 25.35544586 31.1585483
OS 25.34000012 31.1671335
OS 25.3238381 31.1743979
OS 25.30696488 31.1803415
OS 25.28937538 31.1849643
OS 25.27107214 31.1882663
OS 25.25205516 31.1902475
OS 25.2323219 31.1909079
OS 25.2323219 31.3433079
OS 25.25205516 31.3439683
OS 25.27107214 31.3459495
OS 25.28937538 31.3492515
OS 25.30696488 31.3538743
OS 25.3238381 31.3598179
OS 25.34000012 31.3670823
OS 25.35544586 31.3756675
OS 25.37017786 31.3855735
OS 25.38419612 31.3968003
OS 25.39750064 31.4093479
OS 25.39750064 31.1248679
OE
SE
S P 0
OB 25.44864354 28.34210232 I
OS 25.43533902 28.35464992
OS 25.42132076 28.36587672
OS 25.40658876 28.37578272
OS 25.39114302 28.38436792
OS 25.374981 28.39163232
OS 25.35810778 28.39757592
OS 25.34051828 28.40219872
OS 25.32221504 28.40550072
OS 25.30319806 28.40748192
OS 25.2834648 28.40814232
OS 25.2834648 28.56054232
OS 25.30319806 28.56120272
OS 25.32221504 28.56318392
OS 25.34051828 28.56648592
OS 25.35810778 28.57110872
OS 25.374981 28.57705232
OS 25.39114302 28.58431672
OS 25.40658876 28.59290192
OS 25.42132076 28.60280792
OS 25.43533902 28.61403472
OS 25.44864354 28.62658232
OS 25.44864354 28.34210232
OE
SE
S P 0
OB 25.49836658 32.82696 I
OS 25.48506206 32.8395076
OS 25.4710438 32.8507344
OS 25.4563118 32.8606404
OS 25.44086606 32.8692256
OS 25.42470404 32.87649
OS 25.40783082 32.8824336
OS 25.39024132 32.8870564
OS 25.37193808 32.8903584
OS 25.3529211 32.8923396
OS 25.33318784 32.893
OS 25.33318784 33.0454
OS 25.3529211 33.0460604
OS 25.37193808 33.0480416
OS 25.39024132 33.0513436
OS 25.40783082 33.0559664
OS 25.42470404 33.06191
OS 25.44086606 33.0691744
OS 25.4563118 33.0777596
OS 25.4710438 33.0876656
OS 25.48506206 33.0988924
OS 25.49836658 33.11144
OS 25.49836658 32.82696
OE
SE
S P 0
OB 25.5016762 30.0580679 I
OS 25.48837168 30.0706155
OS 25.47435342 30.0818423
OS 25.45962142 30.0917483
OS 25.44417568 30.1003335
OS 25.42801366 30.1075979
OS 25.41114044 30.1135415
OS 25.39355094 30.1181643
OS 25.3752477 30.1214663
OS 25.35623072 30.1234475
OS 25.33649746 30.1241079
OS 25.33649746 30.2765079
OS 25.35623072 30.2771683
OS 25.3752477 30.2791495
OS 25.39355094 30.2824515
OS 25.41114044 30.2870743
OS 25.42801366 30.2930179
OS 25.44417568 30.3002823
OS 25.45962142 30.3088675
OS 25.47435342 30.3187735
OS 25.48837168 30.3300003
OS 25.5016762 30.3425479
OS 25.5016762 30.0580679
OE
SE
S P 0
OB 25.8064 15.54069282 I
OS 25.8064 15.47434294
OS 25.89920652 15.25028954
OS 26.07068954 15.07880652
OS 26.19197962 15.02856532
OS 26.20207104 15.01969564
OS 26.26030562 14.90222572
OS 26.23073494 14.75356968
OS 26.23073494 13.95310646
OS 25.51733276 13.23970428
OS 25.38567186 13.28764932
OS 25.30719348 13.47711046
OS 25.13571046 13.64859348
OS 24.91165706 13.7414
OS 24.66914294 13.7414
OS 24.44508954 13.64859348
OS 24.27360652 13.47711046
OS 24.1808 13.25305706
OS 24.1808 13.01054294
OS 24.27360652 12.78648954
OS 24.44508954 12.61500652
OS 24.63455068 12.53652814
OS 24.68249572 12.40486724
OS 23.51189354 11.23426506
OS 21.49997224 11.23426506
OS 21.45136934 11.35159782
OS 25.68906724 15.58929572
OS 25.8064 15.54069282
OE
SE
S P 0
OB 25.9106924 22.58313746 I
OS 25.8994656 22.5691192
OS 25.8895596 22.5543872
OS 25.8809744 22.53894146
OS 25.87371 22.52277944
OS 25.8677664 22.50590622
OS 25.8631436 22.48831672
OS 25.8598416 22.47001348
OS 25.8578604 22.4509965
OS 25.8572 22.43126324
OS 25.7048 22.43126324
OS 25.7041396 22.4509965
OS 25.7021584 22.47001348
OS 25.6988564 22.48831672
OS 25.6942336 22.50590622
OS 25.68829 22.52277944
OS 25.6810256 22.53894146
OS 25.6724404 22.5543872
OS 25.6625344 22.5691192
OS 25.6513076 22.58313746
OS 25.63876 22.59644198
OS 25.92324 22.59644198
OS 25.9106924 22.58313746
OE
SE
S P 0
OB 26.98208726 21.93076132 I
OS 26.96878274 21.94330892
OS 26.95476448 21.95453572
OS 26.94003248 21.96444172
OS 26.92458674 21.97302692
OS 26.90842472 21.98029132
OS 26.8915515 21.98623492
OS 26.873962 21.99085772
OS 26.85565876 21.99415972
OS 26.83664178 21.99614092
OS 26.81690852 21.99680132
OS 26.81690852 22.14920132
OS 26.83664178 22.14986172
OS 26.85565876 22.15184292
OS 26.873962 22.15514492
OS 26.8915515 22.15976772
OS 26.90842472 22.16571132
OS 26.92458674 22.17297572
OS 26.94003248 22.18156092
OS 26.95476448 22.19146692
OS 26.96878274 22.20269372
OS 26.98208726 22.21524132
OS 26.98208726 21.93076132
OE
SE
S P 0
OB 27.03986972 29.13917464 I
OS 27.0269081 29.1519864
OS 27.01318956 29.16344942
OS 26.9987141 29.1735637
OS 26.98348426 29.1823267
OS 26.96749496 29.18974604
OS 26.95075128 29.1958141
OS 26.93324814 29.20053342
OS 26.91499062 29.203904
OS 26.89597364 29.20592838
OS 26.87620228 29.20660148
OS 26.8802485 29.35900148
OS 26.89994112 29.35964664
OS 26.9189581 29.36158466
OS 26.93730452 29.364813
OS 26.9549753 29.36933166
OS 26.97197298 29.37514318
OS 26.9883001 29.38224502
OS 27.00395158 29.39063972
OS 27.01892996 29.40032474
OS 27.03323778 29.41130008
OS 27.04686996 29.42356828
OS 27.03986972 29.13917464
OE
SE
S P 0
OB 27.2040604 32.80255822 I
OS 27.2060416 32.78354124
OS 27.2093436 32.765238
OS 27.2139664 32.7476485
OS 27.21991 32.73077528
OS 27.2271744 32.71461326
OS 27.2357596 32.69916752
OS 27.2456656 32.68443552
OS 27.2568924 32.67041726
OS 27.26944 32.65711274
OS 26.98496 32.65711274
OS 26.9975076 32.67041726
OS 27.0087344 32.68443552
OS 27.0186404 32.69916752
OS 27.0272256 32.71461326
OS 27.03449 32.73077528
OS 27.0404336 32.7476485
OS 27.0450564 32.765238
OS 27.0483584 32.78354124
OS 27.0503396 32.80255822
OS 27.051 32.82229148
OS 27.2034 32.82229148
OS 27.2040604 32.80255822
OE
SE
S P 0
OB 27.64094294 13.8176 I
OS 27.88345706 13.8176
OS 27.90313698 13.82575086
OS 28.00873494 13.75519474
OS 28.00873494 13.03870646
OS 24.42629354 9.45626506
OS 13.33334392 9.45626506
OS 13.28073798 9.58326506
OS 13.85000786 10.15253494
OS 23.82519746 10.15253494
OS 23.97385604 10.18210562
OS 24.09988322 10.26631424
OS 27.19868576 13.36511678
OS 27.28289438 13.49114396
OS 27.31246506 13.63980254
OS 27.31246506 13.84889534
OS 27.43946506 13.90105424
OS 27.64094294 13.8176
OE
SE
S P 0
OB 27.82191032 29.78639204 I
OS 27.83691156 29.77460898
OS 27.8521541 29.76472584
OS 27.86763794 29.75674516
OS 27.88336562 29.75066694
OS 27.8993346 29.74649118
OS 27.91554488 29.74421788
OS 27.93199646 29.7438445
OS 27.94869188 29.74537612
OS 27.9656286 29.74880766
OS 27.81842036 29.50537406
OS 27.8137493 29.52294832
OS 27.80811558 29.54012888
OS 27.80151666 29.5569132
OS 27.79395508 29.57330382
OS 27.78543084 29.5892982
OS 27.7759414 29.60489888
OS 27.7654893 29.62010332
OS 27.754072 29.6349166
OS 27.74169458 29.6493311
OS 27.72835196 29.66335444
OS 27.80715292 29.8000801
OS 27.82191032 29.78639204
OE
SE
S P 0
OB 27.89507248 36.68798352 I
OS 27.90991878 36.67593884
OS 27.92519688 36.66532926
OS 27.94090424 36.6561624
OS 27.95703832 36.64843318
OS 27.97360166 36.6421416
OS 27.9905968 36.6372902
OS 28.00801612 36.63387644
OS 28.02586724 36.63190286
OS 28.04414762 36.63136946
OS 27.84298978 36.43021162
OS 27.84245638 36.448492
OS 27.8404828 36.46634312
OS 27.83706904 36.48376244
OS 27.83221764 36.50075758
OS 27.82592606 36.51732092
OS 27.81819684 36.533455
OS 27.80902998 36.54916236
OS 27.7984204 36.56444046
OS 27.78637572 36.57928676
OS 27.77288832 36.59370634
OS 27.8806529 36.70147092
OS 27.89507248 36.68798352
OE
SE
S P 0
OB 27.8957405 35.16301324 I
OS 27.88243598 35.17556084
OS 27.86841772 35.18678764
OS 27.85368572 35.19669364
OS 27.83823998 35.20527884
OS 27.82207796 35.21254324
OS 27.80520474 35.21848684
OS 27.78761524 35.22310964
OS 27.769312 35.22641164
OS 27.75029502 35.22839284
OS 27.73056176 35.22905324
OS 27.73056176 35.38145324
OS 27.75029502 35.38211364
OS 27.769312 35.38409484
OS 27.78761524 35.38739684
OS 27.80520474 35.39201964
OS 27.82207796 35.39796324
OS 27.83823998 35.40522764
OS 27.85368572 35.41381284
OS 27.86841772 35.42371884
OS 27.88243598 35.43494564
OS 27.8957405 35.44749324
OS 27.8957405 35.16301324
OE
SE
S P 0
OB 27.93773178 30.70976332 I
OS 27.92442726 30.72231092
OS 27.910409 30.73353772
OS 27.895677 30.74344372
OS 27.88023126 30.75202892
OS 27.86406924 30.75929332
OS 27.84719602 30.76523692
OS 27.82960652 30.76985972
OS 27.81130328 30.77316172
OS 27.7922863 30.77514292
OS 27.77255304 30.77580332
OS 27.77255304 30.92820332
OS 27.7922863 30.92886372
OS 27.81130328 30.93084492
OS 27.82960652 30.93414692
OS 27.84719602 30.93876972
OS 27.86406924 30.94471332
OS 27.88023126 30.95197772
OS 27.895677 30.96056292
OS 27.910409 30.97046892
OS 27.92442726 30.98169572
OS 27.93773178 30.99424332
OS 27.93773178 30.70976332
OE
SE
S P 0
OB 27.97268726 24.20976108 I
OS 27.95938274 24.22230868
OS 27.94536448 24.23353548
OS 27.93063248 24.24344148
OS 27.91518674 24.25202668
OS 27.89902472 24.25929108
OS 27.8821515 24.26523468
OS 27.864562 24.26985748
OS 27.84625876 24.27315948
OS 27.82724178 24.27514068
OS 27.80750852 24.27580108
OS 27.80750852 24.42820108
OS 27.82724178 24.42886148
OS 27.84625876 24.43084268
OS 27.864562 24.43414468
OS 27.8821515 24.43876748
OS 27.89902472 24.44471108
OS 27.91518674 24.45197548
OS 27.93063248 24.46056068
OS 27.94536448 24.47046668
OS 27.95938274 24.48169348
OS 27.97268726 24.49424108
OS 27.97268726 24.20976108
OE
SE
S P 0
OB 28.10236442 32.00976326 I
OS 28.0890599 32.02231086
OS 28.07504164 32.03353766
OS 28.06030964 32.04344366
OS 28.0448639 32.05202886
OS 28.02870188 32.05929326
OS 28.01182866 32.06523686
OS 27.99423916 32.06985966
OS 27.97593592 32.07316166
OS 27.95691894 32.07514286
OS 27.93718568 32.07580326
OS 27.93718568 32.22820326
OS 27.95691894 32.22886366
OS 27.97593592 32.23084486
OS 27.99423916 32.23414686
OS 28.01182866 32.23876966
OS 28.02870188 32.24471326
OS 28.0448639 32.25197766
OS 28.06030964 32.26056286
OS 28.07504164 32.27046886
OS 28.0890599 32.28169566
OS 28.10236442 32.29424326
OS 28.10236442 32.00976326
OE
SE
S P 0
OB 28.4041088 24.8556526 I
OS 28.39082968 24.86822052
OS 28.37683428 24.87946764
OS 28.3621226 24.88938888
OS 28.3466921 24.89798932
OS 28.33054278 24.90526388
OS 28.31367972 24.91121764
OS 28.2960953 24.91584806
OS 28.2777946 24.91915514
OS 28.25877762 24.92114142
OS 28.23904436 24.92180182
OS 28.2393517 25.07420182
OS 28.25907988 25.07486222
OS 28.27809686 25.07683834
OS 28.29640518 25.08013526
OS 28.31399976 25.08475044
OS 28.33088568 25.09068388
OS 28.34705786 25.09793812
OS 28.36252138 25.10650808
OS 28.37727116 25.1163963
OS 28.39131228 25.12760532
OS 28.4046422 25.1401326
OS 28.4041088 24.8556526
OE
SE
S P 0
OB 28.40449234 25.51577828 I
OS 28.39118782 25.52832588
OS 28.37716956 25.53955268
OS 28.36243756 25.54945868
OS 28.34699182 25.55804388
OS 28.3308298 25.56530828
OS 28.31395658 25.57125188
OS 28.29636708 25.57587468
OS 28.27806384 25.57917668
OS 28.25904686 25.58115788
OS 28.2393136 25.58181828
OS 28.2393136 25.73421828
OS 28.25904686 25.73487868
OS 28.27806384 25.73685988
OS 28.29636708 25.74016188
OS 28.31395658 25.74478468
OS 28.3308298 25.75072828
OS 28.34699182 25.75799268
OS 28.36243756 25.76657788
OS 28.37716956 25.77648388
OS 28.39118782 25.78771068
OS 28.40449234 25.80025828
OS 28.40449234 25.51577828
OE
SE
S P 0
OB 28.48068726 30.05976208 I
OS 28.46738274 30.07230968
OS 28.45336448 30.08353648
OS 28.43863248 30.09344248
OS 28.42318674 30.10202768
OS 28.40702472 30.10929208
OS 28.3901515 30.11523568
OS 28.372562 30.11985848
OS 28.35425876 30.12316048
OS 28.33524178 30.12514168
OS 28.31550852 30.12580208
OS 28.31550852 30.27820208
OS 28.33524178 30.27886248
OS 28.35425876 30.28084368
OS 28.372562 30.28414568
OS 28.3901515 30.28876848
OS 28.40702472 30.29471208
OS 28.42318674 30.30197648
OS 28.43863248 30.31056168
OS 28.45336448 30.32046768
OS 28.46738274 30.33169448
OS 28.48068726 30.34424208
OS 28.48068726 30.05976208
OE
SE
S P 0
OB 28.48068726 31.35976202 I
OS 28.46738274 31.37230962
OS 28.45336448 31.38353642
OS 28.43863248 31.39344242
OS 28.42318674 31.40202762
OS 28.40702472 31.40929202
OS 28.3901515 31.41523562
OS 28.372562 31.41985842
OS 28.35425876 31.42316042
OS 28.33524178 31.42514162
OS 28.31550852 31.42580202
OS 28.31550852 31.57820202
OS 28.33524178 31.57886242
OS 28.35425876 31.58084362
OS 28.372562 31.58414562
OS 28.3901515 31.58876842
OS 28.40702472 31.59471202
OS 28.42318674 31.60197642
OS 28.43863248 31.61056162
OS 28.45336448 31.62046762
OS 28.46738274 31.63169442
OS 28.48068726 31.64424202
OS 28.48068726 31.35976202
OE
SE
S P 0
OB 28.58228726 32.71072198 I
OS 28.56898274 32.72326958
OS 28.55496448 32.73449638
OS 28.54023248 32.74440238
OS 28.52478674 32.75298758
OS 28.50862472 32.76025198
OS 28.4917515 32.76619558
OS 28.474162 32.77081838
OS 28.45585876 32.77412038
OS 28.43684178 32.77610158
OS 28.41710852 32.77676198
OS 28.41710852 32.92916198
OS 28.43684178 32.92982238
OS 28.45585876 32.93180358
OS 28.474162 32.93510558
OS 28.4917515 32.93972838
OS 28.50862472 32.94567198
OS 28.52478674 32.95293638
OS 28.54023248 32.96152158
OS 28.55496448 32.97142758
OS 28.56898274 32.98265438
OS 28.58228726 32.99520198
OS 28.58228726 32.71072198
OE
SE
S P 0
OB 28.70656692 23.55565266 I
OS 28.6932624 23.56820026
OS 28.67924414 23.57942706
OS 28.66451214 23.58933306
OS 28.6490664 23.59791826
OS 28.63290438 23.60518266
OS 28.61603116 23.61112626
OS 28.59844166 23.61574906
OS 28.58013842 23.61905106
OS 28.56112144 23.62103226
OS 28.54138818 23.62169266
OS 28.54138818 23.77409266
OS 28.56112144 23.77475306
OS 28.58013842 23.77673426
OS 28.59844166 23.78003626
OS 28.61603116 23.78465906
OS 28.63290438 23.79060266
OS 28.6490664 23.79786706
OS 28.66451214 23.80645226
OS 28.67924414 23.81635826
OS 28.6932624 23.82758506
OS 28.70656692 23.84013266
OS 28.70656692 23.55565266
OE
SE
S P 0
OB 28.81854536 21.23251786 I
OS 28.82870536 21.22560906
OS 28.8403284 21.21951306
OS 28.85341194 21.21422986
OS 28.86796106 21.20975946
OS 28.88397068 21.20610186
OS 28.9014408 21.20325706
OS 28.92037396 21.20122506
OS 28.9626294 21.19959946
OS 28.9626294 20.99639946
OS 28.94077016 20.99599306
OS 28.9014408 20.99274186
OS 28.88397068 20.98989706
OS 28.86796106 20.98623946
OS 28.85341194 20.98176906
OS 28.8403284 20.97648586
OS 28.82870536 20.97038986
OS 28.81854536 20.96348106
OS 28.80984586 20.95575946
OS 28.80984586 21.24023946
OS 28.81854536 21.23251786
OE
SE
S P 0
OB 29.12695978 15.41602962 I
OS 29.10902992 15.41721072
OS 29.09147344 15.41675606
OS 29.07429034 15.41466056
OS 29.05747808 15.4109293
OS 29.04104174 15.4055572
OS 29.02497878 15.3985468
OS 29.0092892 15.3898981
OS 28.99397046 15.3796111
OS 28.97902764 15.36768326
OS 28.9644582 15.35411966
OS 28.8683827 15.47357332
OS 28.88179898 15.4878278
OS 28.89397574 15.50253186
OS 28.90491806 15.51768296
OS 28.9146234 15.5332811
OS 28.92309176 15.54932882
OS 28.93032568 15.56582104
OS 28.93632262 15.58276284
OS 28.94108512 15.60015168
OS 28.94461064 15.61798756
OS 28.94689918 15.63627302
OS 29.12695978 15.41602962
OE
SE
S P 0
OB 29.5682924 18.28198274 I
OS 29.5570656 18.26796448
OS 29.5471596 18.25323248
OS 29.5385744 18.23778674
OS 29.53131 18.22162472
OS 29.5253664 18.2047515
OS 29.5207436 18.187162
OS 29.5174416 18.16885876
OS 29.5154604 18.14984178
OS 29.5148 18.13010852
OS 29.3624 18.13010852
OS 29.3617396 18.14984178
OS 29.3597584 18.16885876
OS 29.3564564 18.187162
OS 29.3518336 18.2047515
OS 29.34589 18.22162472
OS 29.3386256 18.23778674
OS 29.3300404 18.25323248
OS 29.3201344 18.26796448
OS 29.3089076 18.28198274
OS 29.29636 18.29528726
OS 29.58084 18.29528726
OS 29.5682924 18.28198274
OE
SE
S P 0
OB 3.09609998 21.1475955 I
OS 3.0945455 21.1620735
OS 3.08988206 21.1750275
OS 3.08210966 21.1864575
OS 3.0712283 21.1963635
OS 3.05723798 21.2047455
OS 3.0401387 21.2116035
OS 3.01993046 21.2169375
OS 2.99661326 21.2207475
OS 2.9701871 21.2230335
OS 2.94065198 21.2237955
OS 2.94065198 21.3761955
OS 2.9701871 21.3769575
OS 2.99661326 21.3792435
OS 3.01993046 21.3830535
OS 3.0401387 21.3883875
OS 3.05723798 21.3952455
OS 3.0712283 21.4036275
OS 3.08210966 21.4135335
OS 3.08988206 21.4249635
OS 3.0945455 21.4379175
OS 3.09609998 21.4523955
OS 3.09609998 21.1475955
OE
SE
S P 0
OB 3.34009492 40.83736816 I
OS 3.21724782 40.54079014
OS 3.14600082 40.18260188
OS 3.14600082 40.12699874
OS 5.00000016 40.12699874
OS 5.00000016 39.87299874
OS 3.14600082 39.87299874
OS 3.14600082 39.8173956
OS 3.21724782 39.45920734
OS 3.35700624 39.12180136
OS 3.55990398 38.81814182
OS 3.81814324 38.55990256
OS 3.87754876 38.52020998
OS 3.86604256 38.37515312
OS 3.78931424 38.32388576
OS 2.96959782 37.50416934
OS 2.85226506 37.55277224
OS 2.85226506 40.52914424
OS 3.2324294 40.90930858
OS 3.34009492 40.83736816
OE
SE
S P 0
OB 3.96700248 10.39599648 I
OS 4.6305343 10.39599648
OS 4.6305343 7.99365432
OS 4.66010498 7.84499574
OS 4.7443136 7.71896856
OS 5.31897336 7.1443088
OS 5.44500054 7.06010018
OS 5.59365912 7.0305295
OS 6.52999456 7.0305295
OS 6.67865314 7.06010018
OS 6.80468032 7.1443088
OS 7.73010646 8.06973494
OS 24.16697986 8.06973494
OS 24.21558276 7.95240218
OS 23.11778206 6.85460148
OS 22.97758168 6.89400958
OS 22.90764278 7.06285862
OS 22.73615976 7.23434164
OS 22.51210636 7.32714816
OS 22.26959224 7.32714816
OS 22.04553884 7.23434164
OS 21.87405582 7.06285862
OS 21.7812493 6.83880522
OS 21.7812493 6.5962911
OS 21.87405582 6.3722377
OS 22.04553884 6.20075468
OS 22.21438788 6.13081578
OS 22.25379598 5.9906154
OS 22.00111424 5.73793366
OS 21.91690562 5.61190648
OS 21.88733494 5.4632479
OS 21.88733494 4.91070646
OS 19.979894 3.00326552
OS 10.87499984 3.00326552
OS 10.86930516 3.00213268
OS 4.9182909 3.00213268
OS 4.90840014 3.01900082
OS 4.9811559 3.14600082
OS 5.1826033 3.14600082
OS 5.54079156 3.21724782
OS 5.87819754 3.35700624
OS 6.18185708 3.55990398
OS 6.44009634 3.81814324
OS 6.64299408 4.12180278
OS 6.7827525 4.45920876
OS 6.8539995 4.81739702
OS 6.8539995 4.87300016
OS 5.00000016 4.87300016
OS 5.00000016 5.00000016
OS 4.87300016 5.00000016
OS 4.87300016 6.8539995
OS 4.81739702 6.8539995
OS 4.45920876 6.7827525
OS 4.12180278 6.64299408
OS 3.81814324 6.44009634
OS 3.55990398 6.18185708
OS 3.35700624 5.87819754
OS 3.23326506 5.57946306
OS 3.10626506 5.60472336
OS 3.10626506 10.39599648
OS 3.71300248 10.39599648
OS 3.71300248 10.89999598
OS 3.96700248 10.89999598
OS 3.96700248 10.39599648
OE
OB 14.05335518 7.77539974 H
OS 14.0462 7.77539974
OS 14.0462 6.8834
OS 14.93819974 6.8834
OS 14.93819974 6.89055518
OS 14.86875614 7.149719
OS 14.7346035 7.38208074
OS 14.54488074 7.5718035
OS 14.312519 7.70595614
OS 14.05335518 7.77539974
OE
OB 13.7922 7.77539974 H
OS 13.78504482 7.77539974
OS 13.525881 7.70595614
OS 13.29351926 7.5718035
OS 13.1037965 7.38208074
OS 12.96964386 7.149719
OS 12.90020026 6.89055518
OS 12.90020026 6.8834
OS 13.7922 6.8834
OS 13.7922 7.77539974
OE
OB 14.93819974 6.6294 H
OS 14.0462 6.6294
OS 14.0462 5.73740026
OS 14.05335518 5.73740026
OS 14.312519 5.80684386
OS 14.54488074 5.9409965
OS 14.7346035 6.13071926
OS 14.86875614 6.363081
OS 14.93819974 6.62224482
OS 14.93819974 6.6294
OE
OB 13.7922 6.6294 H
OS 12.90020026 6.6294
OS 12.90020026 6.62224482
OS 12.96964386 6.363081
OS 13.1037965 6.13071926
OS 13.29351926 5.9409965
OS 13.525881 5.80684386
OS 13.78504482 5.73740026
OS 13.7922 5.73740026
OS 13.7922 6.6294
OE
OB 20.06899974 7.82619974 H
OS 17.92940026 7.82619974
OS 17.92940026 5.68660026
OS 20.06899974 5.68660026
OS 20.06899974 7.82619974
OE
OB 16.60004046 7.82619974 H
OS 16.31835954 7.82619974
OS 16.0462722 7.75329412
OS 15.80232806 7.61245112
OS 15.60314888 7.41327194
OS 15.46230588 7.1693278
OS 15.38940026 6.89724046
OS 15.38940026 6.61555954
OS 15.46230588 6.3434722
OS 15.60314888 6.09952806
OS 15.80232806 5.90034888
OS 16.0462722 5.75950588
OS 16.31835954 5.68660026
OS 16.60004046 5.68660026
OS 16.8721278 5.75950588
OS 17.11607194 5.90034888
OS 17.31525112 6.09952806
OS 17.45609412 6.3434722
OS 17.52899974 6.61555954
OS 17.52899974 6.89724046
OS 17.45609412 7.1693278
OS 17.31525112 7.41327194
OS 17.11607194 7.61245112
OS 16.8721278 7.75329412
OS 16.60004046 7.82619974
OE
OB 11.52004046 7.82619974 H
OS 11.23835954 7.82619974
OS 10.9662722 7.75329412
OS 10.72232806 7.61245112
OS 10.52314888 7.41327194
OS 10.38230588 7.1693278
OS 10.30940026 6.89724046
OS 10.30940026 6.61555954
OS 10.38230588 6.3434722
OS 10.52314888 6.09952806
OS 10.72232806 5.90034888
OS 10.9662722 5.75950588
OS 11.23835954 5.68660026
OS 11.52004046 5.68660026
OS 11.7921278 5.75950588
OS 12.03607194 5.90034888
OS 12.23525112 6.09952806
OS 12.37609412 6.3434722
OS 12.44899974 6.61555954
OS 12.44899974 6.89724046
OS 12.37609412 7.1693278
OS 12.23525112 7.41327194
OS 12.03607194 7.61245112
OS 11.7921278 7.75329412
OS 11.52004046 7.82619974
OE
OB 8.98004046 7.82619974 H
OS 8.69835954 7.82619974
OS 8.4262722 7.75329412
OS 8.18232806 7.61245112
OS 7.98314888 7.41327194
OS 7.84230588 7.1693278
OS 7.76940026 6.89724046
OS 7.76940026 6.61555954
OS 7.84230588 6.3434722
OS 7.98314888 6.09952806
OS 8.18232806 5.90034888
OS 8.4262722 5.75950588
OS 8.69835954 5.68660026
OS 8.98004046 5.68660026
OS 9.2521278 5.75950588
OS 9.49607194 5.90034888
OS 9.69525112 6.09952806
OS 9.83609412 6.3434722
OS 9.90899974 6.61555954
OS 9.90899974 6.89724046
OS 9.83609412 7.1693278
OS 9.69525112 7.41327194
OS 9.49607194 7.61245112
OS 9.2521278 7.75329412
OS 8.98004046 7.82619974
OE
OB 5.1826033 6.8539995 H
OS 5.12700016 6.8539995
OS 5.12700016 5.12700016
OS 6.8539995 5.12700016
OS 6.8539995 5.1826033
OS 6.7827525 5.54079156
OS 6.64299408 5.87819754
OS 6.44009634 6.18185708
OS 6.18185708 6.44009634
OS 5.87819754 6.64299408
OS 5.54079156 6.7827525
OS 5.1826033 6.8539995
OE
OB 19.14004046 5.28619974 H
OS 18.85835954 5.28619974
OS 18.5862722 5.21329412
OS 18.34232806 5.07245112
OS 18.14314888 4.87327194
OS 18.00230588 4.6293278
OS 17.92940026 4.35724046
OS 17.92940026 4.07555954
OS 18.00230588 3.8034722
OS 18.14314888 3.55952806
OS 18.34232806 3.36034888
OS 18.5862722 3.21950588
OS 18.85835954 3.14660026
OS 19.14004046 3.14660026
OS 19.4121278 3.21950588
OS 19.65607194 3.36034888
OS 19.85525112 3.55952806
OS 19.99609412 3.8034722
OS 20.06899974 4.07555954
OS 20.06899974 4.35724046
OS 19.99609412 4.6293278
OS 19.85525112 4.87327194
OS 19.65607194 5.07245112
OS 19.4121278 5.21329412
OS 19.14004046 5.28619974
OE
OB 16.60004046 5.28619974 H
OS 16.31835954 5.28619974
OS 16.0462722 5.21329412
OS 15.80232806 5.07245112
OS 15.60314888 4.87327194
OS 15.46230588 4.6293278
OS 15.38940026 4.35724046
OS 15.38940026 4.07555954
OS 15.46230588 3.8034722
OS 15.60314888 3.55952806
OS 15.80232806 3.36034888
OS 16.0462722 3.21950588
OS 16.31835954 3.14660026
OS 16.60004046 3.14660026
OS 16.8721278 3.21950588
OS 17.11607194 3.36034888
OS 17.31525112 3.55952806
OS 17.45609412 3.8034722
OS 17.52899974 4.07555954
OS 17.52899974 4.35724046
OS 17.45609412 4.6293278
OS 17.31525112 4.87327194
OS 17.11607194 5.07245112
OS 16.8721278 5.21329412
OS 16.60004046 5.28619974
OE
OB 14.06004046 5.28619974 H
OS 13.77835954 5.28619974
OS 13.5062722 5.21329412
OS 13.26232806 5.07245112
OS 13.06314888 4.87327194
OS 12.92230588 4.6293278
OS 12.84940026 4.35724046
OS 12.84940026 4.07555954
OS 12.92230588 3.8034722
OS 13.06314888 3.55952806
OS 13.26232806 3.36034888
OS 13.5062722 3.21950588
OS 13.77835954 3.14660026
OS 14.06004046 3.14660026
OS 14.3321278 3.21950588
OS 14.57607194 3.36034888
OS 14.77525112 3.55952806
OS 14.91609412 3.8034722
OS 14.98899974 4.07555954
OS 14.98899974 4.35724046
OS 14.91609412 4.6293278
OS 14.77525112 4.87327194
OS 14.57607194 5.07245112
OS 14.3321278 5.21329412
OS 14.06004046 5.28619974
OE
OB 11.52004046 5.28619974 H
OS 11.23835954 5.28619974
OS 10.9662722 5.21329412
OS 10.72232806 5.07245112
OS 10.52314888 4.87327194
OS 10.38230588 4.6293278
OS 10.30940026 4.35724046
OS 10.30940026 4.07555954
OS 10.38230588 3.8034722
OS 10.52314888 3.55952806
OS 10.72232806 3.36034888
OS 10.9662722 3.21950588
OS 11.23835954 3.14660026
OS 11.52004046 3.14660026
OS 11.7921278 3.21950588
OS 12.03607194 3.36034888
OS 12.23525112 3.55952806
OS 12.37609412 3.8034722
OS 12.44899974 4.07555954
OS 12.44899974 4.35724046
OS 12.37609412 4.6293278
OS 12.23525112 4.87327194
OS 12.03607194 5.07245112
OS 11.7921278 5.21329412
OS 11.52004046 5.28619974
OE
OB 8.98004046 5.28619974 H
OS 8.69835954 5.28619974
OS 8.4262722 5.21329412
OS 8.18232806 5.07245112
OS 7.98314888 4.87327194
OS 7.84230588 4.6293278
OS 7.76940026 4.35724046
OS 7.76940026 4.07555954
OS 7.84230588 3.8034722
OS 7.98314888 3.55952806
OS 8.18232806 3.36034888
OS 8.4262722 3.21950588
OS 8.69835954 3.14660026
OS 8.98004046 3.14660026
OS 9.2521278 3.21950588
OS 9.49607194 3.36034888
OS 9.69525112 3.55952806
OS 9.83609412 3.8034722
OS 9.90899974 4.07555954
OS 9.90899974 4.35724046
OS 9.83609412 4.6293278
OS 9.69525112 4.87327194
OS 9.49607194 5.07245112
OS 9.2521278 5.21329412
OS 8.98004046 5.28619974
OE
SE
S P 0
OB 30.12479878 33.42831008 I
OS 30.12530424 33.40892226
OS 30.12681808 33.38996116
OS 30.1293403 33.3714217
OS 30.13287344 33.35330896
OS 30.13741496 33.33561786
OS 30.14296486 33.31835348
OS 30.14952314 33.30151074
OS 30.15709234 33.28509472
OS 30.16567246 33.26910034
OS 30.17525842 33.25353268
OS 29.89726812 33.31394658
OS 29.91154292 33.32395418
OS 29.92431404 33.33508192
OS 29.93558402 33.34732726
OS 29.94535286 33.3606902
OS 29.95361548 33.37517074
OS 29.96037696 33.39077142
OS 29.9656373 33.4074897
OS 29.96939396 33.42532558
OS 29.97164694 33.44427906
OS 29.97239878 33.46435014
OS 30.12479878 33.42831008
OE
SE
S P 0
OB 30.14796612 17.99741892 I
OS 30.12968574 17.99688552
OS 30.11183462 17.99491194
OS 30.0944153 17.99149818
OS 30.07742016 17.98664678
OS 30.06085682 17.9803552
OS 30.04472274 17.97262598
OS 30.02901538 17.96345912
OS 30.01373728 17.95284954
OS 29.99889098 17.94080486
OS 29.9844714 17.92731746
OS 29.87670682 18.03508204
OS 29.89019422 18.04950162
OS 29.9022389 18.06434792
OS 29.91284848 18.07962602
OS 29.92201534 18.09533338
OS 29.92974456 18.11146746
OS 29.93603614 18.1280308
OS 29.94088754 18.14502594
OS 29.9443013 18.16244526
OS 29.94627488 18.18029638
OS 29.94680828 18.19857676
OS 30.14796612 17.99741892
OE
SE
S P 0
OB 30.1563278 37.0643912 I
OS 30.17132904 37.05260814
OS 30.18657158 37.042725
OS 30.20205542 37.03474432
OS 30.2177831 37.0286661
OS 30.23375208 37.02449034
OS 30.24996236 37.02221704
OS 30.26641394 37.02184366
OS 30.28310936 37.02337528
OS 30.30004608 37.02680682
OS 30.15283784 36.78337322
OS 30.14816678 36.80094748
OS 30.14253306 36.81812804
OS 30.13593414 36.83491236
OS 30.12837256 36.85130298
OS 30.11984832 36.86729736
OS 30.11035888 36.88289804
OS 30.09990678 36.89810248
OS 30.08848948 36.91291576
OS 30.07611206 36.92733026
OS 30.06276944 36.9413536
OS 30.1415704 37.07807926
OS 30.1563278 37.0643912
OE
SE
S P 0
OB 30.4268251 20.99390772 I
OS 30.44214384 20.98076576
OS 30.45696474 20.96957452
OS 30.47128526 20.960334
OS 30.48510794 20.9530442
OS 30.49843278 20.94770512
OS 30.51125724 20.94431676
OS 30.52358132 20.94287912
OS 30.53540756 20.9433922
OS 30.54673596 20.94585854
OS 30.4117756 20.69542724
OS 30.40898922 20.70304724
OS 30.40476266 20.71159688
OS 30.39909592 20.7210787
OS 30.39198646 20.73149524
OS 30.37344446 20.75512486
OS 30.34913666 20.7824832
OS 30.3190656 20.8135728
OS 30.41100598 21.0090004
OS 30.4268251 20.99390772
OE
SE
S P 0
OB 30.6508912 34.6514039 I
OS 30.6657375 34.63935922
OS 30.6810156 34.62874964
OS 30.69672296 34.61958278
OS 30.71285704 34.61185356
OS 30.72942038 34.60556198
OS 30.74641552 34.60071058
OS 30.76383484 34.59729682
OS 30.78168596 34.59532324
OS 30.79996634 34.59478984
OS 30.5988085 34.393632
OS 30.5982751 34.41191238
OS 30.59630152 34.4297635
OS 30.59288776 34.44718282
OS 30.58803636 34.46417796
OS 30.58174478 34.4807413
OS 30.57401556 34.49687538
OS 30.5648487 34.51258274
OS 30.55423912 34.52786084
OS 30.54219444 34.54270714
OS 30.52870704 34.55712672
OS 30.63647162 34.6648913
OS 30.6508912 34.6514039
OE
SE
S P 0
OB 30.9144924 18.89158274 I
OS 30.9032656 18.87756448
OS 30.8933596 18.86283248
OS 30.8847744 18.84738674
OS 30.87751 18.83122472
OS 30.8715664 18.8143515
OS 30.8669436 18.796762
OS 30.8636416 18.77845876
OS 30.8616604 18.75944178
OS 30.861 18.73970852
OS 30.7086 18.73970852
OS 30.7079396 18.75944178
OS 30.7059584 18.77845876
OS 30.7026564 18.796762
OS 30.6980336 18.8143515
OS 30.69209 18.83122472
OS 30.6848256 18.84738674
OS 30.6762404 18.86283248
OS 30.6663344 18.87756448
OS 30.6551076 18.89158274
OS 30.64256 18.90488726
OS 30.92704 18.90488726
OS 30.9144924 18.89158274
OE
SE
S P 0
OB 31.5980064 33.60366152 I
OS 31.5999876 33.58464454
OS 31.6032896 33.5663413
OS 31.6079124 33.5487518
OS 31.613856 33.53187858
OS 31.6211204 33.51571656
OS 31.6297056 33.50027082
OS 31.6396116 33.48553882
OS 31.6508384 33.47152056
OS 31.663386 33.45821604
OS 31.378906 33.45821604
OS 31.3914536 33.47152056
OS 31.4026804 33.48553882
OS 31.4125864 33.50027082
OS 31.4211716 33.51571656
OS 31.428436 33.53187858
OS 31.4343796 33.5487518
OS 31.4390024 33.5663413
OS 31.4423044 33.58464454
OS 31.4442856 33.60366152
OS 31.444946 33.62339478
OS 31.597346 33.62339478
OS 31.5980064 33.60366152
OE
SE
S P 0
OB 32.22757842 18.99350786 I
OS 32.21635162 18.9794896
OS 32.20644562 18.9647576
OS 32.19786042 18.94931186
OS 32.19059602 18.93314984
OS 32.18465242 18.91627662
OS 32.18002962 18.89868712
OS 32.17672762 18.88038388
OS 32.17474642 18.8613669
OS 32.17408602 18.84163364
OS 32.02168602 18.84163364
OS 32.02102562 18.8613669
OS 32.01904442 18.88038388
OS 32.01574242 18.89868712
OS 32.01111962 18.91627662
OS 32.00517602 18.93314984
OS 31.99791162 18.94931186
OS 31.98932642 18.9647576
OS 31.97942042 18.9794896
OS 31.96819362 18.99350786
OS 31.95564602 19.00681238
OS 32.24012602 19.00681238
OS 32.22757842 18.99350786
OE
SE
S P 0
OB 32.77635812 33.92344498 I
OS 32.77863396 33.9045042
OS 32.78242364 33.88673944
OS 32.7877297 33.87014562
OS 32.79455214 33.85472782
OS 32.80289096 33.8404835
OS 32.81274616 33.82741266
OS 32.8241152 33.8155153
OS 32.83700316 33.80479142
OS 32.85140496 33.79524356
OS 32.57517996 33.72720458
OS 32.58430618 33.7429348
OS 32.5924672 33.75906634
OS 32.59967064 33.77560174
OS 32.60591396 33.79253846
OS 32.61119716 33.8098765
OS 32.6155177 33.82761586
OS 32.61888066 33.84575908
OS 32.62128096 33.86430616
OS 32.62272114 33.88325202
OS 32.6232012 33.90260174
OS 32.7756012 33.9435567
OS 32.77635812 33.92344498
OE
SE
S P 0
OB 32.91569236 18.0791485 I
OS 32.90753134 18.06301696
OS 32.9003279 18.04648156
OS 32.89408458 18.02954484
OS 32.88880138 18.0122068
OS 32.88448084 17.99446744
OS 32.88111788 17.97632422
OS 32.87871758 17.95777714
OS 32.8772774 17.93883128
OS 32.87679734 17.91948156
OS 32.72439734 17.8785266
OS 32.72364042 17.89863832
OS 32.72136458 17.9175791
OS 32.7175749 17.93534386
OS 32.71226884 17.95193768
OS 32.7054464 17.96735548
OS 32.69710758 17.9815998
OS 32.68725238 17.99467064
OS 32.67588334 18.006568
OS 32.66299538 18.01729188
OS 32.64859358 18.02683974
OS 32.92481858 18.09487872
OS 32.91569236 18.0791485
OE
SE
S P 0
OB 33.1750924 15.76738274 I
OS 33.1638656 15.75336448
OS 33.1539596 15.73863248
OS 33.1453744 15.72318674
OS 33.13811 15.70702472
OS 33.1321664 15.6901515
OS 33.1275436 15.672562
OS 33.1242416 15.65425876
OS 33.1222604 15.63524178
OS 33.1216 15.61550852
OS 32.9692 15.61550852
OS 32.9685396 15.63524178
OS 32.9665584 15.65425876
OS 32.9632564 15.672562
OS 32.9586336 15.6901515
OS 32.95269 15.70702472
OS 32.9454256 15.72318674
OS 32.9368404 15.73863248
OS 32.9269344 15.75336448
OS 32.9157076 15.76738274
OS 32.90316 15.78068726
OS 33.18764 15.78068726
OS 33.1750924 15.76738274
OE
SE
S P 0
OB 33.204658 35.6842822 I
OS 33.2066392 35.66526522
OS 33.2099412 35.64696198
OS 33.214564 35.62937248
OS 33.2205076 35.61249926
OS 33.227772 35.59633724
OS 33.2363572 35.5808915
OS 33.2462632 35.5661595
OS 33.25749 35.55214124
OS 33.2700376 35.53883672
OS 32.9855576 35.53883672
OS 32.9981052 35.55214124
OS 33.009332 35.5661595
OS 33.019238 35.5808915
OS 33.0278232 35.59633724
OS 33.0350876 35.61249926
OS 33.0410312 35.62937248
OS 33.045654 35.64696198
OS 33.048956 35.66526522
OS 33.0509372 35.6842822
OS 33.0515976 35.70401546
OS 33.2039976 35.70401546
OS 33.204658 35.6842822
OE
SE
S P 0
OB 33.52769012 18.84075734 I
OS 33.51646332 18.82673908
OS 33.50655732 18.81200708
OS 33.49797212 18.79656134
OS 33.49070772 18.78039932
OS 33.48476412 18.7635261
OS 33.48014132 18.7459366
OS 33.47683932 18.72763336
OS 33.47485812 18.70861638
OS 33.47419772 18.68888312
OS 33.32179772 18.68888312
OS 33.32113732 18.70861638
OS 33.31915612 18.72763336
OS 33.31585412 18.7459366
OS 33.31123132 18.7635261
OS 33.30528772 18.78039932
OS 33.29802332 18.79656134
OS 33.28943812 18.81200708
OS 33.27953212 18.82673908
OS 33.26830532 18.84075734
OS 33.25575772 18.85406186
OS 33.54023772 18.85406186
OS 33.52769012 18.84075734
OE
SE
S P 0
OB 33.63554614 34.62340294 I
OS 33.6217641 34.60852616
OS 33.61004708 34.59353254
OS 33.60040016 34.57841954
OS 33.5928208 34.5631897
OS 33.587309 34.54784302
OS 33.5838673 34.5323795
OS 33.58249316 34.5167966
OS 33.58318658 34.50109686
OS 33.58594756 34.48528028
OS 33.59077864 34.46934686
OS 33.33387542 34.59153356
OS 33.35028636 34.5976321
OS 33.38227258 34.6122498
OS 33.39784532 34.62076642
OS 33.42815514 34.64022028
OS 33.44288968 34.65115498
OS 33.4715231 34.67544754
OS 33.48541944 34.68880286
OS 33.63554614 34.62340294
OE
SE
S P 0
OB 33.9604604 36.94275822 I
OS 33.9624416 36.92374124
OS 33.9657436 36.905438
OS 33.9703664 36.8878485
OS 33.97631 36.87097528
OS 33.9835744 36.85481326
OS 33.9921596 36.83936752
OS 34.0020656 36.82463552
OS 34.0132924 36.81061726
OS 34.02584 36.79731274
OS 33.74136 36.79731274
OS 33.7539076 36.81061726
OS 33.7651344 36.82463552
OS 33.7750404 36.83936752
OS 33.7836256 36.85481326
OS 33.79089 36.87097528
OS 33.7968336 36.8878485
OS 33.8014564 36.905438
OS 33.8047584 36.92374124
OS 33.8067396 36.94275822
OS 33.8074 36.96249148
OS 33.9598 36.96249148
OS 33.9604604 36.94275822
OE
SE
S P 0
OB 33.97010732 18.84825542 I
OS 34.17219988 18.84825542
OS 34.2220931 18.86892086
OS 34.29403352 18.76125534
OS 34.26093732 18.72815914
OS 34.1835994 18.54144628
OS 34.1835994 18.33935372
OS 34.26093732 18.15264086
OS 34.40384026 18.00973792
OS 34.59055312 17.9324
OS 34.79264568 17.9324
OS 34.97935854 18.00973792
OS 35.12226148 18.15264086
OS 35.1995994 18.33935372
OS 35.1995994 18.54144628
OS 35.1395411 18.68643964
OS 35.22874336 18.7869576
OS 35.4712524 18.7869576
OS 35.54773434 18.73585534
OS 35.54773434 16.48799852
OS 34.4687144 15.40897858
OS 34.35138164 15.45758148
OS 34.35138164 16.2163506
OS 34.32181096 16.36500918
OS 34.23760234 16.49103636
OS 34.13501174 16.59362696
OS 34.20157498 16.75432768
OS 34.20157498 16.95642024
OS 34.12423706 17.1431331
OS 33.98133412 17.28603604
OS 33.79462126 17.36337396
OS 33.65166244 17.36337396
OS 33.65166244 17.72587006
OS 33.67268348 17.7468911
OS 33.7568921 17.87291828
OS 33.78646278 18.02157686
OS 33.78646278 18.66921844
OS 33.8286598 18.71141546
OS 33.89775288 18.87822488
OS 33.97010732 18.84825542
OE
SE
S P 0
OB 34.57053792 36.36444086 I
OS 34.71344086 36.22153792
OS 34.90015372 36.1442
OS 35.10224628 36.1442
OS 35.18093548 36.17679328
OS 35.28653344 36.10623462
OS 35.28653344 35.4109782
OS 35.24433642 35.36878118
OS 35.1669985 35.18206832
OS 35.1669985 34.97997576
OS 35.24433642 34.7932629
OS 35.35542586 34.68217346
OS 35.06277722 34.38952482
OS 35.05014072 34.38828022
OS 34.98775832 34.45066262
OS 34.80104546 34.52800054
OS 34.5989529 34.52800054
OS 34.41224004 34.45066262
OS 34.2693371 34.30775968
OS 34.19199918 34.12104682
OS 34.19199918 33.91895426
OS 34.2693371 33.7322414
OS 34.3587451 33.6428334
OS 34.30613916 33.5158334
OS 34.20883176 33.5158334
OS 34.0221189 33.43849548
OS 33.87921596 33.29559254
OS 33.80187804 33.10887968
OS 33.80187804 32.90678712
OS 33.87921596 32.72007426
OS 34.0221189 32.57717132
OS 34.20883176 32.4998334
OS 34.41092432 32.4998334
OS 34.52144734 32.54561436
OS 34.66018468 32.40687702
OS 34.84689754 32.3295391
OS 35.04898756 32.3295391
OS 35.09138778 32.30120794
OS 35.09138778 26.58139972
OS 35.020377 26.51038894
OS 34.91932564 26.35915988
OS 34.88384184 26.18076806
OS 34.88384184 25.07254066
OS 34.76650908 25.02393776
OS 31.26924912 28.52119518
OS 31.11802006 28.62224654
OS 30.93962824 28.65773034
OS 29.2920293 28.65773034
OS 29.22147064 28.7633283
OS 29.2354 28.79695536
OS 29.2354 28.99904792
OS 29.15806208 29.18576078
OS 29.01515914 29.32866372
OS 28.82844628 29.40600164
OS 28.6415353 29.40600164
OS 28.61574922 29.4158797
OS 28.5242 29.50115258
OS 28.5242 29.57666932
OS 28.52456322 29.65317158
OS 28.6415353 29.69400208
OS 28.72684628 29.69400208
OS 28.91355914 29.77134
OS 29.05646208 29.91424294
OS 29.1338 30.1009558
OS 29.1338 30.30304836
OS 29.05646208 30.48976122
OS 28.91355914 30.63266416
OS 28.72684628 30.71000208
OS 28.61821048 30.71000208
OS 28.59084452 30.75095958
OS 28.59084452 30.95304706
OS 28.61821048 30.99400202
OS 28.72684628 30.99400202
OS 28.91355914 31.07133994
OS 29.05646208 31.21424288
OS 29.1338 31.40095574
OS 29.1338 31.6030483
OS 29.05646208 31.78976116
OS 28.91355914 31.9326641
OS 28.73680562 32.00587706
OS 28.75547716 32.05095698
OS 28.75547716 32.253047
OS 28.85100148 32.3543041
OS 29.01515914 32.4222999
OS 29.15806208 32.56520284
OS 29.2354 32.7519157
OS 29.2354 32.95400826
OS 29.15806208 33.14072112
OS 29.01515914 33.28362406
OS 28.82844628 33.36096198
OS 28.62635372 33.36096198
OS 28.43964086 33.28362406
OS 28.39744384 33.24142704
OS 28.13253454 33.24142704
OS 27.1433671 34.23059448
OS 27.15621696 34.3973531
OS 27.24033668 34.48147282
OS 27.3176746 34.66818568
OS 27.3176746 34.8702757
OS 27.34875404 34.91678818
OS 27.71089708 34.91678818
OS 27.7530941 34.87459116
OS 27.93980696 34.79725324
OS 28.14189952 34.79725324
OS 28.32861238 34.87459116
OS 28.43002188 34.97600066
OS 28.5896177 34.99601078
OS 29.66013372 33.92549222
OS 29.66013372 33.51504346
OS 29.57478464 33.42969438
OS 29.49744672 33.24298152
OS 29.49744672 33.04088896
OS 29.57478464 32.8541761
OS 29.71768758 32.71127316
OS 29.90440044 32.63393524
OS 30.106493 32.63393524
OS 30.29320586 32.71127316
OS 30.4361088 32.8541761
OS 30.51344672 33.04088896
OS 30.51344672 33.24298152
OS 30.43706384 33.42738806
OS 30.43706384 33.87217762
OS 30.56406638 33.94030042
OS 30.70095206 33.8836
OS 30.90304462 33.8836
OS 30.95393352 33.90467946
OS 31.04587644 33.84324448
OS 31.06139838 33.81172562
OS 31.08910216 33.6724498
OS 31.11832994 33.62870846
OS 31.09048392 33.60086244
OS 31.013146 33.41414958
OS 31.013146 33.21205702
OS 31.09048392 33.02534416
OS 31.23338686 32.88244122
OS 31.42009972 32.8051033
OS 31.62219228 32.8051033
OS 31.80890514 32.88244122
OS 31.95180808 33.02534416
OS 32.029146 33.21205702
OS 32.029146 33.41414958
OS 31.95180808 33.60086244
OS 31.90961106 33.64305946
OS 31.90961106 33.74795892
OS 31.90072614 33.7926299
OS 31.98620222 33.8793328
OS 32.01079958 33.89023702
OS 32.17248074 33.89023702
OS 32.23809402 33.82400144
OS 32.26418236 33.77975464
OS 32.23999902 33.72136766
OS 32.23999902 33.5192751
OS 32.31733694 33.33256224
OS 32.46023988 33.1896593
OS 32.64695274 33.11232138
OS 32.8490453 33.11232138
OS 33.03575816 33.1896593
OS 33.1786611 33.33256224
OS 33.25599902 33.5192751
OS 33.25599902 33.72136766
OS 33.23082254 33.78214732
OS 33.25993856 33.82883252
OS 33.32303724 33.89139272
OS 33.50104552 33.89139272
OS 33.68775838 33.96873064
OS 33.83066132 34.11163358
OS 33.90799924 34.29834644
OS 33.90799924 34.45424656
OS 33.93388438 34.4801317
OS 34.018093 34.60615888
OS 34.01925378 34.61199326
OS 34.16206274 34.6789502
OS 34.27395228 34.63260536
OS 34.47604484 34.63260536
OS 34.6627577 34.70994328
OS 34.80566064 34.85284622
OS 34.88299856 35.03955908
OS 34.88299856 35.24165164
OS 34.80566064 35.4283645
OS 34.6627577 35.57126744
OS 34.47604484 35.64860536
OS 34.27395228 35.64860536
OS 34.17666266 35.60830826
OS 34.15897664 35.60919218
OS 34.04766368 35.69233908
OS 34.04766368 36.05041812
OS 34.02563172 36.16117736
OS 34.17135914 36.22153792
OS 34.31426208 36.36444086
OS 34.37586724 36.51316802
OS 34.50893276 36.51316802
OS 34.57053792 36.36444086
OE
SE
S P 0
OB 34.88384184 23.5881164 I
OS 34.88384184 22.87859788
OS 34.88384184 22.04649642
OS 34.88384184 19.7925055
OS 34.8332044 19.74186806
OS 34.74039788 19.51781466
OS 34.74039788 19.27530054
OS 34.82720492 19.0657353
OS 34.82061362 19.04336298
OS 34.80399948 19.01211844
OS 34.7564456 18.9484
OS 34.59055312 18.9484
OS 34.5406599 18.92773456
OS 34.46871948 19.03540008
OS 34.50181568 19.06849628
OS 34.5791536 19.25520914
OS 34.5791536 19.4573017
OS 34.50181568 19.64401456
OS 34.35891274 19.7869175
OS 34.17219988 19.86425542
OS 33.97010732 19.86425542
OS 33.78339446 19.7869175
OS 33.64049152 19.64401456
OS 33.57139844 19.47720514
OS 33.499044 19.5071746
OS 33.29695144 19.5071746
OS 33.11023858 19.42983668
OS 32.96733564 19.28693374
OS 32.88999772 19.10022088
OS 32.88999772 18.89812832
OS 32.92310154 18.81820976
OS 32.89183922 18.76981768
OS 32.83055664 18.70976192
OS 32.65095578 18.70976192
OS 32.53526386 18.79457252
OS 32.5285481 18.86416852
OS 32.60588602 19.05087884
OS 32.60588602 19.2529714
OS 32.5285481 19.43968426
OS 32.38564516 19.5825872
OS 32.1989323 19.65992512
OS 31.99683974 19.65992512
OS 31.81012688 19.5825872
OS 31.66722394 19.43968426
OS 31.58988602 19.2529714
OS 31.58988602 19.05087884
OS 31.65962172 18.88252002
OS 31.62482118 18.8254894
OS 31.57504988 18.7800869
OS 31.55304586 18.78920042
OS 31.36409272 18.78920042
OS 31.31775296 18.83155746
OS 31.26961234 18.89297212
OS 31.2928 18.94895372
OS 31.2928 19.15104628
OS 31.21546208 19.33775914
OS 31.07255914 19.48066208
OS 30.88584628 19.558
OS 30.68375372 19.558
OS 30.49704086 19.48066208
OS 30.35413792 19.33775914
OS 30.2768 19.15104628
OS 30.2768 18.94895372
OS 30.33357408 18.81189024
OS 30.27822748 18.74262952
OS 30.24183436 18.70860876
OS 30.04895184 18.70860876
OS 29.90248782 18.6479434
OS 29.86926208 18.72815914
OS 29.72635914 18.87106208
OS 29.53964628 18.9484
OS 29.33755372 18.9484
OS 29.15084086 18.87106208
OS 29.00793792 18.72815914
OS 28.9306 18.54144628
OS 28.9306 18.33935372
OS 29.00793792 18.15264086
OS 29.05013494 18.11044384
OS 29.05013494 18.0811678
OS 28.62902326 17.66005612
OS 28.55816742 17.73091196
OS 28.37145456 17.80824988
OS 28.169362 17.80824988
OS 27.98264914 17.73091196
OS 27.8397462 17.58800902
OS 27.76240828 17.40129616
OS 27.76240828 17.38106506
OS 25.8668139 17.38106506
OS 25.79625524 17.48666302
OS 25.80041322 17.49669856
OS 25.80041322 17.73921268
OS 25.7076067 17.96326608
OS 25.53612368 18.1347491
OS 25.53006832 18.13725862
OS 25.52795758 18.21321224
OS 25.54269974 18.26949102
OS 25.75063176 18.35561988
OS 25.92211478 18.5271029
OS 26.0149213 18.7511563
OS 26.0149213 18.99367042
OS 25.95328312 19.14247886
OS 25.94273958 19.27557994
OS 26.11422006 19.44706042
OS 26.20702658 19.67111382
OS 26.20702658 19.91362794
OS 26.11422006 20.13768134
OS 25.94273704 20.30916436
OS 25.71868364 20.40197088
OS 25.55054834 20.40197088
OS 25.4979424 20.52897088
OS 26.65350778 21.68453626
OS 26.79724384 21.68453626
OS 26.83944086 21.64233924
OS 27.02615372 21.56500132
OS 27.22824628 21.56500132
OS 27.41495914 21.64233924
OS 27.44733652 21.67471662
OS 27.50989164 21.66104126
OS 27.58161362 21.62938524
OS 27.65167444 21.46024156
OS 27.79457738 21.31733862
OS 27.98129024 21.2400007
OS 28.12936716 21.2400007
OS 28.15673312 21.1990432
OS 28.15673312 21.07333606
OS 28.14715986 20.99361308
OS 28.03939782 20.95600076
OS 27.94055372 20.95600076
OS 27.75384086 20.87866284
OS 27.61093792 20.7357599
OS 27.5336 20.54904704
OS 27.5336 20.34695448
OS 27.61093792 20.16024162
OS 27.75384086 20.01733868
OS 27.94055372 19.94000076
OS 28.14264628 19.94000076
OS 28.32935914 20.01733868
OS 28.47226208 20.16024162
OS 28.5496 20.34695448
OS 28.5496 20.47266416
OS 28.55917326 20.55238714
OS 28.6669353 20.58999946
OS 28.7657794 20.58999946
OS 28.95249226 20.66733738
OS 28.96879144 20.68363656
OS 30.00668624 20.68363656
OS 30.13593414 20.55438866
OS 30.14111828 20.54777958
OS 30.14241114 20.54588728
OS 30.14245432 20.54584664
OS 30.17633792 20.46404086
OS 30.31924086 20.32113792
OS 30.50595372 20.2438
OS 30.70804628 20.2438
OS 30.89475914 20.32113792
OS 31.03766208 20.46404086
OS 31.115 20.65075372
OS 31.115 20.85284628
OS 31.03766208 21.03955914
OS 30.89475914 21.18246208
OS 30.70804628 21.2598
OS 30.60251944 21.2598
OS 30.47132082 21.39099862
OS 30.33689132 21.48082064
OS 30.17832166 21.51236236
OS 28.96879144 21.51236236
OS 28.95249226 21.52866154
OS 28.7657794 21.60599946
OS 28.61770248 21.60599946
OS 28.59033652 21.64695696
OS 28.59033652 21.84904698
OS 28.5129986 22.03575984
OS 28.37009566 22.17866278
OS 28.1833828 22.2560007
OS 27.98129024 22.2560007
OS 27.79457738 22.17866278
OS 27.7622 22.1462854
OS 27.69964488 22.15996076
OS 27.6279229 22.19161678
OS 27.55786208 22.36076046
OS 27.41495914 22.5036634
OS 27.22824628 22.58100132
OS 27.02615372 22.58100132
OS 26.83944086 22.5036634
OS 26.79724384 22.46146638
OS 26.49260132 22.46146638
OS 26.34394274 22.4318957
OS 26.3385681 22.42830414
OS 26.2359775 22.51249752
OS 26.289 22.64050844
OS 26.289 22.842601
OS 26.2767064 22.8722809
OS 26.36156526 22.99928344
OS 27.56772744 22.99928344
OS 27.56772744 22.95095486
OS 27.64506536 22.764242
OS 27.7879683 22.62133906
OS 27.97468116 22.54400114
OS 28.17677372 22.54400114
OS 28.36348658 22.62133906
OS 28.50638952 22.764242
OS 28.58372744 22.95095486
OS 28.58372744 23.12156158
OS 28.65660766 23.19124394
OS 28.69667362 23.21224466
OS 28.75063338 23.18989266
OS 28.95272594 23.18989266
OS 29.1394388 23.26723058
OS 29.28234174 23.41013352
OS 29.35967966 23.59684638
OS 29.35967966 23.79893894
OS 29.28234174 23.9856518
OS 29.1394388 24.12855474
OS 28.95272594 24.20589266
OS 28.75063338 24.20589266
OS 28.73071978 24.19764274
OS 28.6258 24.29165068
OS 28.6258 24.45304482
OS 28.7338262 24.52412164
OS 28.83724738 24.56695874
OS 28.98015032 24.70986168
OS 29.05748824 24.89657454
OS 29.05748824 25.0986671
OS 28.98015032 25.28537996
OS 28.93776788 25.3277624
OS 28.98026716 25.37025914
OS 29.05760508 25.556972
OS 29.05760508 25.75906456
OS 28.98026716 25.94577742
OS 28.83736422 26.08868036
OS 28.65288656 26.16509372
OS 28.54924948 26.21370932
OS 28.54079636 26.22635852
OS 28.54079636 26.35121222
OS 28.59764918 26.38920046
OS 28.7997392 26.38920046
OS 28.98645206 26.46653838
OS 29.129355 26.60944132
OS 29.20669292 26.79615418
OS 29.20669292 26.99824674
OS 29.15748042 27.11706032
OS 29.2401752 27.15131222
OS 29.38307814 27.29421516
OS 29.46041606 27.48092802
OS 29.46041606 27.68301804
OS 29.48874722 27.72541826
OS 30.74654252 27.72541826
OS 34.88384184 23.5881164
OE
SE
S P 0
OB 35.0780604 36.94275822 I
OS 35.0800416 36.92374124
OS 35.0833436 36.905438
OS 35.0879664 36.8878485
OS 35.09391 36.87097528
OS 35.1011744 36.85481326
OS 35.1097596 36.83936752
OS 35.1196656 36.82463552
OS 35.1308924 36.81061726
OS 35.14344 36.79731274
OS 34.85896 36.79731274
OS 34.8715076 36.81061726
OS 34.8827344 36.82463552
OS 34.8926404 36.83936752
OS 34.9012256 36.85481326
OS 34.90849 36.87097528
OS 34.9144336 36.8878485
OS 34.9190564 36.905438
OS 34.9223584 36.92374124
OS 34.9243396 36.94275822
OS 34.925 36.96249148
OS 35.0774 36.96249148
OS 35.0780604 36.94275822
OE
SE
S P 0
OB 35.50300748 19.8106157 I
OS 35.50788428 19.75161912
OS 35.51215148 19.7254114
OS 35.51763788 19.70139824
OS 35.52434348 19.6795771
OS 35.53226828 19.65995052
OS 35.54141228 19.64251596
OS 35.55177548 19.62727596
OS 35.56335788 19.61422798
OS 35.13663788 19.61422798
OS 35.14822028 19.62727596
OS 35.15858348 19.64251596
OS 35.16772748 19.65995052
OS 35.17565228 19.6795771
OS 35.18235788 19.70139824
OS 35.18784428 19.7254114
OS 35.19211148 19.75161912
OS 35.19515948 19.7800214
OS 35.19759788 19.84340202
OS 35.50239788 19.84340202
OS 35.50300748 19.8106157
OE
SE
S P 0
OB 35.7518589 35.37158026 I
OS 35.7538401 35.35256328
OS 35.7571421 35.33426004
OS 35.7617649 35.31667054
OS 35.7677085 35.29979732
OS 35.7749729 35.2836353
OS 35.7835581 35.26818956
OS 35.7934641 35.25345756
OS 35.8046909 35.2394393
OS 35.8172385 35.22613478
OS 35.5327585 35.22613478
OS 35.5453061 35.2394393
OS 35.5565329 35.25345756
OS 35.5664389 35.26818956
OS 35.5750241 35.2836353
OS 35.5822885 35.29979732
OS 35.5882321 35.31667054
OS 35.5928549 35.33426004
OS 35.5961569 35.35256328
OS 35.5981381 35.37158026
OS 35.5987985 35.39131352
OS 35.7511985 35.39131352
OS 35.7518589 35.37158026
OE
SE
S P 0
OB 36.79943618 18.945225 I
OS 36.79000008 18.92244628
OS 36.79000008 18.72035372
OS 36.867338 18.53364086
OS 36.90953502 18.49144384
OS 36.90953502 17.7927635
OS 36.83471424 17.71794272
OS 36.75050562 17.59191554
OS 36.72093494 17.44325696
OS 36.72093494 14.83360254
OS 36.75050562 14.68494396
OS 36.83471424 14.55891678
OS 39.69273494 11.70089608
OS 39.69273494 9.90675184
OS 39.72230562 9.75809326
OS 39.80651424 9.63206608
OS 45.14598032 4.2926
OS 45.09337438 4.1656
OS 44.9646167 4.1656
OS 44.7320543 4.10328364
OS 44.5235457 3.98290034
OS 44.35329966 3.8126543
OS 44.23291636 3.6041457
OS 44.1706 3.3715833
OS 44.1706 3.1308167
OS 44.23291636 2.8982543
OS 44.35329966 2.6897457
OS 44.5235457 2.51949966
OS 44.7320543 2.39911636
OS 44.9646167 2.3368
OS 45.2053833 2.3368
OS 45.4379457 2.39911636
OS 45.6464543 2.51949966
OS 45.81670034 2.6897457
OS 45.93708364 2.8982543
OS 45.9994 3.1308167
OS 45.9994 3.25957438
OS 46.1264 3.31218032
OS 48.7086656 0.72991472
OS 48.83469278 0.6457061
OS 48.98335136 0.61613542
OS 59.70038606 0.61613542
OS 59.84904464 0.6457061
OS 59.93588978 0.70373494
OS 68.10524098 0.70373494
OS 68.15384388 0.58640218
OS 67.87330596 0.30586426
OS 23.2156762 0.30586426
OS 23.20171636 0.32629348
OS 23.23474906 0.49881536
OS 23.25176198 0.51018186
OS 23.38085494 0.63927482
OS 23.38511198 0.64564768
OS 23.3913172 0.6501511
OS 31.45944178 9.37088804
OS 31.48995734 9.42063648
OS 31.52488488 9.4673928
OS 31.60313212 9.6313625
OS 31.60313974 9.6313752
OS 31.6179962 9.6625156
OS 31.62054382 9.67254352
OS 31.62629438 9.68114904
OS 31.639129 9.74566758
OS 31.65532912 9.8094165
OS 31.65384576 9.81965778
OS 31.65586506 9.82980762
OS 31.65586506 11.4973862
OS 35.27709226 15.1186134
OS 35.32886254 15.1083137
OS 35.47176294 14.9654133
OS 35.6584758 14.88807538
OS 35.86056836 14.88807538
OS 36.04728122 14.9654133
OS 36.19018416 15.10831624
OS 36.26752208 15.2950291
OS 36.26752208 15.49712166
OS 36.19018416 15.68383452
OS 36.10605174 15.76796694
OS 36.09319934 15.93472048
OS 36.21088516 16.0524063
OS 36.29509378 16.17843348
OS 36.32466446 16.32709206
OS 36.32466446 18.81352092
OS 36.5619665 19.05082296
OS 36.72887752 19.05082296
OS 36.79943618 18.945225
OE
OB 40.443785 8.20013092 H
OS 40.443785 7.082917
OS 41.12772064 7.082917
OS 41.12772064 7.4059161
OS 41.10008798 7.61580138
OS 41.01907468 7.81138392
OS 40.8902027 7.9793338
OS 40.72225282 8.10820578
OS 40.52667028 8.18921908
OS 40.443785 8.20013092
OE
OB 31.539815 8.20013092 H
OS 31.45692972 8.18921908
OS 31.26134718 8.10820578
OS 31.0933973 7.9793338
OS 30.96452532 7.81138392
OS 30.88351202 7.61580138
OS 30.85587936 7.4059161
OS 30.85587936 7.082917
OS 31.539815 7.082917
OS 31.539815 8.20013092
OE
OB 40.189785 8.20013092 H
OS 40.10689972 8.18921908
OS 39.91131718 8.10820578
OS 39.7433673 7.9793338
OS 39.61449532 7.81138392
OS 39.53348202 7.61580138
OS 39.50584936 7.4059161
OS 39.50584936 6.9141721
OS 39.44085076 6.87838096
OS 39.37884936 6.8676139
OS 39.29592852 6.94905392
OS 39.2456416 6.9820028
OS 39.1958068 7.01497962
OS 39.06844612 7.0670674
OS 39.00965528 7.07848724
OS 38.9508111 7.0901941
OS 38.81321168 7.09019664
OS 38.75434972 7.07848978
OS 38.69558936 7.0670801
OS 38.5682236 7.01500248
OS 38.51826942 6.98195454
OS 38.46809426 6.94908186
OS 38.36991818 6.85266854
OS 38.33613872 6.8030979
OS 38.30219162 6.75375332
OS 38.24781276 6.6273553
OS 38.23534644 6.56885402
OS 38.22256516 6.51016986
OS 38.22131802 6.44138412
OS 38.22233148 6.43576056
OS 38.22131802 6.43013954
OS 38.22256008 6.36134872
OS 38.23528802 6.30289062
OS 38.24780006 6.24416328
OS 38.3021713 6.11776018
OS 38.33592282 6.068695
OS 38.36989024 6.01883734
OS 38.46806124 5.92241894
OS 38.51834816 5.88947006
OS 38.56818296 5.85649324
OS 38.69554364 5.80440546
OS 38.75433448 5.79298562
OS 38.81317866 5.78127876
OS 38.95077808 5.78127622
OS 39.00964004 5.79298308
OS 39.0684004 5.80439276
OS 39.19576616 5.85647038
OS 39.24572034 5.88951832
OS 39.2958955 5.922391
OS 39.39407158 6.01880432
OS 39.42785104 6.06837496
OS 39.46179814 6.11771954
OS 39.46591294 6.12728772
OS 39.60376636 6.12635046
OS 39.61449532 6.10045008
OS 39.7433673 5.9325002
OS 39.91131718 5.80362822
OS 40.10689972 5.72261492
OS 40.189785 5.71170308
OS 40.189785 6.955917
OS 40.189785 8.20013092
OE
OB 31.793815 8.20013092 H
OS 31.793815 6.955917
OS 31.793815 5.71170308
OS 31.87670028 5.72261492
OS 32.07228282 5.80362822
OS 32.2402327 5.9325002
OS 32.36910468 6.10045008
OS 32.38001398 6.1267848
OS 32.51786486 6.12771698
OS 32.5221473 6.11776018
OS 32.55589882 6.068695
OS 32.58986624 6.01883734
OS 32.68803724 5.92241894
OS 32.73832416 5.88947006
OS 32.78815896 5.85649324
OS 32.91551964 5.80440546
OS 32.97431048 5.79298562
OS 33.03315466 5.78127876
OS 33.17075408 5.78127622
OS 33.22961604 5.79298308
OS 33.2883764 5.80439276
OS 33.41574216 5.85647038
OS 33.46569634 5.88951832
OS 33.5158715 5.922391
OS 33.61404758 6.01880432
OS 33.64782704 6.06837496
OS 33.68177414 6.11771954
OS 33.736153 6.24411756
OS 33.74861932 6.30261884
OS 33.7614006 6.361303
OS 33.76264774 6.43008874
OS 33.76213974 6.43291068
OS 33.76269854 6.43572246
OS 33.76213974 6.43852916
OS 33.7626452 6.4413257
OS 33.76140568 6.51011144
OS 33.7486752 6.56858478
OS 33.7361657 6.62730958
OS 33.68179446 6.75371268
OS 33.64804294 6.80277786
OS 33.61407552 6.85263552
OS 33.51590452 6.94905392
OS 33.4656176 6.9820028
OS 33.4157828 7.01497962
OS 33.28842212 7.0670674
OS 33.22963128 7.07848724
OS 33.1707871 7.0901941
OS 33.03318768 7.09019664
OS 32.97432572 7.07848978
OS 32.91556536 7.0670801
OS 32.7881996 7.01500248
OS 32.73824542 6.98195454
OS 32.68807026 6.94908186
OS 32.60475064 6.8672583
OS 32.54417418 6.87752244
OS 32.47775064 6.91362854
OS 32.47775064 7.4059161
OS 32.45011798 7.61580138
OS 32.36910468 7.81138392
OS 32.2402327 7.9793338
OS 32.07228282 8.10820578
OS 31.87670028 8.18921908
OS 31.793815 8.20013092
OE
OB 41.12772064 6.828917 H
OS 40.443785 6.828917
OS 40.443785 5.71170308
OS 40.52667028 5.72261492
OS 40.72225282 5.80362822
OS 40.8902027 5.9325002
OS 41.01907468 6.10045008
OS 41.10008798 6.29603262
OS 41.12772064 6.5059179
OS 41.12772064 6.828917
OE
OB 31.539815 6.828917 H
OS 30.85587936 6.828917
OS 30.85587936 6.5059179
OS 30.88351202 6.29603262
OS 30.96452532 6.10045008
OS 31.0933973 5.9325002
OS 31.26134718 5.80362822
OS 31.45692972 5.72261492
OS 31.539815 5.71170308
OS 31.539815 6.828917
OE
OB 40.443785 3.90042146 H
OS 40.443785 2.882773
OS 41.17815234 2.882773
OS 41.17815234 3.0557724
OS 41.14880264 3.27871074
OS 41.06274998 3.4864548
OS 40.9258643 3.6648517
OS 40.7474674 3.80173738
OS 40.53972334 3.88779004
OS 40.443785 3.90042146
OE
OB 40.189785 3.90042146 H
OS 40.09384666 3.88779004
OS 39.8861026 3.80173738
OS 39.7077057 3.6648517
OS 39.57082002 3.4864548
OS 39.48476736 3.27871074
OS 39.45541766 3.0557724
OS 39.45541766 2.882773
OS 40.189785 2.882773
OS 40.189785 3.90042146
OE
OB 31.793815 3.90042146 H
OS 31.793815 2.882773
OS 32.52818234 2.882773
OS 32.52818234 3.0557724
OS 32.49883264 3.27871074
OS 32.41277998 3.4864548
OS 32.2758943 3.6648517
OS 32.0974974 3.80173738
OS 31.88975334 3.88779004
OS 31.793815 3.90042146
OE
OB 31.539815 3.90042146 H
OS 31.44387666 3.88779004
OS 31.2361326 3.80173738
OS 31.0577357 3.6648517
OS 30.92085002 3.4864548
OS 30.83479736 3.27871074
OS 30.80544766 3.0557724
OS 30.80544766 2.882773
OS 31.539815 2.882773
OS 31.539815 3.90042146
OE
OB 41.17815234 2.628773 H
OS 40.443785 2.628773
OS 40.443785 1.61112454
OS 40.53972334 1.62375596
OS 40.7474674 1.70980862
OS 40.9258643 1.8466943
OS 41.06274998 2.0250912
OS 41.14880264 2.23283526
OS 41.17815234 2.4557736
OS 41.17815234 2.628773
OE
OB 40.189785 2.628773 H
OS 39.45541766 2.628773
OS 39.45541766 2.4557736
OS 39.48476736 2.23283526
OS 39.57082002 2.0250912
OS 39.7077057 1.8466943
OS 39.8861026 1.70980862
OS 40.09384666 1.62375596
OS 40.189785 1.61112454
OS 40.189785 2.628773
OE
OB 32.52818234 2.628773 H
OS 31.793815 2.628773
OS 31.793815 1.61112454
OS 31.88975334 1.62375596
OS 32.0974974 1.70980862
OS 32.2758943 1.8466943
OS 32.41277998 2.0250912
OS 32.49883264 2.23283526
OS 32.52818234 2.4557736
OS 32.52818234 2.628773
OE
OB 31.539815 2.628773 H
OS 30.80544766 2.628773
OS 30.80544766 2.4557736
OS 30.83479736 2.23283526
OS 30.92085002 2.0250912
OS 31.0577357 1.8466943
OS 31.2361326 1.70980862
OS 31.44387666 1.62375596
OS 31.539815 1.61112454
OS 31.539815 2.628773
OE
SE
S P 0
OB 37.42769248 18.66298274 I
OS 37.41646568 18.64896448
OS 37.40655968 18.63423248
OS 37.39797448 18.61878674
OS 37.39071008 18.60262472
OS 37.38476648 18.5857515
OS 37.38014368 18.568162
OS 37.37684168 18.54985876
OS 37.37486048 18.53084178
OS 37.37420008 18.51110852
OS 37.22180008 18.51110852
OS 37.22113968 18.53084178
OS 37.21915848 18.54985876
OS 37.21585648 18.568162
OS 37.21123368 18.5857515
OS 37.20529008 18.60262472
OS 37.19802568 18.61878674
OS 37.18944048 18.63423248
OS 37.17953448 18.64896448
OS 37.16830768 18.66298274
OS 37.15576008 18.67628726
OS 37.44024008 18.67628726
OS 37.42769248 18.66298274
OE
SE
S P 0
OB 37.80453196 17.0984799 I
OS 37.79100392 17.0866689
OS 37.77889574 17.0739562
OS 37.76821504 17.06034688
OS 37.75895674 17.0458384
OS 37.75112338 17.0304333
OS 37.74471496 17.01412904
OS 37.73972894 16.99692562
OS 37.73616786 16.97882558
OS 37.73403172 16.95982638
OS 37.73332052 16.93992802
OS 37.58092052 16.95677584
OS 37.58032616 16.97633892
OS 37.57854562 16.99534574
OS 37.57557636 17.01379884
OS 37.57141838 17.03169822
OS 37.56607168 17.0490388
OS 37.5595388 17.0658282
OS 37.55181974 17.08206134
OS 37.54290942 17.09773822
OS 37.53281292 17.11286138
OS 37.52153024 17.12743082
OS 37.80453196 17.0984799
OE
SE
S P 0
OB 38.02685816 18.43158112 I
OS 38.02883936 18.41256414
OS 38.03214136 18.3942609
OS 38.03676416 18.3766714
OS 38.04270776 18.35979818
OS 38.04997216 18.34363616
OS 38.05855736 18.32819042
OS 38.06846336 18.31345842
OS 38.07969016 18.29944016
OS 38.09223776 18.28613564
OS 37.80775776 18.28613564
OS 37.82030536 18.29944016
OS 37.83153216 18.31345842
OS 37.84143816 18.32819042
OS 37.85002336 18.34363616
OS 37.85728776 18.35979818
OS 37.86323136 18.3766714
OS 37.86785416 18.3942609
OS 37.87115616 18.41256414
OS 37.87313736 18.43158112
OS 37.87379776 18.45131438
OS 38.02619776 18.45131438
OS 38.02685816 18.43158112
OE
SE
S P 0
OB 38.32689312 16.0150302 I
OS 38.31392896 16.00228448
OS 38.30232878 15.98875644
OS 38.29209512 15.97444354
OS 38.28322544 15.95934832
OS 38.27571974 15.94346824
OS 38.26957802 15.92680584
OS 38.26480282 15.90935858
OS 38.2613916 15.891129
OS 38.25934436 15.87211456
OS 38.2586611 15.8523178
OS 38.1062611 15.8588456
OS 38.1056261 15.87851282
OS 38.10371602 15.8975298
OS 38.10053594 15.91589654
OS 38.09608078 15.93361812
OS 38.09035562 15.95068946
OS 38.08335538 15.96711056
OS 38.07508514 15.9828865
OS 38.06554236 15.99800966
OS 38.0547245 16.01248766
OS 38.04263664 16.02631542
OS 38.32689312 16.0150302
OE
SE
S P 0
OB 39.1606913 36.09120544 I
OS 39.1472039 36.07678586
OS 39.13515922 36.06193956
OS 39.12454964 36.04666146
OS 39.11538278 36.0309541
OS 39.10765356 36.01482002
OS 39.10136198 35.99825668
OS 39.09651058 35.98126154
OS 39.09309682 35.96384222
OS 39.09112324 35.9459911
OS 39.09058984 35.92771072
OS 38.889432 36.12886856
OS 38.90771238 36.12940196
OS 38.9255635 36.13137554
OS 38.94298282 36.1347893
OS 38.95997796 36.1396407
OS 38.9765413 36.14593228
OS 38.99267538 36.1536615
OS 39.00838274 36.16282836
OS 39.02366084 36.17343794
OS 39.03850714 36.18548262
OS 39.05292672 36.19897002
OS 39.1606913 36.09120544
OE
SE
S P 0
OB 39.28035832 34.5931236 I
OS 39.28263416 34.57418282
OS 39.28642384 34.55641806
OS 39.2917299 34.53982424
OS 39.29855234 34.52440644
OS 39.30689116 34.51016212
OS 39.31674636 34.49709128
OS 39.3281154 34.48519392
OS 39.34100336 34.47447004
OS 39.35540516 34.46492218
OS 39.07918016 34.3968832
OS 39.08830638 34.41261342
OS 39.0964674 34.42874496
OS 39.10367084 34.44528036
OS 39.10991416 34.46221708
OS 39.11519736 34.47955512
OS 39.1195179 34.49729448
OS 39.12288086 34.5154377
OS 39.12528116 34.53398478
OS 39.12672134 34.55293064
OS 39.1272014 34.57228036
OS 39.2796014 34.61323532
OS 39.28035832 34.5931236
OE
SE
S P 0
OB 39.6717647 15.76528978 I
OS 39.6605379 15.75127152
OS 39.6506319 15.73653952
OS 39.6420467 15.72109378
OS 39.6347823 15.70493176
OS 39.6288387 15.68805854
OS 39.6242159 15.67046904
OS 39.6209139 15.6521658
OS 39.6189327 15.63314882
OS 39.6182723 15.61341556
OS 39.4658723 15.61341556
OS 39.4652119 15.63314882
OS 39.4632307 15.6521658
OS 39.4599287 15.67046904
OS 39.4553059 15.68805854
OS 39.4493623 15.70493176
OS 39.4420979 15.72109378
OS 39.4335127 15.73653952
OS 39.4236067 15.75127152
OS 39.4123799 15.76528978
OS 39.3998323 15.7785943
OS 39.6843123 15.7785943
OS 39.6717647 15.76528978
OE
SE
S P 0
OB 39.8464913 35.26832672 I
OS 39.8330039 35.25390714
OS 39.82095922 35.23906084
OS 39.81034964 35.22378274
OS 39.80118278 35.20807538
OS 39.79345356 35.1919413
OS 39.78716198 35.17537796
OS 39.78231058 35.15838282
OS 39.77889682 35.1409635
OS 39.77692324 35.12311238
OS 39.77638984 35.104832
OS 39.575232 35.30598984
OS 39.59351238 35.30652324
OS 39.6113635 35.30849682
OS 39.62878282 35.31191058
OS 39.64577796 35.31676198
OS 39.6623413 35.32305356
OS 39.67847538 35.33078278
OS 39.69418274 35.33994964
OS 39.70946084 35.35055922
OS 39.72430714 35.3626039
OS 39.73872672 35.3760913
OS 39.8464913 35.26832672
OE
SE
S P 0
OB 39.9802604 33.66615822 I
OS 39.9822416 33.64714124
OS 39.9855436 33.628838
OS 39.9901664 33.6112485
OS 39.99611 33.59437528
OS 40.0033744 33.57821326
OS 40.0119596 33.56276752
OS 40.0218656 33.54803552
OS 40.0330924 33.53401726
OS 40.04564 33.52071274
OS 39.76116 33.52071274
OS 39.7737076 33.53401726
OS 39.7849344 33.54803552
OS 39.7948404 33.56276752
OS 39.8034256 33.57821326
OS 39.81069 33.59437528
OS 39.8166336 33.6112485
OS 39.8212564 33.628838
OS 39.8245584 33.64714124
OS 39.8265396 33.66615822
OS 39.8272 33.68589148
OS 39.9796 33.68589148
OS 39.9802604 33.66615822
OE
SE
S P 0
OB 4.5853604 13.35827402 I
OS 4.58972158 13.34702436
OS 4.5969936 13.33709804
OS 4.60717138 13.32849506
OS 4.62026 13.32121542
OS 4.63625692 13.31525912
OS 4.65516214 13.3106287
OS 4.67697566 13.30731908
OS 4.70169748 13.30533534
OS 4.7293276 13.3046724
OS 4.7293276 13.1522724
OS 4.70169748 13.15160946
OS 4.67697566 13.14962572
OS 4.65516214 13.1463161
OS 4.63625692 13.14168568
OS 4.62026 13.13572938
OS 4.60717138 13.12844974
OS 4.5969936 13.11984676
OS 4.58972158 13.10992044
OS 4.5853604 13.09867078
OS 4.58390498 13.08609778
OS 4.58390498 13.37084702
OS 4.5853604 13.35827402
OE
SE
S P 0
OB 40.09615552 19.07592324 I
OS 40.0832447 19.06310386
OS 40.07169024 19.04950724
OS 40.06149722 19.03513846
OS 40.0526631 19.01999752
OS 40.04518788 19.00407934
OS 40.03907156 18.98738646
OS 40.03431414 18.96992142
OS 40.03091562 18.95168168
OS 40.02887854 18.93266724
OS 40.02819782 18.9128781
OS 39.87579782 18.91854992
OS 39.87515774 18.93822476
OS 39.87324004 18.95724428
OS 39.87004218 18.9756034
OS 39.86556416 18.9933072
OS 39.85980852 19.01035314
OS 39.85277526 19.02674376
OS 39.84446184 19.04247652
OS 39.83486826 19.05755142
OS 39.82399706 19.07196846
OS 39.8118457 19.08573018
OS 40.09615552 19.07592324
OE
SE
S P 0
OB 40.24357966 44.57680188 I
OS 36.83471424 41.16793646
OS 36.75050562 41.04190928
OS 36.72093494 40.8932507
OS 36.72093494 37.0509419
OS 36.75050562 36.90228332
OS 36.83471424 36.77625614
OS 37.33053494 36.28043544
OS 37.33053494 36.12162194
OS 37.2035324 36.04365918
OS 37.08344628 36.0934
OS 36.88135372 36.0934
OS 36.69464086 36.01606208
OS 36.55173792 35.87315914
OS 36.4744 35.68644628
OS 36.4744 35.6775639
OS 36.21302638 35.41618774
OS 36.17750702 35.41495076
OS 36.06346356 35.51520456
OS 36.06346356 37.9088015
OS 36.03389288 38.05746262
OS 35.94968426 38.18348726
OS 31.36428576 42.76888576
OS 31.23825858 42.85309438
OS 31.0896 42.88266506
OS 26.4668 42.88266506
OS 26.31814142 42.85309438
OS 26.19211424 42.76888576
OS 23.33409354 39.91086506
OS 21.463 39.91086506
OS 21.31434142 39.88129438
OS 21.18831424 39.79708576
OS 18.63509354 37.24386506
OS 12.60690646 37.24386506
OS 9.22766506 40.62310646
OS 9.22766506 41.0464
OS 9.19809438 41.19505858
OS 9.11388576 41.32108576
OS 6.65008576 43.78488576
OS 6.52405858 43.86909438
OS 6.3754 43.89866506
OS 3.49715836 43.89866506
OS 3.44855546 44.01599782
OS 4.12669228 44.69413464
OS 6.4614806 44.69413464
OS 12.5476 38.60801016
OS 19.35479746 38.60801778
OS 25.4409194 44.69413464
OS 40.19497676 44.69413464
OS 40.24357966 44.57680188
OE
OB 35.72195294 41.8338 H
OS 35.49964706 41.8338
OS 35.2942652 41.74872778
OS 35.13707222 41.5915348
OS 35.052 41.38615294
OS 35.052 41.16384706
OS 35.13707222 40.9584652
OS 35.2942652 40.80127222
OS 35.49964706 40.7162
OS 35.72195294 40.7162
OS 35.9273348 40.80127222
OS 36.08452778 40.9584652
OS 36.1696 41.16384706
OS 36.1696 41.38615294
OS 36.08452778 41.5915348
OS 35.9273348 41.74872778
OS 35.72195294 41.8338
OE
SE
S P 0
OB 40.82128996 34.53172672 I
OS 40.80780256 34.51730714
OS 40.79575788 34.50246084
OS 40.7851483 34.48718274
OS 40.77598144 34.47147538
OS 40.76825222 34.4553413
OS 40.76196064 34.43877796
OS 40.75710924 34.42178282
OS 40.75369548 34.4043635
OS 40.7517219 34.38651238
OS 40.7511885 34.368232
OS 40.55003066 34.56938984
OS 40.56831104 34.56992324
OS 40.58616216 34.57189682
OS 40.60358148 34.57531058
OS 40.62057662 34.58016198
OS 40.63713996 34.58645356
OS 40.65327404 34.59418278
OS 40.6689814 34.60334964
OS 40.6842595 34.61395922
OS 40.6991058 34.6260039
OS 40.71352538 34.6394913
OS 40.82128996 34.53172672
OE
SE
S P 0
OB 41.12312324 15.85468762 I
OS 41.12509682 15.8368365
OS 41.12851058 15.81941718
OS 41.13336198 15.80242204
OS 41.13965356 15.7858587
OS 41.14738278 15.76972462
OS 41.15654964 15.75401726
OS 41.16715922 15.73873916
OS 41.1792039 15.72389286
OS 41.1926913 15.70947328
OS 41.08492672 15.6017087
OS 41.07050714 15.6151961
OS 41.05566084 15.62724078
OS 41.04038274 15.63785036
OS 41.02467538 15.64701722
OS 41.0085413 15.65474644
OS 40.99197796 15.66103802
OS 40.97498282 15.66588942
OS 40.9575635 15.66930318
OS 40.93971238 15.67127676
OS 40.921432 15.67181016
OS 41.12258984 15.872968
OS 41.12312324 15.85468762
OE
SE
S P 0
OB 41.27891414 33.74206612 I
OS 41.28089534 33.72304914
OS 41.28419734 33.7047459
OS 41.28882014 33.6871564
OS 41.29476374 33.67028318
OS 41.30202814 33.65412116
OS 41.31061334 33.63867542
OS 41.32051934 33.62394342
OS 41.33174614 33.60992516
OS 41.34429374 33.59662064
OS 41.05981374 33.59662064
OS 41.07236134 33.60992516
OS 41.08358814 33.62394342
OS 41.09349414 33.63867542
OS 41.10207934 33.65412116
OS 41.10934374 33.67028318
OS 41.11528734 33.6871564
OS 41.11991014 33.7047459
OS 41.12321214 33.72304914
OS 41.12519334 33.74206612
OS 41.12585374 33.76179938
OS 41.27825374 33.76179938
OS 41.27891414 33.74206612
OE
SE
S P 0
OB 42.13288246 34.5474417 I
OS 42.11944332 34.53312118
OS 42.10731482 34.51835616
OS 42.09650204 34.50314664
OS 42.08700244 34.48749008
OS 42.07881602 34.47138902
OS 42.07194532 34.45484346
OS 42.06638526 34.4378534
OS 42.06214092 34.4204163
OS 42.05920976 34.40253724
OS 42.05759178 34.3842086
OS 41.86923554 34.59740096
OS 41.88733558 34.59686756
OS 41.90503938 34.59789626
OS 41.9223444 34.60048706
OS 41.9392481 34.6046425
OS 41.95575556 34.61036004
OS 41.97186424 34.61764222
OS 41.98757414 34.6264865
OS 42.00288526 34.63689288
OS 42.01780014 34.6488639
OS 42.0323137 34.66239702
OS 42.13288246 34.5474417
OE
SE
S P 0
OB 42.1392604 37.32375822 I
OS 42.1412416 37.30474124
OS 42.1445436 37.286438
OS 42.1491664 37.2688485
OS 42.15511 37.25197528
OS 42.1623744 37.23581326
OS 42.1709596 37.22036752
OS 42.1808656 37.20563552
OS 42.1920924 37.19161726
OS 42.20464 37.17831274
OS 41.92016 37.17831274
OS 41.9327076 37.19161726
OS 41.9439344 37.20563552
OS 41.9538404 37.22036752
OS 41.9624256 37.23581326
OS 41.96969 37.25197528
OS 41.9756336 37.2688485
OS 41.9802564 37.286438
OS 41.9835584 37.30474124
OS 41.9855396 37.32375822
OS 41.9862 37.34349148
OS 42.1386 37.34349148
OS 42.1392604 37.32375822
OE
SE
S P 0
OB 42.56550288 25.05023692 I
OS 42.56550288 24.8481469
OS 42.6428408 24.66143404
OS 42.77336124 24.5309136
OS 42.7228 24.40884628
OS 42.7228 24.20675372
OS 42.80013792 24.02004086
OS 42.94304086 23.87713792
OS 43.12975372 23.7998
OS 43.28992358 23.7998
OS 43.33918434 23.7894622
OS 43.40725888 23.69357212
OS 43.40725888 23.57308468
OS 43.41632668 23.55119242
OS 43.24121908 23.47866272
OS 43.09831614 23.33575978
OS 43.02097822 23.14904692
OS 43.02097822 22.94695436
OS 43.09831614 22.7602415
OS 43.24121908 22.61733856
OS 43.42793194 22.54000064
OS 43.56536118 22.54000064
OS 43.5913911 22.50104466
OS 43.5913911 22.29895718
OS 43.49125668 22.21674754
OS 43.4089683 22.18266328
OS 43.26606536 22.03976034
OS 43.18872744 21.85304748
OS 43.18872744 21.65095492
OS 43.26606536 21.46424206
OS 43.4089683 21.32133912
OS 43.48672024 21.28913446
OS 43.5864 21.2030437
OS 43.5864 21.00095622
OS 43.48728666 20.9083656
OS 43.41557738 20.87866284
OS 43.27267444 20.7357599
OS 43.19533652 20.54904704
OS 43.19533652 20.34695448
OS 43.27267444 20.16024162
OS 43.41557738 20.01733868
OS 43.60200322 19.94012014
OS 43.54363656 19.7992111
OS 43.54363656 19.59711854
OS 43.62097448 19.41040568
OS 43.76387742 19.26750274
OS 43.95059028 19.19016482
OS 44.15268284 19.19016482
OS 44.3393957 19.26750274
OS 44.38159272 19.30969976
OS 45.51229404 19.30969976
OS 45.61215668 19.20983712
OS 45.59606578 19.12895082
OS 45.45316538 18.98605042
OS 45.3781541 18.8049535
OS 45.33844628 18.8214
OS 45.13635372 18.8214
OS 44.94964086 18.74406208
OS 44.80673792 18.60115914
OS 44.7294 18.41444628
OS 44.7294 18.21235372
OS 44.80673792 18.02564086
OS 44.94964086 17.88273792
OS 45.13635372 17.8054
OS 45.33844628 17.8054
OS 45.36184476 17.81509264
OS 45.46744272 17.74453398
OS 45.46744272 16.24709476
OS 45.4970134 16.09843618
OS 45.58122202 15.972409
OS 50.84617466 10.70745382
OS 50.78222254 10.5918
OS 50.5780167 10.5918
OS 50.3454543 10.52948364
OS 50.1369457 10.40910034
OS 49.96669966 10.2388543
OS 49.84631636 10.0303457
OS 49.784 9.7977833
OS 49.784 9.5570167
OS 49.84631636 9.3244543
OS 49.96669966 9.1159457
OS 50.1369457 8.94569966
OS 50.3454543 8.82531636
OS 50.5780167 8.763
OS 50.8187833 8.763
OS 51.0513457 8.82531636
OS 51.2598543 8.94569966
OS 51.43010034 9.1159457
OS 51.55048364 9.3244543
OS 51.6128 9.5570167
OS 51.6128 9.76122254
OS 51.72845382 9.82517466
OS 54.51311678 7.0405117
OS 54.63914396 6.95630562
OS 54.78780254 6.92673494
OS 64.2104507 6.92673494
OS 64.35910928 6.95630562
OS 64.48513646 7.04051424
OS 65.2825212 7.83789644
OS 65.44444112 7.67597652
OS 65.65076024 7.55685814
OS 65.8808817 7.4951971
OS 66.11911846 7.4951971
OS 66.34923992 7.55685814
OS 66.55555904 7.67597652
OS 66.72401946 7.84443694
OS 66.84313784 8.05075606
OS 66.90479888 8.28087752
OS 66.90479888 8.51911428
OS 66.84313784 8.74923574
OS 66.72401946 8.95555486
OS 66.55555904 9.12401528
OS 66.34923992 9.24313366
OS 66.11911846 9.3047947
OS 66.05250188 9.3047947
OS 66.00389898 9.42212746
OS 66.97820234 10.39643082
OS 67.10520488 10.34519902
OS 67.10520488 10.34520156
OS 69.13133494 10.34520156
OS 69.13133494 4.95099086
OS 68.96916356 4.78881948
OS 68.85399996 4.85326182
OS 68.85399996 4.87300016
OS 65.14600128 4.87300016
OS 65.14600128 4.81739702
OS 65.21724828 4.45920876
OS 65.3570067 4.12180278
OS 65.55990444 3.81814324
OS 65.79278434 3.58526334
OS 65.75691954 3.45826334
OS 60.10974262 3.45826334
OS 59.4833202 4.08468576
OS 59.35729302 4.16889438
OS 59.20863444 4.19846506
OS 53.145309 4.19846506
OS 41.4274 15.91637152
OS 41.4274 15.97604628
OS 41.35006208 16.16275914
OS 41.20715914 16.30566208
OS 41.02044628 16.383
OS 40.81835626 16.383
OS 40.78286484 16.5003353
OS 40.78286484 17.05921912
OS 40.7854277 17.072102
OS 40.7854277 17.624298
OS 40.76163806 17.74389136
OS 40.85155914 17.78113792
OS 40.99446208 17.92404086
OS 41.0718 18.11075372
OS 41.0718 18.2214647
OS 41.09305472 18.31754528
OS 41.1891353 18.3388
OS 41.29984628 18.3388
OS 41.48655914 18.41613792
OS 41.62946208 18.55904086
OS 41.7068 18.74575372
OS 41.7068 18.94784628
OS 41.62946208 19.13455914
OS 41.48655914 19.27746208
OS 41.29984628 19.3548
OS 41.09775372 19.3548
OS 40.91104086 19.27746208
OS 40.76813792 19.13455914
OS 40.6908 18.94784628
OS 40.6908 18.8371353
OS 40.66954528 18.74105472
OS 40.5734647 18.7198
OS 40.46275626 18.7198
OS 40.35903536 18.79179376
OS 40.3522942 18.9007242
OS 40.38966522 18.93809522
OS 40.46700314 19.12480808
OS 40.46700314 19.32690064
OS 40.38966522 19.5136135
OS 40.24676228 19.65651644
OS 40.06004942 19.73385436
OS 39.85795686 19.73385436
OS 39.671244 19.65651644
OS 39.52834106 19.5136135
OS 39.45100314 19.32690064
OS 39.45100314 19.12480808
OS 39.52834106 18.93809522
OS 39.56353276 18.90290352
OS 39.56353276 18.76635312
OS 39.43653022 18.68149172
OS 39.34404628 18.7198
OS 39.14195372 18.7198
OS 39.05674434 18.68450416
OS 39.03866208 18.72815914
OS 38.89575914 18.87106208
OS 38.70904628 18.9484
OS 38.50695372 18.9484
OS 38.4590544 18.92856006
OS 38.32149308 19.00904504
OS 38.30889214 19.07240026
OS 38.22468352 19.19842744
OS 37.70913718 19.71397378
OS 37.58311 19.7981824
OS 37.43445142 19.82775308
OS 36.40106004 19.82775308
OS 36.25240146 19.7981824
OS 36.12637428 19.71397378
OS 36.03181262 19.61941212
OS 35.90725102 19.64418982
OS 35.86679136 19.74186806
OS 35.81635204 19.79230738
OS 35.81615392 19.79470514
OS 35.81615392 22.04649642
OS 35.81615392 22.68551216
OS 38.22328144 25.09263714
OS 42.53717172 25.09263714
OS 42.56550288 25.05023692
OE
OB 46.11055294 13.8938 H
OS 45.88824706 13.8938
OS 45.6828652 13.80872778
OS 45.52567222 13.6515348
OS 45.4406 13.44615294
OS 45.4406 13.22384706
OS 45.52567222 13.0184652
OS 45.6828652 12.86127222
OS 45.88824706 12.7762
OS 46.11055294 12.7762
OS 46.3159348 12.86127222
OS 46.47312778 13.0184652
OS 46.5582 13.22384706
OS 46.5582 13.44615294
OS 46.47312778 13.6515348
OS 46.3159348 13.80872778
OS 46.11055294 13.8938
OE
OB 63.8997833 6.4008 H
OS 63.6590167 6.4008
OS 63.4264543 6.33848364
OS 63.2179457 6.21810034
OS 63.04769966 6.0478543
OS 63.02234284 6.00393262
OS 62.8677432 5.99016074
OS 62.75311046 6.10479348
OS 62.52905706 6.1976
OS 62.28654294 6.1976
OS 62.06248954 6.10479348
OS 61.89100652 5.93331046
OS 61.7982 5.70925706
OS 61.7982 5.46674294
OS 61.89100652 5.24268954
OS 62.06248954 5.07120652
OS 62.28654294 4.9784
OS 62.52905706 4.9784
OS 62.75311046 5.07120652
OS 62.80971436 5.12781042
OS 62.95207882 5.0905664
OS 63.04769966 4.9249457
OS 63.2179457 4.75469966
OS 63.4264543 4.63431636
OS 63.6590167 4.572
OS 63.8997833 4.572
OS 64.1323457 4.63431636
OS 64.3408543 4.75469966
OS 64.51110034 4.9249457
OS 64.63148364 5.1334543
OS 64.6938 5.3660167
OS 64.6938 5.6067833
OS 64.63148364 5.8393457
OS 64.51110034 6.0478543
OS 64.3408543 6.21810034
OS 64.1323457 6.33848364
OS 63.8997833 6.4008
OE
OB 67.18260376 6.8539995 H
OS 67.12700062 6.8539995
OS 67.12700062 5.12700016
OS 68.85399996 5.12700016
OS 68.85399996 5.1826033
OS 68.78275296 5.54079156
OS 68.64299454 5.87819754
OS 68.4400968 6.18185708
OS 68.18185754 6.44009634
OS 67.878198 6.64299408
OS 67.54079202 6.7827525
OS 67.18260376 6.8539995
OE
OB 66.87300062 6.8539995 H
OS 66.81739748 6.8539995
OS 66.45920922 6.7827525
OS 66.12180324 6.64299408
OS 65.8181437 6.44009634
OS 65.55990444 6.18185708
OS 65.3570067 5.87819754
OS 65.21724828 5.54079156
OS 65.14600128 5.1826033
OS 65.14600128 5.12700016
OS 66.87300062 5.12700016
OS 66.87300062 6.8539995
OE
OB 59.78585706 6.2738 H
OS 59.54334294 6.2738
OS 59.31928954 6.18099348
OS 59.14780652 6.00951046
OS 59.055 5.78545706
OS 59.055 5.54294294
OS 59.14780652 5.31888954
OS 59.31928954 5.14740652
OS 59.54334294 5.0546
OS 59.78585706 5.0546
OS 60.00991046 5.14740652
OS 60.18139348 5.31888954
OS 60.2742 5.54294294
OS 60.2742 5.78545706
OS 60.18139348 6.00951046
OS 60.00991046 6.18099348
OS 59.78585706 6.2738
OE
OB 58.41425706 6.2738 H
OS 58.17174294 6.2738
OS 57.94768954 6.18099348
OS 57.77620652 6.00951046
OS 57.6834 5.78545706
OS 57.6834 5.54294294
OS 57.77620652 5.31888954
OS 57.94768954 5.14740652
OS 58.17174294 5.0546
OS 58.41425706 5.0546
OS 58.63831046 5.14740652
OS 58.80979348 5.31888954
OS 58.9026 5.54294294
OS 58.9026 5.78545706
OS 58.80979348 6.00951046
OS 58.63831046 6.18099348
OS 58.41425706 6.2738
OE
OB 61.15745706 6.2484 H
OS 60.91494294 6.2484
OS 60.69088954 6.15559348
OS 60.51940652 5.98411046
OS 60.4266 5.76005706
OS 60.4266 5.51754294
OS 60.51940652 5.29348954
OS 60.69088954 5.12200652
OS 60.91494294 5.0292
OS 61.15745706 5.0292
OS 61.38151046 5.12200652
OS 61.55299348 5.29348954
OS 61.6458 5.51754294
OS 61.6458 5.76005706
OS 61.55299348 5.98411046
OS 61.38151046 6.15559348
OS 61.15745706 6.2484
OE
OB 57.04265706 6.1976 H
OS 56.80014294 6.1976
OS 56.57608954 6.10479348
OS 56.40460652 5.93331046
OS 56.3118 5.70925706
OS 56.3118 5.46674294
OS 56.40460652 5.24268954
OS 56.57608954 5.07120652
OS 56.80014294 4.9784
OS 57.04265706 4.9784
OS 57.26671046 5.07120652
OS 57.43819348 5.24268954
OS 57.531 5.46674294
OS 57.531 5.70925706
OS 57.43819348 5.93331046
OS 57.26671046 6.10479348
OS 57.04265706 6.1976
OE
OB 54.13878428 6.9342 H
OS 53.89801768 6.9342
OS 53.66545528 6.87188364
OS 53.45694668 6.75150034
OS 53.28670064 6.5812543
OS 53.16631734 6.3727457
OS 53.10400098 6.1401833
OS 53.10400098 5.8994167
OS 53.16631734 5.6668543
OS 53.28670064 5.4583457
OS 53.45694668 5.28809966
OS 53.66545528 5.16771636
OS 53.89801768 5.1054
OS 54.13878428 5.1054
OS 54.37134668 5.16771636
OS 54.57985528 5.28809966
OS 54.75010132 5.4583457
OS 54.8132 5.56763428
OS 54.9402 5.53360336
OS 54.9402 5.44134294
OS 55.03300652 5.21728954
OS 55.20448954 5.04580652
OS 55.42854294 4.953
OS 55.67105706 4.953
OS 55.89511046 5.04580652
OS 56.06659348 5.21728954
OS 56.1594 5.44134294
OS 56.1594 5.68385706
OS 56.06659348 5.90791046
OS 55.89511046 6.07939348
OS 55.67105706 6.1722
OS 55.42854294 6.1722
OS 55.20448954 6.07939348
OS 55.05980098 5.93470492
OS 54.93571182 5.9717305
OS 54.93280098 5.97364058
OS 54.93280098 6.1401833
OS 54.87048462 6.3727457
OS 54.75010132 6.5812543
OS 54.57985528 6.75150034
OS 54.37134668 6.87188364
OS 54.13878428 6.9342
OE
SE
S P 0
OB 42.7674913 34.09992672 I
OS 42.7540039 34.08550714
OS 42.74195922 34.07066084
OS 42.73134964 34.05538274
OS 42.72218278 34.03967538
OS 42.71445356 34.0235413
OS 42.70816198 34.00697796
OS 42.70331058 33.98998282
OS 42.69989682 33.9725635
OS 42.69792324 33.95471238
OS 42.69738984 33.936432
OS 42.496232 34.13758984
OS 42.51451238 34.13812324
OS 42.5323635 34.14009682
OS 42.54978282 34.14351058
OS 42.56677796 34.14836198
OS 42.5833413 34.15465356
OS 42.59947538 34.16238278
OS 42.61518274 34.17154964
OS 42.63046084 34.18215922
OS 42.64530714 34.1942039
OS 42.65972672 34.2076913
OS 42.7674913 34.09992672
OE
SE
S P 0
OB 43.49081726 28.3776928 I
OS 43.50483552 28.366466
OS 43.51956752 28.35656
OS 43.53501326 28.3479748
OS 43.55117528 28.3407104
OS 43.5680485 28.3347668
OS 43.585638 28.330144
OS 43.60394124 28.326842
OS 43.62295822 28.3248608
OS 43.64269148 28.3242004
OS 43.64269148 28.1718004
OS 43.62295822 28.17114
OS 43.60394124 28.1691588
OS 43.585638 28.1658568
OS 43.5680485 28.161234
OS 43.55117528 28.1552904
OS 43.53501326 28.148026
OS 43.51956752 28.1394408
OS 43.50483552 28.1295348
OS 43.49081726 28.118308
OS 43.47751274 28.1057604
OS 43.47751274 28.3902404
OS 43.49081726 28.3776928
OE
SE
S P 0
OB 43.56701726 27.07769286 I
OS 43.58103552 27.06646606
OS 43.59576752 27.05656006
OS 43.61121326 27.04797486
OS 43.62737528 27.04071046
OS 43.6442485 27.03476686
OS 43.661838 27.03014406
OS 43.68014124 27.02684206
OS 43.69915822 27.02486086
OS 43.71889148 27.02420046
OS 43.71889148 26.87180046
OS 43.69915822 26.87114006
OS 43.68014124 26.86915886
OS 43.661838 26.86585686
OS 43.6442485 26.86123406
OS 43.62737528 26.85529046
OS 43.61121326 26.84802606
OS 43.59576752 26.83944086
OS 43.58103552 26.82953486
OS 43.56701726 26.81830806
OS 43.55371274 26.80576046
OS 43.55371274 27.09024046
OS 43.56701726 27.07769286
OE
SE
S P 0
OB 43.56701726 29.68169324 I
OS 43.58103552 29.67046644
OS 43.59576752 29.66056044
OS 43.61121326 29.65197524
OS 43.62737528 29.64471084
OS 43.6442485 29.63876724
OS 43.661838 29.63414444
OS 43.68014124 29.63084244
OS 43.69915822 29.62886124
OS 43.71889148 29.62820084
OS 43.71889148 29.47580084
OS 43.69915822 29.47514044
OS 43.68014124 29.47315924
OS 43.661838 29.46985724
OS 43.6442485 29.46523444
OS 43.62737528 29.45929084
OS 43.61121326 29.45202644
OS 43.59576752 29.44344124
OS 43.58103552 29.43353524
OS 43.56701726 29.42230844
OS 43.55371274 29.40976084
OS 43.55371274 29.69424084
OS 43.56701726 29.68169324
OE
SE
S P 0
OB 43.64321726 30.98169318 I
OS 43.65723552 30.97046638
OS 43.67196752 30.96056038
OS 43.68741326 30.95197518
OS 43.70357528 30.94471078
OS 43.7204485 30.93876718
OS 43.738038 30.93414438
OS 43.75634124 30.93084238
OS 43.77535822 30.92886118
OS 43.79509148 30.92820078
OS 43.79509148 30.77580078
OS 43.77535822 30.77514038
OS 43.75634124 30.77315918
OS 43.738038 30.76985718
OS 43.7204485 30.76523438
OS 43.70357528 30.75929078
OS 43.68741326 30.75202638
OS 43.67196752 30.74344118
OS 43.65723552 30.73353518
OS 43.64321726 30.72230838
OS 43.62991274 30.70976078
OS 43.62991274 30.99424078
OS 43.64321726 30.98169318
OE
SE
S P 0
OB 43.68739548 23.17769304 I
OS 43.70141374 23.16646624
OS 43.71614574 23.15656024
OS 43.73159148 23.14797504
OS 43.7477535 23.14071064
OS 43.76462672 23.13476704
OS 43.78221622 23.13014424
OS 43.80051946 23.12684224
OS 43.81953644 23.12486104
OS 43.8392697 23.12420064
OS 43.8392697 22.97180064
OS 43.81953644 22.97114024
OS 43.80051946 22.96915904
OS 43.78221622 22.96585704
OS 43.76462672 22.96123424
OS 43.7477535 22.95529064
OS 43.73159148 22.94802624
OS 43.71614574 22.93944104
OS 43.70141374 22.92953504
OS 43.68739548 22.91830824
OS 43.67409096 22.90576064
OS 43.67409096 23.19024064
OS 43.68739548 23.17769304
OE
SE
S P 0
OB 43.72877716 43.76640218 I
OS 42.7689137 42.80653872
OS 42.62726044 42.84449394
OS 42.59467224 42.96612184
OS 42.4943524 43.1398807
OS 42.3524807 43.2817524
OS 42.17872184 43.38207224
OS 41.98491984 43.434
OS 41.78428016 43.434
OS 41.59047816 43.38207224
OS 41.4167193 43.2817524
OS 41.2748476 43.1398807
OS 41.17452776 42.96612184
OS 41.1226 42.77231984
OS 41.1226 42.57168016
OS 41.17452776 42.37787816
OS 41.2748476 42.2041193
OS 41.4167193 42.0622476
OS 41.59047816 41.96192776
OS 41.71210606 41.92933956
OS 41.75006128 41.7876863
OS 39.70491424 39.74253926
OS 39.62070562 39.61651208
OS 39.59113494 39.4678535
OS 39.59113494 38.28630646
OS 39.19691424 37.89208576
OS 39.11270562 37.76605858
OS 39.08313494 37.6174
OS 39.08313494 36.67078518
OS 38.84602848 36.43367872
OS 38.78635372 36.43367872
OS 38.59964086 36.3563408
OS 38.45673792 36.21343786
OS 38.3794 36.026725
OS 38.3794 35.82463244
OS 38.45673792 35.63791958
OS 38.59964086 35.49501664
OS 38.67887616 35.4621973
OS 38.65133494 35.32373936
OS 38.65133494 34.88186064
OS 38.68090562 34.73320206
OS 38.76511424 34.60717488
OS 38.813486 34.55880312
OS 38.81261478 34.55670254
OS 38.81037196 34.55283666
OS 38.8073392 34.54396698
OS 38.74399922 34.39104628
OS 38.74399922 34.29196596
OS 38.70304426 34.2646
OS 38.50095424 34.2646
OS 38.31424138 34.18726208
OS 38.208712 34.08173016
OS 38.18495792 34.10548424
OS 38.07834142 34.14964468
OS 38.10746506 34.29605282
OS 38.10746506 36.4413419
OS 38.07789438 36.59000048
OS 38.0052072 36.69878614
OS 37.9561344 36.815649
OS 38.0464822 36.9059968
OS 38.06624086 36.88623814
OS 38.25295372 36.80890022
OS 38.45504628 36.80890022
OS 38.64175914 36.88623814
OS 38.78466208 37.02914108
OS 38.862 37.21585394
OS 38.862 37.4179465
OS 38.78466208 37.60465936
OS 38.64175914 37.7475623
OS 38.45504628 37.82490022
OS 38.25295372 37.82490022
OS 38.06624086 37.7475623
OS 37.97589052 37.65721196
OS 37.95613186 37.67697062
OS 37.80266506 37.74053666
OS 37.80266506 40.60609354
OS 38.61766724 41.42109572
OS 38.735 41.37249282
OS 38.735 41.35694294
OS 38.82780652 41.13288954
OS 38.99928954 40.96140652
OS 39.22334294 40.8686
OS 39.46585706 40.8686
OS 39.68991046 40.96140652
OS 39.86139348 41.13288954
OS 39.9542 41.35694294
OS 39.9542 41.59945706
OS 39.86139348 41.82351046
OS 39.68991046 41.99499348
OS 39.46585706 42.0878
OS 39.45030718 42.0878
OS 39.40170428 42.20513276
OS 41.08030646 43.88373494
OS 43.68017426 43.88373494
OS 43.72877716 43.76640218
OE
SE
S P 0
OB 43.7834913 32.31352694 I
OS 43.7700039 32.29910736
OS 43.75795922 32.28426106
OS 43.74734964 32.26898296
OS 43.73818278 32.2532756
OS 43.73045356 32.23714152
OS 43.72416198 32.22057818
OS 43.71931058 32.20358304
OS 43.71589682 32.18616372
OS 43.71392324 32.1683126
OS 43.71338984 32.15003222
OS 43.512232 32.35119006
OS 43.53051238 32.35172346
OS 43.5483635 32.35369704
OS 43.56578282 32.3571108
OS 43.58277796 32.3619622
OS 43.5993413 32.36825378
OS 43.61547538 32.375983
OS 43.63118274 32.38514986
OS 43.64646084 32.39575944
OS 43.66130714 32.40780412
OS 43.67572672 32.42129152
OS 43.7834913 32.31352694
OE
SE
S P 0
OB 43.86175378 20.57769316 I
OS 43.87577204 20.56646636
OS 43.89050404 20.55656036
OS 43.90594978 20.54797516
OS 43.9221118 20.54071076
OS 43.93898502 20.53476716
OS 43.95657452 20.53014436
OS 43.97487776 20.52684236
OS 43.99389474 20.52486116
OS 44.013628 20.52420076
OS 44.013628 20.37180076
OS 43.99389474 20.37114036
OS 43.97487776 20.36915916
OS 43.95657452 20.36585716
OS 43.93898502 20.36123436
OS 43.9221118 20.35529076
OS 43.90594978 20.34802636
OS 43.89050404 20.33944116
OS 43.87577204 20.32953516
OS 43.86175378 20.31830836
OS 43.84844926 20.30576076
OS 43.84844926 20.59024076
OS 43.86175378 20.57769316
OE
SE
S P 0
OB 43.95992224 33.24429724 I
OS 43.94643484 33.22987766
OS 43.93439016 33.21503136
OS 43.92378058 33.19975326
OS 43.91461372 33.1840459
OS 43.9068845 33.16791182
OS 43.90059292 33.15134848
OS 43.89574152 33.13435334
OS 43.89232776 33.11693402
OS 43.89035418 33.0990829
OS 43.88982078 33.08080252
OS 43.68866294 33.28196036
OS 43.70694332 33.28249376
OS 43.72479444 33.28446734
OS 43.74221376 33.2878811
OS 43.7592089 33.2927325
OS 43.77577224 33.29902408
OS 43.79190632 33.3067533
OS 43.80761368 33.31592016
OS 43.82289178 33.32652974
OS 43.83773808 33.33857442
OS 43.85215766 33.35206182
OS 43.95992224 33.24429724
OE
SE
S P 0
OB 44.07981786 27.7316946 I
OS 44.09383612 27.7204678
OS 44.10856812 27.7105618
OS 44.12401386 27.7019766
OS 44.14017588 27.6947122
OS 44.1570491 27.6887686
OS 44.1746386 27.6841458
OS 44.19294184 27.6808438
OS 44.21195882 27.6788626
OS 44.23169208 27.6782022
OS 44.23169208 27.5258022
OS 44.21195882 27.5251418
OS 44.19294184 27.5231606
OS 44.1746386 27.5198586
OS 44.1570491 27.5152358
OS 44.14017588 27.5092922
OS 44.12401386 27.5020278
OS 44.10856812 27.4934426
OS 44.09383612 27.4835366
OS 44.07981786 27.4723098
OS 44.06651334 27.4597622
OS 44.06651334 27.7442422
OS 44.07981786 27.7316946
OE
SE
S P 0
OB 44.14081342 26.4656951 I
OS 44.15694496 26.45753408
OS 44.17348036 26.45033064
OS 44.19041708 26.44408732
OS 44.20775512 26.43880412
OS 44.22549448 26.43448358
OS 44.2436377 26.43112062
OS 44.26218478 26.42872032
OS 44.28113064 26.42728014
OS 44.30048036 26.42680008
OS 44.34143532 26.27440008
OS 44.3213236 26.27364316
OS 44.30238282 26.27136732
OS 44.28461806 26.26757764
OS 44.26802424 26.26227158
OS 44.25260644 26.25544914
OS 44.23836212 26.24711032
OS 44.22529128 26.23725512
OS 44.21339392 26.22588608
OS 44.20267004 26.21299812
OS 44.19312218 26.19859632
OS 44.1250832 26.47482132
OS 44.14081342 26.4656951
OE
SE
S P 0
OB 44.21005382 19.82785722 I
OS 44.22407208 19.81663042
OS 44.23880408 19.80672442
OS 44.25424982 19.79813922
OS 44.27041184 19.79087482
OS 44.28728506 19.78493122
OS 44.30487456 19.78030842
OS 44.3231778 19.77700642
OS 44.34219478 19.77502522
OS 44.36192804 19.77436482
OS 44.36192804 19.62196482
OS 44.34219478 19.62130442
OS 44.3231778 19.61932322
OS 44.30487456 19.61602122
OS 44.28728506 19.61139842
OS 44.27041184 19.60545482
OS 44.25424982 19.59819042
OS 44.23880408 19.58960522
OS 44.22407208 19.57969922
OS 44.21005382 19.56847242
OS 44.1967493 19.55592482
OS 44.1967493 19.84040482
OS 44.21005382 19.82785722
OE
SE
S P 0
OB 44.25281726 21.23169236 I
OS 44.26683552 21.22046556
OS 44.28156752 21.21055956
OS 44.29701326 21.20197436
OS 44.31317528 21.19470996
OS 44.3300485 21.18876636
OS 44.347638 21.18414356
OS 44.36594124 21.18084156
OS 44.38495822 21.17886036
OS 44.40469148 21.17819996
OS 44.40469148 21.02579996
OS 44.38495822 21.02513956
OS 44.36594124 21.02315836
OS 44.347638 21.01985636
OS 44.3300485 21.01523356
OS 44.31317528 21.00928996
OS 44.29701326 21.00202556
OS 44.28156752 20.99344036
OS 44.26683552 20.98353436
OS 44.25281726 20.97230756
OS 44.23951274 20.95975996
OS 44.23951274 21.24423996
OS 44.25281726 21.23169236
OE
SE
S P 0
OB 44.2914913 31.66752874 I
OS 44.2780039 31.65310916
OS 44.26595922 31.63826286
OS 44.25534964 31.62298476
OS 44.24618278 31.6072774
OS 44.23845356 31.59114332
OS 44.23216198 31.57457998
OS 44.22731058 31.55758484
OS 44.22389682 31.54016552
OS 44.22192324 31.5223144
OS 44.22138984 31.50403402
OS 44.020232 31.70519186
OS 44.03851238 31.70572526
OS 44.0563635 31.70769884
OS 44.07378282 31.7111126
OS 44.09077796 31.715964
OS 44.1073413 31.72225558
OS 44.12347538 31.7299848
OS 44.13918274 31.73915166
OS 44.15446084 31.74976124
OS 44.16930714 31.76180592
OS 44.18372672 31.77529332
OS 44.2914913 31.66752874
OE
SE
S P 0
OB 44.35813836 25.67393138 I
OS 44.36377208 25.65675082
OS 44.370371 25.6399665
OS 44.37793258 25.62357588
OS 44.38645682 25.6075815
OS 44.39594626 25.59198082
OS 44.40639836 25.57677638
OS 44.41781566 25.5619631
OS 44.43019308 25.5475486
OS 44.4435357 25.53352526
OS 44.36473474 25.3967996
OS 44.34997734 25.41048766
OS 44.3349761 25.42227072
OS 44.31973356 25.43215386
OS 44.30424972 25.44013454
OS 44.28852204 25.44621276
OS 44.27255306 25.45038852
OS 44.25634278 25.45266182
OS 44.2398912 25.4530352
OS 44.22319578 25.45150358
OS 44.20625906 25.44807204
OS 44.3534673 25.69150564
OS 44.35813836 25.67393138
OE
SE
S P 0
OB 44.81861242 36.61452672 I
OS 44.80512502 36.60010714
OS 44.79308034 36.58526084
OS 44.78247076 36.56998274
OS 44.7733039 36.55427538
OS 44.76557468 36.5381413
OS 44.7592831 36.52157796
OS 44.7544317 36.50458282
OS 44.75101794 36.4871635
OS 44.74904436 36.46931238
OS 44.74851096 36.451032
OS 44.54735312 36.65218984
OS 44.5656335 36.65272324
OS 44.58348462 36.65469682
OS 44.60090394 36.65811058
OS 44.61789908 36.66296198
OS 44.63446242 36.66925356
OS 44.6505965 36.67698278
OS 44.66630386 36.68614964
OS 44.68158196 36.69675922
OS 44.69642826 36.7088039
OS 44.71084784 36.7222913
OS 44.81861242 36.61452672
OE
SE
S P 0
OB 44.87213784 35.41004094 I
OS 45.01504078 35.267138
OS 45.20175364 35.18980008
OS 45.27429858 35.18980008
OS 45.27429858 35.14265006
OS 45.3516365 34.9559372
OS 45.39090236 34.91667388
OS 45.00860188 34.5343734
OS 44.75376876 34.5343734
OS 44.60511018 34.50480272
OS 44.479083 34.4205941
OS 43.64525942 33.58677052
OS 43.58558466 33.58677052
OS 43.3988718 33.5094326
OS 43.25596886 33.36652966
OS 43.17863094 33.1798168
OS 43.17863094 32.97772424
OS 43.25596886 32.79101138
OS 43.31548106 32.73149918
OS 43.29070336 32.60693758
OS 43.22244086 32.5786623
OS 43.07953792 32.43575936
OS 43.0022 32.2490465
OS 43.0022 32.04695394
OS 43.07953792 31.86024108
OS 43.22244086 31.71733814
OS 43.40915372 31.64000022
OS 43.48550866 31.64000022
OS 43.5102 31.60304576
OS 43.5102 31.40095828
OS 43.48283404 31.36000078
OS 43.38375372 31.36000078
OS 43.19704086 31.28266286
OS 43.05413792 31.13975992
OS 42.9768 30.95304706
OS 42.9768 30.7509545
OS 43.05413792 30.56424164
OS 43.19704086 30.4213387
OS 43.38375372 30.34400078
OS 43.50729678 30.34400078
OS 43.5356 30.30164374
OS 43.5356 30.17733614
OS 43.5170072 30.09328754
OS 43.4182647 30.06000084
OS 43.30755372 30.06000084
OS 43.12084086 29.98266292
OS 42.97793792 29.83975998
OS 42.9006 29.65304712
OS 42.9006 29.45095456
OS 42.97793792 29.2642417
OS 43.12084086 29.12133876
OS 43.30755372 29.04400084
OS 43.45476196 29.04400084
OS 43.4848 28.99904538
OS 43.4848 28.87219524
OS 43.4454808 28.78323174
OS 43.3674647 28.7560004
OS 43.23135372 28.7560004
OS 43.04464086 28.67866248
OS 42.90173792 28.53575954
OS 42.8244 28.34904668
OS 42.8244 28.14695412
OS 42.90173792 27.96024126
OS 43.04464086 27.81733832
OS 43.23135372 27.7400004
OS 43.30170664 27.7400004
OS 43.4134006 27.62322644
OS 43.4134006 27.50095846
OS 43.296459 27.4514056
OS 43.12084086 27.37866254
OS 42.97793792 27.2357596
OS 42.9006 27.04904674
OS 42.9006 26.84695418
OS 42.97793792 26.66024132
OS 43.12084086 26.51733838
OS 43.30755372 26.44000046
OS 43.3928647 26.44000046
OS 43.509819 26.40316792
OS 43.5102 26.3226677
OS 43.5102 26.20095598
OS 43.5521862 26.0995922
OS 43.55013642 26.09487288
OS 43.50697928 26.03786258
OS 43.45637994 25.99901582
OS 43.32600682 26.02494922
OS 38.03019318 26.02494922
OS 37.85180136 25.98946542
OS 37.70056976 25.88841406
OS 35.93348668 24.12133098
OS 35.81615392 24.16993134
OS 35.81615392 25.9876798
OS 35.88716724 26.05869312
OS 35.98821606 26.20992218
OS 36.02369986 26.388314
OS 36.02369986 33.09004304
OS 36.0073194 33.17239746
OS 36.10304692 33.2994
OS 36.28975724 33.37673792
OS 36.43266018 33.51964086
OS 36.5099981 33.70635372
OS 36.5099981 33.72221094
OS 36.5509556 33.7495769
OS 36.74804436 33.7495769
OS 36.74804436 33.7320509
OS 36.82538228 33.54533804
OS 36.96828522 33.4024351
OS 37.15499808 33.32509718
OS 37.35709064 33.32509718
OS 37.4782969 33.37530282
OS 37.60943964 33.24416008
OS 37.7961525 33.16682216
OS 37.99824506 33.16682216
OS 38.18495792 33.24416008
OS 38.29048984 33.349692
OS 38.31424138 33.32593792
OS 38.50095424 33.2486
OS 38.7030468 33.2486
OS 38.88975966 33.32593792
OS 39.0326626 33.46884086
OS 39.11000052 33.65555372
OS 39.11000052 33.75463404
OS 39.15095548 33.782
OS 39.35304296 33.782
OS 39.46220962 33.69225418
OS 39.47273792 33.6633566
OS 39.3954 33.47664628
OS 39.3954 33.27455372
OS 39.47273792 33.08784086
OS 39.61564086 32.94493792
OS 39.80235372 32.8676
OS 40.00444628 32.8676
OS 40.19115914 32.94493792
OS 40.33406208 33.08784086
OS 40.4114 33.27455372
OS 40.4114 33.47664628
OS 40.33406208 33.66335914
OS 40.30608398 33.69133724
OS 40.31279212 33.79743304
OS 40.42308146 33.86808822
OS 40.44695238 33.8582
OS 40.6490424 33.8582
OS 40.7607135 33.76940414
OS 40.77139166 33.7392645
OS 40.69405374 33.55255418
OS 40.69405374 33.35046162
OS 40.77139166 33.16374876
OS 40.9142946 33.02084582
OS 41.10100746 32.9435079
OS 41.30310002 32.9435079
OS 41.48981288 33.02084582
OS 41.63271582 33.16374876
OS 41.71005374 33.35046162
OS 41.71005374 33.55255418
OS 41.63271582 33.7392645
OS 41.64154486 33.79917802
OS 41.75361982 33.8867242
OS 41.9557073 33.8867242
OS 41.9862 33.86635086
OS 41.9862 33.83335372
OS 42.06353792 33.64664086
OS 42.20644086 33.50373792
OS 42.39315372 33.4264
OS 42.59524628 33.4264
OS 42.78195914 33.50373792
OS 42.92486208 33.64664086
OS 43.0022 33.83335372
OS 43.0022 33.89302848
OS 44.636309 35.52713494
OS 44.76626048 35.52713494
OS 44.81927028 35.53767848
OS 44.87213784 35.41004094
OE
SE
S P 0
OB 44.940728 26.10269354 I
OS 44.95474626 26.09146674
OS 44.96947826 26.08156074
OS 44.984924 26.07297554
OS 45.00108602 26.06571114
OS 45.01795924 26.05976754
OS 45.03554874 26.05514474
OS 45.05385198 26.05184274
OS 45.07286896 26.04986154
OS 45.09260222 26.04920114
OS 45.09260222 25.89680114
OS 45.07286896 25.89614074
OS 45.05385198 25.89415954
OS 45.03554874 25.89085754
OS 45.01795924 25.88623474
OS 45.00108602 25.88029114
OS 44.984924 25.87302674
OS 44.96947826 25.86444154
OS 44.95474626 25.85453554
OS 44.940728 25.84330874
OS 44.92742348 25.83076114
OS 44.92742348 26.11524114
OS 44.940728 26.10269354
OE
SE
S P 0
OB 45.0055107 7.25021918 I
OS 44.95691034 7.13288642
OS 44.90842936 7.13288642
OS 44.68437596 7.0400799
OS 44.51289294 6.86859688
OS 44.44449836 6.70348164
OS 44.30275366 6.6656204
OS 40.77446506 10.193909
OS 40.77446506 11.3153317
OS 40.89179782 11.36393206
OS 45.0055107 7.25021918
OE
SE
S P 0
OB 45.13592192 29.38422876 I
OS 45.12249294 29.36994126
OS 45.11034412 29.35520418
OS 45.09946784 29.34002006
OS 45.08987172 29.3243889
OS 45.08155068 29.3083107
OS 45.0745098 29.29178546
OS 45.06874146 29.27481318
OS 45.06425328 29.25739386
OS 45.06104018 29.2395275
OS 45.0591047 29.2212141
OS 44.8746372 29.43777958
OS 44.89266358 29.4369363
OS 44.91030388 29.43769322
OS 44.92755302 29.44005034
OS 44.94441862 29.44400512
OS 44.9608956 29.44955756
OS 44.9769865 29.4567102
OS 44.99268878 29.4654605
OS 45.00800498 29.475811
OS 45.02293256 29.48775916
OS 45.03747406 29.50130752
OS 45.13592192 29.38422876
OE
SE
S P 0
OB 45.27436716 22.86235712 I
OS 45.2864474 22.8499416
OS 45.2995157 22.83898658
OS 45.31356952 22.82949206
OS 45.32860886 22.82145804
OS 45.34463372 22.81488452
OS 45.3616441 22.80977404
OS 45.37964254 22.80612152
OS 45.3986265 22.80393204
OS 45.41859344 22.80320052
OS 45.39406974 22.65080052
OS 45.37458032 22.65024172
OS 45.35558874 22.64856278
OS 45.33708992 22.6457637
OS 45.3190864 22.64184702
OS 45.30157818 22.6368102
OS 45.28456526 22.63065578
OS 45.26804764 22.62338122
OS 45.25202278 22.61498652
OS 45.23649322 22.60547422
OS 45.22145896 22.59484178
OS 45.26327244 22.87623314
OS 45.27436716 22.86235712
OE
SE
S P 0
OB 45.57609122 35.8633268 I
OS 45.56260382 35.84890722
OS 45.55055914 35.83406092
OS 45.53994956 35.81878282
OS 45.5307827 35.80307546
OS 45.52305348 35.78694138
OS 45.5167619 35.77037804
OS 45.5119105 35.7533829
OS 45.50849674 35.73596358
OS 45.50652316 35.71811246
OS 45.50598976 35.69983208
OS 45.30483192 35.90098992
OS 45.3231123 35.90152332
OS 45.34096342 35.9034969
OS 45.35838274 35.90691066
OS 45.37537788 35.91176206
OS 45.39194122 35.91805364
OS 45.4080753 35.92578286
OS 45.42378266 35.93494972
OS 45.43906076 35.9455593
OS 45.45390706 35.95760398
OS 45.46832664 35.97109138
OS 45.57609122 35.8633268
OE
SE
S P 0
OB 46.00477972 18.53500992 I
OS 45.99097228 18.52376026
OS 45.97861772 18.51154286
OS 45.96771604 18.49835772
OS 45.95826978 18.48420738
OS 45.9502764 18.4690893
OS 45.9437359 18.45300348
OS 45.93864828 18.43594992
OS 45.93501354 18.41793116
OS 45.93283422 18.39894466
OS 45.93210778 18.37899042
OS 45.77970778 18.40187328
OS 45.77914136 18.42137794
OS 45.77743956 18.4403746
OS 45.77460492 18.45886326
OS 45.7706349 18.47684646
OS 45.7655295 18.49432166
OS 45.75929126 18.5112914
OS 45.75192018 18.52775314
OS 45.74341372 18.54370942
OS 45.73377188 18.55915516
OS 45.7229972 18.57409798
OS 46.00477972 18.53500992
OE
SE
S P 0
OB 46.51903066 34.27772672 I
OS 46.50554326 34.26330714
OS 46.49349858 34.24846084
OS 46.482889 34.23318274
OS 46.47372214 34.21747538
OS 46.46599292 34.2013413
OS 46.45970134 34.18477796
OS 46.45484994 34.16778282
OS 46.45143618 34.1503635
OS 46.4494626 34.13251238
OS 46.4489292 34.114232
OS 46.24777136 34.31538984
OS 46.26605174 34.31592324
OS 46.28390286 34.31789682
OS 46.30132218 34.32131058
OS 46.31831732 34.32616198
OS 46.33488066 34.33245356
OS 46.35101474 34.34018278
OS 46.3667221 34.34934964
OS 46.3820002 34.35995922
OS 46.3968465 34.3720039
OS 46.41126608 34.3854913
OS 46.51903066 34.27772672
OE
SE
S P 0
OB 47.04225542 19.26686012 I
OS 47.044229 19.249009
OS 47.04764276 19.23158968
OS 47.05249416 19.21459454
OS 47.05878574 19.1980312
OS 47.06651496 19.18189712
OS 47.07568182 19.16618976
OS 47.0862914 19.15091166
OS 47.09833608 19.13606536
OS 47.11182348 19.12164578
OS 47.0040589 19.0138812
OS 46.98963932 19.0273686
OS 46.97479302 19.03941328
OS 46.95951492 19.05002286
OS 46.94380756 19.05918972
OS 46.92767348 19.06691894
OS 46.91111014 19.07321052
OS 46.894115 19.07806192
OS 46.87669568 19.08147568
OS 46.85884456 19.08344926
OS 46.84056418 19.08398266
OS 47.04172202 19.2851405
OS 47.04225542 19.26686012
OE
SE
S P 0
OB 47.05742176 23.6246924 I
OS 47.07144002 23.6134656
OS 47.08617202 23.6035596
OS 47.10161776 23.5949744
OS 47.11777978 23.58771
OS 47.134653 23.5817664
OS 47.1522425 23.5771436
OS 47.17054574 23.5738416
OS 47.18956272 23.5718604
OS 47.20929598 23.5712
OS 47.20929598 23.4188
OS 47.18956272 23.4181396
OS 47.17054574 23.4161584
OS 47.1522425 23.4128564
OS 47.134653 23.4082336
OS 47.11777978 23.40229
OS 47.10161776 23.3950256
OS 47.08617202 23.3864404
OS 47.07144002 23.3765344
OS 47.05742176 23.3653076
OS 47.04411724 23.35276
OS 47.04411724 23.63724
OS 47.05742176 23.6246924
OE
SE
S P 0
OB 49.73346924 27.63991424 I
OS 49.85949642 27.55570562
OS 50.008155 27.52613494
OS 51.24962572 27.52613494
OS 51.3982843 27.55570562
OS 51.5112 27.63115378
OS 51.56140818 27.61850712
OS 51.6382 27.57419682
OS 51.6382 27.52404706
OS 51.72327222 27.3186652
OS 51.8804652 27.16147222
OS 52.08584706 27.0764
OS 52.30815294 27.0764
OS 52.5135348 27.16147222
OS 52.67072778 27.3186652
OS 52.70875412 27.41046842
OS 52.85856078 27.44026516
OS 56.7483117 23.55051424
OS 56.87433888 23.46630562
OS 57.023 23.43673494
OS 57.11834144 23.43673494
OS 59.9655646 20.58950924
OS 60.0156153 20.55606506
OS 59.97709112 20.42906506
OS 57.10770392 20.42906506
OS 50.4126246 27.12414438
OS 50.28659742 27.208353
OS 50.13793884 27.23792368
OS 48.26477012 27.23792368
OS 48.17991126 27.36492622
OS 48.22546616 27.47490568
OS 48.22546616 27.69721156
OS 48.21381518 27.72533698
OS 48.28437384 27.83093494
OS 49.54244854 27.83093494
OS 49.73346924 27.63991424
OE
SE
S P 0
OB 51.7460103 18.01331424 I
OS 51.87203748 17.92910562
OS 52.02069606 17.89953494
OS 53.58549354 17.89953494
OS 54.86906984 16.61595864
OS 54.7910893 16.51433324
OS 54.68656068 16.57468364
OS 54.45399828 16.637
OS 54.21323168 16.637
OS 53.98066928 16.57468364
OS 53.77216068 16.45430034
OS 53.60191464 16.2840543
OS 53.48153134 16.0755457
OS 53.41921498 15.8429833
OS 53.41921498 15.6022167
OS 53.46286742 15.43930618
OS 53.34900176 15.3735659
OS 47.3150819 21.40748576
OS 47.18905472 21.49169438
OS 47.18046952 21.49340126
OS 47.16060418 21.57287278
OS 47.15860266 21.62724148
OS 47.29223206 21.76087088
OS 47.36956998 21.94758374
OS 47.36956998 22.14967376
OS 47.39889682 22.19356496
OS 47.56575958 22.19356496
OS 51.7460103 18.01331424
OE
SE
S P 0
OB 52.21185392 22.0671771 I
OS 52.18707876 21.9426155
OS 52.1854176 21.94192716
OS 52.02822462 21.78473418
OS 51.9431524 21.57935232
OS 51.9431524 21.35704644
OS 52.02822462 21.15166458
OS 52.1854176 20.9944716
OS 52.39079946 20.90939938
OS 52.61310534 20.90939938
OS 52.8184872 20.9944716
OS 52.97568018 21.15166458
OS 52.97636852 21.15332574
OS 53.10093012 21.1781009
OS 56.03711678 18.24191424
OS 56.16314396 18.15770562
OS 56.31180254 18.12813494
OS 56.50928246 18.12813494
OS 56.5658 18.0435504
OS 56.5658 17.82124706
OS 56.65087222 17.6158652
OS 56.8080652 17.45867222
OS 57.01344706 17.3736
OS 57.23575294 17.3736
OS 57.43798774 17.4573692
OS 57.44135324 17.44924628
OS 57.59854622 17.2920533
OS 57.80392808 17.20698108
OS 58.02623396 17.20698108
OS 58.23161582 17.2920533
OS 58.38880626 17.44924374
OS 58.48858254 17.4690913
OS 58.96727602 16.99039782
OS 58.91867312 16.87306506
OS 56.57280786 16.87306506
OS 54.27358716 19.17228576
OS 54.14755998 19.25649438
OS 53.9989014 19.28606506
OS 52.61553358 19.28606506
OS 52.56292764 19.41306506
OS 52.66434476 19.51448218
OS 52.74941698 19.71986404
OS 52.74941698 19.94216992
OS 52.66434476 20.14755178
OS 52.50715178 20.30474476
OS 52.30176992 20.38981698
OS 52.07946404 20.38981698
OS 51.87408218 20.30474476
OS 51.71689174 20.14755432
OS 51.59655416 20.12361736
OS 48.07051854 23.64965044
OS 48.11912144 23.7669832
OS 50.51204782 23.7669832
OS 52.21185392 22.0671771
OE
SE
S P 0
OB 52.22786354 3.23051424 I
OS 52.35389072 3.14630562
OS 52.5025493 3.11673494
OS 58.36214388 3.11673494
OS 58.4327 3.01113698
OS 58.3946 2.91915342
OS 58.3946 2.69685008
OS 58.33808246 2.61226554
OS 51.60730852 2.61226554
OS 40.51930428 13.70026724
OS 40.55980966 13.8393678
OS 40.73131046 13.91040652
OS 40.90279348 14.08188954
OS 40.98892996 14.28984188
OS 41.11293276 14.34544502
OS 52.22786354 3.23051424
OE
SE
S P 0
OB 53.04111312 12.53522004 I
OS 53.05145092 12.48324656
OS 53.13565954 12.35721938
OS 56.49656468 8.99631424
OS 56.62259186 8.91210562
OS 56.77125044 8.88253494
OS 63.67562322 8.88253494
OS 63.69364452 8.763
OS 63.4882652 8.67792778
OS 63.33107222 8.5207348
OS 63.246 8.31535294
OS 63.246 8.0930496
OS 63.18948246 8.00846506
OS 55.07496224 8.00846506
OS 47.35269168 15.73073308
OS 47.35269168 18.05770582
OS 47.47002444 18.10630872
OS 53.04111312 12.53522004
OE
OB 52.28700236 12.78205216 H
OS 52.04448824 12.78205216
OS 51.82043484 12.68924564
OS 51.64895182 12.51776262
OS 51.5561453 12.29370922
OS 51.5561453 12.0511951
OS 51.64895182 11.8271417
OS 51.82043484 11.65565868
OS 52.04448824 11.56285216
OS 52.28700236 11.56285216
OS 52.51105576 11.65565868
OS 52.68253878 11.8271417
OS 52.7753453 12.0511951
OS 52.7753453 12.29370922
OS 52.68253878 12.51776262
OS 52.51105576 12.68924564
OS 52.28700236 12.78205216
OE
SE
S P 0
OB 58.19836214 24.94751424 I
OS 58.32438932 24.86330562
OS 58.47305044 24.83373494
OS 59.9163394 24.83373494
OS 62.12476272 22.62531162
OS 62.2507899 22.541103
OS 62.39944848 22.51153232
OS 62.78520336 22.51153232
OS 62.78520336 22.16706006
OS 60.77991146 22.16706006
OS 57.8876922 25.05927932
OS 57.76166502 25.14348794
OS 57.61300644 25.17305862
OS 57.517665 25.17305862
OS 53.28223786 29.40848576
OS 53.17231428 29.48193494
OS 53.1727791 29.54442402
OS 53.19343946 29.60893494
OS 53.53694398 29.60893494
OS 58.19836214 24.94751424
OE
SE
S P 0
OB 60.77592112 26.81570964 I
OS 60.9019483 26.73150102
OS 61.05060688 26.70193034
OS 61.48081684 26.70193034
OS 61.51892954 26.65206506
OS 61.45614836 26.52506506
OS 59.01271154 26.52506506
OS 53.7924883 31.74528576
OS 53.66646112 31.82949438
OS 53.51780254 31.85906506
OS 49.4860834 31.85906506
OS 49.41552728 31.96466302
OS 49.4555526 32.06129478
OS 49.4555526 32.17433494
OS 55.41729582 32.17433494
OS 60.77592112 26.81570964
OE
SE
S P 0
OB 61.54553096 41.90143512 I
OS 61.46246026 41.8534723
OS 61.2451277 41.63613974
OS 61.09144754 41.36996044
OS 61.01189982 41.07307762
OS 61.01189982 40.76572238
OS 61.09144754 40.46883956
OS 61.2451277 40.20266026
OS 61.46246026 39.9853277
OS 61.72863956 39.83164754
OS 62.02552238 39.75209982
OS 62.33287762 39.75209982
OS 62.62976044 39.83164754
OS 62.89593974 39.9853277
OS 63.1132723 40.20266026
OS 63.26695246 40.46883956
OS 63.34650018 40.76572238
OS 63.34650018 41.07307762
OS 63.26695246 41.36996044
OS 63.20669604 41.47432396
OS 63.30832144 41.5523045
OS 64.22122538 40.63940056
OS 64.22122538 39.30126506
OS 43.3578 39.30126506
OS 43.20914142 39.27169438
OS 43.08311424 39.18748576
OS 42.03479782 38.13916934
OS 41.91746506 38.18777224
OS 41.91746506 38.70109354
OS 45.24480664 42.02843512
OS 58.47189982 42.02843512
OS 58.47189982 39.75209982
OS 60.80650018 39.75209982
OS 60.80650018 42.02843512
OS 61.51150258 42.02843512
OS 61.54553096 41.90143512
OE
SE
S P 0
OB 61.86333576 15.25244092 I
OS 61.86333576 15.10280698
OS 61.89290644 14.9541484
OS 61.97711506 14.82812122
OS 62.09553494 14.70970134
OS 62.09553494 14.13270732
OS 62.12510562 13.98404874
OS 62.20931424 13.85802156
OS 62.7206264 13.3467094
OS 62.78520336 13.30355988
OS 62.78520336 12.51030518
OS 62.6998619 12.45328218
OS 61.55704478 11.31046506
OS 59.09512184 11.31046506
OS 58.96743096 11.28506506
OS 57.59030646 11.28506506
OS 57.08126506 11.79410646
OS 57.08126506 15.3416
OS 57.05169438 15.49025858
OS 56.96748576 15.61628576
OS 56.90976934 15.67400218
OS 56.95837224 15.79133494
OS 61.32444174 15.79133494
OS 61.86333576 15.25244092
OE
SE
S P 0
OB 63.09609936 17.14759588 I
OS 63.09454488 17.16207388
OS 63.08988144 17.17502788
OS 63.08210904 17.18645788
OS 63.07122768 17.19636388
OS 63.05723736 17.20474588
OS 63.04013808 17.21160388
OS 63.01992984 17.21693788
OS 62.99661264 17.22074788
OS 62.97018648 17.22303388
OS 62.94065136 17.22379588
OS 62.94065136 17.37619588
OS 62.97018648 17.37695788
OS 62.99661264 17.37924388
OS 63.01992984 17.38305388
OS 63.04013808 17.38838788
OS 63.05723736 17.39524588
OS 63.07122768 17.40362788
OS 63.08210904 17.41353388
OS 63.08988144 17.42496388
OS 63.09454488 17.43791788
OS 63.09609936 17.45239588
OS 63.09609936 17.14759588
OE
SE
S P 0
OB 63.09609936 17.8562 I
OS 63.09454488 17.870678
OS 63.08988144 17.883632
OS 63.08210904 17.895062
OS 63.07122768 17.904968
OS 63.05723736 17.91335
OS 63.04013808 17.920208
OS 63.01992984 17.925542
OS 62.99661264 17.929352
OS 62.97018648 17.931638
OS 62.94065136 17.9324
OS 62.94065136 18.0848
OS 62.97018648 18.085562
OS 62.99661264 18.087848
OS 63.01992984 18.091658
OS 63.04013808 18.096992
OS 63.05723736 18.10385
OS 63.07122768 18.112232
OS 63.08210904 18.122138
OS 63.08988144 18.133568
OS 63.09454488 18.146522
OS 63.09609936 18.161
OS 63.09609936 17.8562
OE
SE
S P 0
OB 63.09609936 20.3475971 I
OS 63.09454488 20.3620751
OS 63.08988144 20.3750291
OS 63.08210904 20.3864591
OS 63.07122768 20.3963651
OS 63.05723736 20.4047471
OS 63.04013808 20.4116051
OS 63.01992984 20.4169391
OS 62.99661264 20.4207491
OS 62.97018648 20.4230351
OS 62.94065136 20.4237971
OS 62.94065136 20.5761971
OS 62.97018648 20.5769591
OS 62.99661264 20.5792451
OS 63.01992984 20.5830551
OS 63.04013808 20.5883891
OS 63.05723736 20.5952471
OS 63.07122768 20.6036291
OS 63.08210904 20.6135351
OS 63.08988144 20.6249651
OS 63.09454488 20.6379191
OS 63.09609936 20.6523971
OS 63.09609936 20.3475971
OE
SE
S P 0
OB 63.09609936 22.74759738 I
OS 63.09454488 22.76207538
OS 63.08988144 22.77502938
OS 63.08210904 22.78645938
OS 63.07122768 22.79636538
OS 63.05723736 22.80474738
OS 63.04013808 22.81160538
OS 63.01992984 22.81693938
OS 62.99661264 22.82074938
OS 62.97018648 22.82303538
OS 62.94065136 22.82379738
OS 62.94065136 22.97619738
OS 62.97018648 22.97695938
OS 62.99661264 22.97924538
OS 63.01992984 22.98305538
OS 63.04013808 22.98838938
OS 63.05723736 22.99524738
OS 63.07122768 23.00362938
OS 63.08210904 23.01353538
OS 63.08988144 23.02496538
OS 63.09454488 23.03791938
OS 63.09609936 23.05239738
OS 63.09609936 22.74759738
OE
SE
S P 0
OB 63.09609936 23.54759578 I
OS 63.09454488 23.56207378
OS 63.08988144 23.57502778
OS 63.08210904 23.58645778
OS 63.07122768 23.59636378
OS 63.05723736 23.60474578
OS 63.04013808 23.61160378
OS 63.01992984 23.61693778
OS 62.99661264 23.62074778
OS 62.97018648 23.62303378
OS 62.94065136 23.62379578
OS 62.94065136 23.77619578
OS 62.97018648 23.77695778
OS 62.99661264 23.77924378
OS 63.01992984 23.78305378
OS 63.04013808 23.78838778
OS 63.05723736 23.79524578
OS 63.07122768 23.80362778
OS 63.08210904 23.81353378
OS 63.08988144 23.82496378
OS 63.09454488 23.83791778
OS 63.09609936 23.85239578
OS 63.09609936 23.54759578
OE
SE
S P 0
OB 63.09609936 25.9631434 I
OS 63.09454488 25.9776214
OS 63.08988144 25.9905754
OS 63.08210904 26.0020054
OS 63.07122768 26.0119114
OS 63.05723736 26.0202934
OS 63.04013808 26.0271514
OS 63.01992984 26.0324854
OS 62.99661264 26.0362954
OS 62.97018648 26.0385814
OS 62.94065136 26.0393434
OS 62.94065136 26.1917434
OS 62.97018648 26.1925054
OS 62.99661264 26.1947914
OS 63.01992984 26.1986014
OS 63.04013808 26.2039354
OS 63.05723736 26.2107934
OS 63.07122768 26.2191754
OS 63.08210904 26.2290814
OS 63.08988144 26.2405114
OS 63.09454488 26.2534654
OS 63.09609936 26.2679434
OS 63.09609936 25.9631434
OE
SE
S P 0
OB 63.09609936 26.74759446 I
OS 63.09454488 26.76207246
OS 63.08988144 26.77502646
OS 63.08210904 26.78645646
OS 63.07122768 26.79636246
OS 63.05723736 26.80474446
OS 63.04013808 26.81160246
OS 63.01992984 26.81693646
OS 62.99661264 26.82074646
OS 62.97018648 26.82303246
OS 62.94065136 26.82379446
OS 62.94065136 26.97619446
OS 62.97018648 26.97695646
OS 62.99661264 26.97924246
OS 63.01992984 26.98305246
OS 63.04013808 26.98838646
OS 63.05723736 26.99524446
OS 63.07122768 27.00362646
OS 63.08210904 27.01353246
OS 63.08988144 27.02496246
OS 63.09454488 27.03791646
OS 63.09609936 27.05239446
OS 63.09609936 26.74759446
OE
SE
S P 0
OB 63.09609936 27.5475954 I
OS 63.09454488 27.5620734
OS 63.08988144 27.5750274
OS 63.08210904 27.5864574
OS 63.07122768 27.5963634
OS 63.05723736 27.6047454
OS 63.04013808 27.6116034
OS 63.01992984 27.6169374
OS 62.99661264 27.6207474
OS 62.97018648 27.6230334
OS 62.94065136 27.6237954
OS 62.94065136 27.7761954
OS 62.97018648 27.7769574
OS 62.99661264 27.7792434
OS 63.01992984 27.7830534
OS 63.04013808 27.7883874
OS 63.05723736 27.7952454
OS 63.07122768 27.8036274
OS 63.08210904 27.8135334
OS 63.08988144 27.8249634
OS 63.09454488 27.8379174
OS 63.09609936 27.8523954
OS 63.09609936 27.5475954
OE
SE
S P 0
OB 63.09609936 28.34759634 I
OS 63.09454488 28.36207434
OS 63.08988144 28.37502834
OS 63.08210904 28.38645834
OS 63.07122768 28.39636434
OS 63.05723736 28.40474634
OS 63.04013808 28.41160434
OS 63.01992984 28.41693834
OS 62.99661264 28.42074834
OS 62.97018648 28.42303434
OS 62.94065136 28.42379634
OS 62.94065136 28.57619634
OS 62.97018648 28.57695834
OS 62.99661264 28.57924434
OS 63.01992984 28.58305434
OS 63.04013808 28.58838834
OS 63.05723736 28.59524634
OS 63.07122768 28.60362834
OS 63.08210904 28.61353434
OS 63.08988144 28.62496434
OS 63.09454488 28.63791834
OS 63.09609936 28.65239634
OS 63.09609936 28.34759634
OE
SE
S P 0
OB 63.09609936 29.14759474 I
OS 63.09454488 29.16207274
OS 63.08988144 29.17502674
OS 63.08210904 29.18645674
OS 63.07122768 29.19636274
OS 63.05723736 29.20474474
OS 63.04013808 29.21160274
OS 63.01992984 29.21693674
OS 62.99661264 29.22074674
OS 62.97018648 29.22303274
OS 62.94065136 29.22379474
OS 62.94065136 29.37619474
OS 62.97018648 29.37695674
OS 62.99661264 29.37924274
OS 63.01992984 29.38305274
OS 63.04013808 29.38838674
OS 63.05723736 29.39524474
OS 63.07122768 29.40362674
OS 63.08210904 29.41353274
OS 63.08988144 29.42496274
OS 63.09454488 29.43791674
OS 63.09609936 29.45239474
OS 63.09609936 29.14759474
OE
SE
S P 0
OB 63.09609936 31.54759502 I
OS 63.09454488 31.56207302
OS 63.08988144 31.57502702
OS 63.08210904 31.58645702
OS 63.07122768 31.59636302
OS 63.05723736 31.60474502
OS 63.04013808 31.61160302
OS 63.01992984 31.61693702
OS 62.99661264 31.62074702
OS 62.97018648 31.62303302
OS 62.94065136 31.62379502
OS 62.94065136 31.77619502
OS 62.97018648 31.77695702
OS 62.99661264 31.77924302
OS 63.01992984 31.78305302
OS 63.04013808 31.78838702
OS 63.05723736 31.79524502
OS 63.07122768 31.80362702
OS 63.08210904 31.81353302
OS 63.08988144 31.82496302
OS 63.09454488 31.83791702
OS 63.09609936 31.85239502
OS 63.09609936 31.54759502
OE
SE
S P 0
OB 63.09609936 32.34759596 I
OS 63.09454488 32.36207396
OS 63.08988144 32.37502796
OS 63.08210904 32.38645796
OS 63.07122768 32.39636396
OS 63.05723736 32.40474596
OS 63.04013808 32.41160396
OS 63.01992984 32.41693796
OS 62.99661264 32.42074796
OS 62.97018648 32.42303396
OS 62.94065136 32.42379596
OS 62.94065136 32.57619596
OS 62.97018648 32.57695796
OS 62.99661264 32.57924396
OS 63.01992984 32.58305396
OS 63.04013808 32.58838796
OS 63.05723736 32.59524596
OS 63.07122768 32.60362796
OS 63.08210904 32.61353396
OS 63.08988144 32.62496396
OS 63.09454488 32.63791796
OS 63.09609936 32.65239596
OS 63.09609936 32.34759596
OE
SE
S P 0
OB 63.30857798 10.65304448 I
OS 63.2967238 10.66166524
OS 63.28271316 10.66597562
OS 63.26655114 10.66597562
OS 63.24823012 10.66166524
OS 63.22775518 10.65304448
OS 63.20512378 10.64011334
OS 63.18033846 10.62287182
OS 63.15339922 10.60131738
OS 63.09305136 10.54528244
OS 62.98528932 10.65304448
OS 63.01546198 10.68429664
OS 63.0628787 10.74033158
OS 63.08012022 10.7651169
OS 63.09305136 10.7877483
OS 63.10167212 10.80822324
OS 63.1059825 10.82654426
OS 63.1059825 10.84270628
OS 63.10167212 10.85671692
OS 63.09305136 10.8685711
OS 63.30857798 10.65304448
OE
SE
S P 0
OB 63.99258474 34.72132756 I
OS 63.96700186 34.65956746
OS 63.96700186 34.0999953
OS 63.84000186 34.0999953
OS 63.84000186 33.9729953
OS 62.83600336 33.9729953
OS 62.83600336 33.5959958
OS 62.83600336 33.4269969
OS 63.84000186 33.4269969
OS 63.84000186 33.1729969
OS 62.83600336 33.1729969
OS 62.83600336 33.05479546
OS 62.78520336 33.05479546
OS 62.78520336 32.88846102
OS 62.4029105 32.88846102
OS 59.77298942 35.5183821
OS 59.64696224 35.60259072
OS 59.49830366 35.6321614
OS 46.11225474 35.6321614
OS 46.07005772 35.67435842
OS 46.00501086 35.7013002
OS 45.98023316 35.8258618
OS 46.8499063 36.69553494
OS 48.01749604 36.69553494
OS 48.1023549 36.5685324
OS 48.0568 36.45855294
OS 48.0568 36.23624706
OS 48.14187222 36.0308652
OS 48.2990652 35.87367222
OS 48.50444706 35.7886
OS 48.72675294 35.7886
OS 48.9321348 35.87367222
OS 49.08932778 36.0308652
OS 49.1744 36.23624706
OS 49.1744 36.45855294
OS 49.1288451 36.5685324
OS 49.21370396 36.69553494
OS 62.0183799 36.69553494
OS 63.99258474 34.72132756
OE
OB 63.71300186 34.6039948 H
OS 62.83600336 34.6039948
OS 62.83600336 34.2269953
OS 63.71300186 34.2269953
OS 63.71300186 34.6039948
OE
SE
S P 0
OB 66.9537142 26.14671428 I
OS 67.07974138 26.06250566
OS 67.10520234 26.0574409
OS 67.10520234 25.54520164
OS 67.10520234 24.7452007
OS 67.10520234 23.94519976
OS 67.10520234 23.14520136
OS 67.10520234 22.34520042
OS 67.10520234 21.54519948
OS 67.10520234 20.74520108
OS 67.10520234 19.94520268
OS 67.10520234 19.1451992
OS 67.10520234 18.3452008
OS 67.10520234 17.5452024
OS 67.10520234 16.74520146
OS 67.10520234 15.94520052
OS 67.10520234 15.14520212
OS 67.10520234 14.2849981
OS 67.0160712 14.22544526
OS 65.79071424 13.00008576
OS 65.70650562 12.87405858
OS 65.67693494 12.7254
OS 65.67693494 11.96301138
OS 65.01213312 11.29820956
OS 64.89480036 11.34681246
OS 64.89480036 11.45479548
OS 64.89480036 12.74519676
OS 64.89480036 13.54519516
OS 64.89480036 14.3451961
OS 64.89480036 15.14519704
OS 64.89480036 15.94519544
OS 64.89480036 16.74519638
OS 64.89480036 17.54519732
OS 64.89480036 18.34519572
OS 64.89480036 19.14519666
OS 64.89480036 19.9451976
OS 64.89480036 20.745196
OS 64.89480036 21.54519694
OS 64.89480036 22.34519788
OS 64.89480036 23.14519628
OS 64.89480036 23.94519468
OS 64.89480036 24.74519816
OS 64.89480036 25.54519656
OS 64.89480036 26.34519496
OS 64.89480036 27.1451959
OS 64.89480036 28.03969246
OS 65.01213312 28.08829536
OS 66.9537142 26.14671428
OE
SE
S P 0
OB 67.2111813 41.96916168 I
OS 67.14673896 41.85399808
OS 67.12700062 41.85399808
OS 67.12700062 40.12699874
OS 68.85399996 40.12699874
OS 68.85399996 40.14673708
OS 68.96916356 40.21117942
OS 69.10593494 40.07440804
OS 69.10593494 35.41834674
OS 68.97893494 35.38431836
OS 68.90530034 35.5118543
OS 68.7350543 35.68210034
OS 68.5265457 35.80248364
OS 68.2939833 35.8648
OS 68.0532167 35.8648
OS 67.8206543 35.80248364
OS 67.67306506 35.71727426
OS 67.54606506 35.78872446
OS 67.54606506 36.97795246
OS 67.51649438 37.12661104
OS 67.43228576 37.25263822
OS 66.64524136 38.03968262
OS 66.6216473 38.0554484
OS 66.67120016 38.17507986
OS 66.81739748 38.1459994
OS 66.87300062 38.1459994
OS 66.87300062 39.87299874
OS 65.14600128 39.87299874
OS 65.14600128 39.8173956
OS 65.21724828 39.45920734
OS 65.29378864 39.27442234
OS 65.18612312 39.20248192
OS 64.9981555 39.39044954
OS 64.9981555 40.80030956
OS 64.96858482 40.94897068
OS 64.8843762 41.07499786
OS 63.7434717 42.21590236
OS 63.79207206 42.33323512
OS 66.84710786 42.33323512
OS 67.2111813 41.96916168
OE
OB 66.87300062 41.85399808 H
OS 66.81739748 41.85399808
OS 66.45920922 41.78275108
OS 66.12180324 41.64299266
OS 65.8181437 41.44009492
OS 65.55990444 41.18185566
OS 65.3570067 40.87819612
OS 65.21724828 40.54079014
OS 65.14600128 40.18260188
OS 65.14600128 40.12699874
OS 66.87300062 40.12699874
OS 66.87300062 41.85399808
OE
OB 68.85399996 39.87299874 H
OS 67.12700062 39.87299874
OS 67.12700062 38.1459994
OS 67.18260376 38.1459994
OS 67.54079202 38.2172464
OS 67.878198 38.35700482
OS 68.18185754 38.55990256
OS 68.4400968 38.81814182
OS 68.64299454 39.12180136
OS 68.78275296 39.45920734
OS 68.85399996 39.8173956
OS 68.85399996 39.87299874
OE
SE
S P 0
OB 67.4160958 11.54759946 I
OS 67.41454132 11.56207746
OS 67.40987788 11.57503146
OS 67.40210548 11.58646146
OS 67.39122412 11.59636746
OS 67.3772338 11.60474946
OS 67.36013452 11.61160746
OS 67.33992628 11.61694146
OS 67.31660908 11.62075146
OS 67.29018292 11.62303746
OS 67.2606478 11.62379946
OS 67.2606478 11.77619946
OS 67.29018292 11.77696146
OS 67.31660908 11.77924746
OS 67.33992628 11.78305746
OS 67.36013452 11.78839146
OS 67.3772338 11.79524946
OS 67.39122412 11.80363146
OS 67.40210548 11.81353746
OS 67.40987788 11.82496746
OS 67.41454132 11.83792146
OS 67.4160958 11.85239946
OS 67.4160958 11.54759946
OE
SE
S P 0
OB 67.4160958 12.34049856 I
OS 67.41464038 12.35307156
OS 67.4102792 12.36432122
OS 67.40300718 12.37424754
OS 67.3928294 12.38285052
OS 67.37974078 12.39013016
OS 67.36374386 12.39608646
OS 67.34483864 12.40071688
OS 67.32302512 12.4040265
OS 67.2983033 12.40601024
OS 67.27067318 12.40667318
OS 67.27067318 12.55907318
OS 67.2983033 12.55973612
OS 67.32302512 12.56171986
OS 67.34483864 12.56502948
OS 67.36374386 12.5696599
OS 67.37974078 12.5756162
OS 67.3928294 12.58289584
OS 67.40300718 12.59149882
OS 67.4102792 12.60142514
OS 67.41464038 12.6126748
OS 67.4160958 12.6252478
OS 67.4160958 12.34049856
OE
SE
S P 0
OB 67.41609834 10.74760106 I
OS 67.41454386 10.76207906
OS 67.40988042 10.77503306
OS 67.40210802 10.78646306
OS 67.39122666 10.79636906
OS 67.37723634 10.80475106
OS 67.36013706 10.81160906
OS 67.33992882 10.81694306
OS 67.31661162 10.82075306
OS 67.29018546 10.82303906
OS 67.26065034 10.82380106
OS 67.26065034 10.97620106
OS 67.29018546 10.97696306
OS 67.31661162 10.97924906
OS 67.33992882 10.98305906
OS 67.36013706 10.98839306
OS 67.37723634 10.99525106
OS 67.39122666 11.00363306
OS 67.40210802 11.01353906
OS 67.40988042 11.02496906
OS 67.41454386 11.03792306
OS 67.41609834 11.05240106
OS 67.41609834 10.74760106
OE
SE
S P 0
OB 68.67568434 34.82965602 I
OS 68.69695938 34.49382738
OS 68.70671044 34.43985492
OS 68.71823442 34.39787634
OS 68.73153132 34.36789164
OS 68.74660114 34.34990082
OS 68.76344388 34.34390388
OS 67.57015188 34.34390388
OS 67.58699462 34.34990082
OS 67.60206444 34.36789164
OS 67.61536134 34.39787634
OS 67.62688532 34.43985492
OS 67.63663638 34.49382738
OS 67.64461452 34.55979372
OS 67.65525204 34.72770804
OS 67.65879788 34.94359788
OS 68.67479788 34.94359788
OS 68.67568434 34.82965602
OE
SE
S P 0
OB 68.90535876 15.81487566 I
OS 68.90971994 15.803626
OS 68.91699196 15.79369968
OS 68.92716974 15.7850967
OS 68.94025836 15.77781706
OS 68.95625528 15.77186076
OS 68.9751605 15.76723034
OS 68.99697402 15.76392072
OS 69.02169584 15.76193698
OS 69.04932596 15.76127404
OS 69.04932596 15.60887404
OS 69.02169584 15.6082111
OS 68.99697402 15.60622736
OS 68.9751605 15.60291774
OS 68.95625528 15.59828732
OS 68.94025836 15.59233102
OS 68.92716974 15.58505138
OS 68.91699196 15.5764484
OS 68.90971994 15.56652208
OS 68.90535876 15.55527242
OS 68.90390334 15.54269942
OS 68.90390334 15.82744866
OS 68.90535876 15.81487566
OE
SE
S P 0
OB 68.90545782 19.7896861 I
OS 68.91012126 19.7767321
OS 68.91789366 19.7653021
OS 68.92877502 19.7553961
OS 68.94276534 19.7470141
OS 68.95986462 19.7401561
OS 68.98007286 19.7348221
OS 69.00339006 19.7310121
OS 69.02981622 19.7287261
OS 69.05935134 19.7279641
OS 69.05935134 19.5755641
OS 69.02981622 19.5748021
OS 69.00339006 19.5725161
OS 68.98007286 19.5687061
OS 68.95986462 19.5633721
OS 68.94276534 19.5565141
OS 68.92877502 19.5481321
OS 68.91789366 19.5382261
OS 68.91012126 19.5267961
OS 68.90545782 19.5138421
OS 68.90390334 19.4993641
OS 68.90390334 19.8041641
OS 68.90545782 19.7896861
OE
SE
S P 0
OB 7.10520296 29.85649604 I
OS 7.10520296 28.74520032
OS 7.10520296 28.20470864
OS 7.01314828 28.1432
OS 6.79084494 28.1432
OS 6.58546308 28.05812778
OS 6.4282701 27.9009348
OS 6.34319788 27.69555294
OS 6.34319788 27.47324706
OS 6.4282701 27.2678652
OS 6.58546308 27.11067222
OS 6.79084494 27.0256
OS 7.01314828 27.0256
OS 7.10520296 26.96409136
OS 7.10520296 26.34520004
OS 7.10520296 25.54520164
OS 7.10520296 24.7452007
OS 7.10520296 23.94519976
OS 7.10520296 23.14520136
OS 7.10520296 22.34520042
OS 7.10520296 21.54519948
OS 7.10520296 20.74520108
OS 7.10520296 19.94520268
OS 7.10520296 19.1451992
OS 7.10520296 18.428462
OS 6.97951614 18.34361838
OS 6.97820296 18.34360314
OS 6.86715416 18.3896
OS 6.64484828 18.3896
OS 6.43946642 18.30452778
OS 6.28227344 18.1473348
OS 6.19720122 17.94195294
OS 6.19720122 17.71964706
OS 6.28227344 17.5142652
OS 6.43946642 17.35707222
OS 6.64484828 17.272
OS 6.86715416 17.272
OS 6.97820042 17.31799686
OS 7.10520296 17.233138
OS 7.10520296 15.94520052
OS 7.10520296 15.28859528
OS 6.97820042 15.20904756
OS 6.84215294 15.2654
OS 6.61984706 15.2654
OS 6.4144652 15.18032778
OS 6.25727222 15.0231348
OS 6.1722 14.81775294
OS 6.1722 14.62006474
OS 6.10272846 14.57315348
OS 6.05486724 14.55779156
OS 4.95937794 15.65328086
OS 4.89480098 15.69643038
OS 4.89480098 16.74519638
OS 4.89480098 17.54519732
OS 4.89480098 18.34519572
OS 4.89480098 19.14519666
OS 4.89480098 19.9451976
OS 4.89480098 20.745196
OS 4.89480098 21.54519694
OS 4.89480098 22.34519788
OS 4.89480098 23.14519628
OS 4.89480098 23.94519468
OS 4.89480098 24.74519816
OS 4.89480098 25.54519656
OS 4.89480098 26.34519496
OS 4.89480098 27.1451959
OS 4.89480098 27.70356156
OS 4.95937794 27.74671108
OS 6.87868576 29.66601636
OS 6.96289438 29.79204354
OS 6.97820296 29.869003
OS 7.10520296 29.85649604
OE
SE
S P 0
OB 8.9054559 11.83792146 I
OS 8.91011934 11.82496746
OS 8.91789174 11.81353746
OS 8.9287731 11.80363146
OS 8.94276342 11.79524946
OS 8.9598627 11.78839146
OS 8.98007094 11.78305746
OS 9.00338814 11.77924746
OS 9.0298143 11.77696146
OS 9.05934942 11.77619946
OS 9.05934942 11.62379946
OS 9.0298143 11.62303746
OS 9.00338814 11.62075146
OS 8.98007094 11.61694146
OS 8.9598627 11.61160746
OS 8.94276342 11.60474946
OS 8.9287731 11.59636746
OS 8.91789174 11.58646146
OS 8.91011934 11.57503146
OS 8.9054559 11.56207746
OS 8.90390142 11.54759946
OS 8.90390142 11.85239946
OS 8.9054559 11.83792146
OE
SE
S P 0
OB 8.9054559 12.6379224 I
OS 8.91011934 12.6249684
OS 8.91789174 12.6135384
OS 8.9287731 12.6036324
OS 8.94276342 12.5952504
OS 8.9598627 12.5883924
OS 8.98007094 12.5830584
OS 9.00338814 12.5792484
OS 9.0298143 12.5769624
OS 9.05934942 12.5762004
OS 9.05934942 12.4238004
OS 9.0298143 12.4230384
OS 9.00338814 12.4207524
OS 8.98007094 12.4169424
OS 8.9598627 12.4116084
OS 8.94276342 12.4047504
OS 8.9287731 12.3963684
OS 8.91789174 12.3864624
OS 8.91011934 12.3750324
OS 8.9054559 12.3620784
OS 8.90390142 12.3476004
OS 8.90390142 12.6524004
OS 8.9054559 12.6379224
OE
SE
S P 0
OB 8.9054559 13.43792334 I
OS 8.91011934 13.42496934
OS 8.91789174 13.41353934
OS 8.9287731 13.40363334
OS 8.94276342 13.39525134
OS 8.9598627 13.38839334
OS 8.98007094 13.38305934
OS 9.00338814 13.37924934
OS 9.0298143 13.37696334
OS 9.05934942 13.37620134
OS 9.05934942 13.22380134
OS 9.0298143 13.22303934
OS 9.00338814 13.22075334
OS 8.98007094 13.21694334
OS 8.9598627 13.21160934
OS 8.94276342 13.20475134
OS 8.9287731 13.19636934
OS 8.91789174 13.18646334
OS 8.91011934 13.17503334
OS 8.9054559 13.16207934
OS 8.90390142 13.14760134
OS 8.90390142 13.45240134
OS 8.9054559 13.43792334
OE
SE
S P 0
OB 8.9054559 17.43792296 I
OS 8.91011934 17.42496896
OS 8.91789174 17.41353896
OS 8.9287731 17.40363296
OS 8.94276342 17.39525096
OS 8.9598627 17.38839296
OS 8.98007094 17.38305896
OS 9.00338814 17.37924896
OS 9.0298143 17.37696296
OS 9.05934942 17.37620096
OS 9.05934942 17.22380096
OS 9.0298143 17.22303896
OS 9.00338814 17.22075296
OS 8.98007094 17.21694296
OS 8.9598627 17.21160896
OS 8.94276342 17.20475096
OS 8.9287731 17.19636896
OS 8.91789174 17.18646296
OS 8.91011934 17.17503296
OS 8.9054559 17.16207896
OS 8.90390142 17.14760096
OS 8.90390142 17.45240096
OS 8.9054559 17.43792296
OE
SE
S P 0
OB 8.9054559 27.03792154 I
OS 8.91011934 27.02496754
OS 8.91789174 27.01353754
OS 8.9287731 27.00363154
OS 8.94276342 26.99524954
OS 8.9598627 26.98839154
OS 8.98007094 26.98305754
OS 9.00338814 26.97924754
OS 9.0298143 26.97696154
OS 9.05934942 26.97619954
OS 9.05934942 26.82379954
OS 9.0298143 26.82303754
OS 9.00338814 26.82075154
OS 8.98007094 26.81694154
OS 8.9598627 26.81160754
OS 8.94276342 26.80474954
OS 8.9287731 26.79636754
OS 8.91789174 26.78646154
OS 8.91011934 26.77503154
OS 8.9054559 26.76207754
OS 8.90390142 26.74759954
OS 8.90390142 27.05239954
OS 8.9054559 27.03792154
OE
SE
S P 0
OB 8.9054559 27.83792248 I
OS 8.91011934 27.82496848
OS 8.91789174 27.81353848
OS 8.9287731 27.80363248
OS 8.94276342 27.79525048
OS 8.9598627 27.78839248
OS 8.98007094 27.78305848
OS 9.00338814 27.77924848
OS 9.0298143 27.77696248
OS 9.05934942 27.77620048
OS 9.05934942 27.62380048
OS 9.0298143 27.62303848
OS 9.00338814 27.62075248
OS 8.98007094 27.61694248
OS 8.9598627 27.61160848
OS 8.94276342 27.60475048
OS 8.9287731 27.59636848
OS 8.91789174 27.58646248
OS 8.91011934 27.57503248
OS 8.9054559 27.56207848
OS 8.90390142 27.54760048
OS 8.90390142 27.85240048
OS 8.9054559 27.83792248
OE
SE
S P 0
OB 8.9054559 31.81704076 I
OS 8.91011934 31.80408676
OS 8.91789174 31.79265676
OS 8.9287731 31.78275076
OS 8.94276342 31.77436876
OS 8.9598627 31.76751076
OS 8.98007094 31.76217676
OS 9.00338814 31.75836676
OS 9.0298143 31.75608076
OS 9.05934942 31.75531876
OS 9.05934942 31.60291876
OS 9.0298143 31.60215676
OS 9.00338814 31.59987076
OS 8.98007094 31.59606076
OS 8.9598627 31.59072676
OS 8.94276342 31.58386876
OS 8.9287731 31.57548676
OS 8.91789174 31.56558076
OS 8.91011934 31.55415076
OS 8.9054559 31.54119676
OS 8.90390142 31.52671876
OS 8.90390142 31.83151876
OS 8.9054559 31.81704076
OE
SE
S P 0
OB 8.9054559 32.63792304 I
OS 8.91011934 32.62496904
OS 8.91789174 32.61353904
OS 8.9287731 32.60363304
OS 8.94276342 32.59525104
OS 8.9598627 32.58839304
OS 8.98007094 32.58305904
OS 9.00338814 32.57924904
OS 9.0298143 32.57696304
OS 9.05934942 32.57620104
OS 9.05934942 32.42380104
OS 9.0298143 32.42303904
OS 9.00338814 32.42075304
OS 8.98007094 32.41694304
OS 8.9598627 32.41160904
OS 8.94276342 32.40475104
OS 8.9287731 32.39636904
OS 8.91789174 32.38646304
OS 8.91011934 32.37503304
OS 8.9054559 32.36207904
OS 8.90390142 32.34760104
OS 8.90390142 32.65240104
OS 8.9054559 32.63792304
OE
SE
S P 0
OB 8.90545844 15.83792362 I
OS 8.91012188 15.82496962
OS 8.91789428 15.81353962
OS 8.92877564 15.80363362
OS 8.94276596 15.79525162
OS 8.95986524 15.78839362
OS 8.98007348 15.78305962
OS 9.00339068 15.77924962
OS 9.02981684 15.77696362
OS 9.05935196 15.77620162
OS 9.05935196 15.62380162
OS 9.02981684 15.62303962
OS 9.00339068 15.62075362
OS 8.98007348 15.61694362
OS 8.95986524 15.61160962
OS 8.94276596 15.60475162
OS 8.92877564 15.59636962
OS 8.91789428 15.58646362
OS 8.91012188 15.57503362
OS 8.90545844 15.56207962
OS 8.90390396 15.54760162
OS 8.90390396 15.85240162
OS 8.90545844 15.83792362
OE
SE
S P 0
OB 8.90545844 16.63792202 I
OS 8.91012188 16.62496802
OS 8.91789428 16.61353802
OS 8.92877564 16.60363202
OS 8.94276596 16.59525002
OS 8.95986524 16.58839202
OS 8.98007348 16.58305802
OS 9.00339068 16.57924802
OS 9.02981684 16.57696202
OS 9.05935196 16.57620002
OS 9.05935196 16.42380002
OS 9.02981684 16.42303802
OS 9.00339068 16.42075202
OS 8.98007348 16.41694202
OS 8.95986524 16.41160802
OS 8.94276596 16.40475002
OS 8.92877564 16.39636802
OS 8.91789428 16.38646202
OS 8.91012188 16.37503202
OS 8.90545844 16.36207802
OS 8.90390396 16.34760002
OS 8.90390396 16.65240002
OS 8.90545844 16.63792202
OE
SE
S P 0
OB 8.90545844 19.010122 I
OS 8.91012188 18.997168
OS 8.91789428 18.985738
OS 8.92877564 18.975832
OS 8.94276596 18.96745
OS 8.95986524 18.960592
OS 8.98007348 18.955258
OS 9.00339068 18.951448
OS 9.02981684 18.949162
OS 9.05935196 18.9484
OS 9.05935196 18.796
OS 9.02981684 18.795238
OS 9.00339068 18.792952
OS 8.98007348 18.789142
OS 8.95986524 18.783808
OS 8.94276596 18.77695
OS 8.92877564 18.768568
OS 8.91789428 18.758662
OS 8.91012188 18.747232
OS 8.90545844 18.734278
OS 8.90390396 18.7198
OS 8.90390396 19.0246
OS 8.90545844 19.010122
OE
SE
S P 0
OB 8.90545844 20.63792418 I
OS 8.91012188 20.62497018
OS 8.91789428 20.61354018
OS 8.92877564 20.60363418
OS 8.94276596 20.59525218
OS 8.95986524 20.58839418
OS 8.98007348 20.58306018
OS 9.00339068 20.57925018
OS 9.02981684 20.57696418
OS 9.05935196 20.57620218
OS 9.05935196 20.42380218
OS 9.02981684 20.42304018
OS 9.00339068 20.42075418
OS 8.98007348 20.41694418
OS 8.95986524 20.41161018
OS 8.94276596 20.40475218
OS 8.92877564 20.39637018
OS 8.91789428 20.38646418
OS 8.91012188 20.37503418
OS 8.90545844 20.36208018
OS 8.90390396 20.34760218
OS 8.90390396 20.65240218
OS 8.90545844 20.63792418
OE
SE
S P 0
OB 8.90545844 24.63792126 I
OS 8.91012188 24.62496726
OS 8.91789428 24.61353726
OS 8.92877564 24.60363126
OS 8.94276596 24.59524926
OS 8.95986524 24.58839126
OS 8.98007348 24.58305726
OS 9.00339068 24.57924726
OS 9.02981684 24.57696126
OS 9.05935196 24.57619926
OS 9.05935196 24.42379926
OS 9.02981684 24.42303726
OS 9.00339068 24.42075126
OS 8.98007348 24.41694126
OS 8.95986524 24.41160726
OS 8.94276596 24.40474926
OS 8.92877564 24.39636726
OS 8.91789428 24.38646126
OS 8.91012188 24.37503126
OS 8.90545844 24.36207726
OS 8.90390396 24.34759926
OS 8.90390396 24.65239926
OS 8.90545844 24.63792126
OE
SE
S P 0
OB 8.90545844 25.4379222 I
OS 8.91012188 25.4249682
OS 8.91789428 25.4135382
OS 8.92877564 25.4036322
OS 8.94276596 25.3952502
OS 8.95986524 25.3883922
OS 8.98007348 25.3830582
OS 9.00339068 25.3792482
OS 9.02981684 25.3769622
OS 9.05935196 25.3762002
OS 9.05935196 25.2238002
OS 9.02981684 25.2230382
OS 9.00339068 25.2207522
OS 8.98007348 25.2169422
OS 8.95986524 25.2116082
OS 8.94276596 25.2047502
OS 8.92877564 25.1963682
OS 8.91789428 25.1864622
OS 8.91012188 25.1750322
OS 8.90545844 25.1620782
OS 8.90390396 25.1476002
OS 8.90390396 25.4524002
OS 8.90545844 25.4379222
OE
SE
S P 0
OB 8.90545844 26.23792314 I
OS 8.91012188 26.22496914
OS 8.91789428 26.21353914
OS 8.92877564 26.20363314
OS 8.94276596 26.19525114
OS 8.95986524 26.18839314
OS 8.98007348 26.18305914
OS 9.00339068 26.17924914
OS 9.02981684 26.17696314
OS 9.05935196 26.17620114
OS 9.05935196 26.02380114
OS 9.02981684 26.02303914
OS 9.00339068 26.02075314
OS 8.98007348 26.01694314
OS 8.95986524 26.01160914
OS 8.94276596 26.00475114
OS 8.92877564 25.99636914
OS 8.91789428 25.98646314
OS 8.91012188 25.97503314
OS 8.90545844 25.96207914
OS 8.90390396 25.94760114
OS 8.90390396 26.25240114
OS 8.90545844 26.23792314
OE
SE
S P 0
OB 8.90545844 28.63792342 I
OS 8.91012188 28.62496942
OS 8.91789428 28.61353942
OS 8.92877564 28.60363342
OS 8.94276596 28.59525142
OS 8.95986524 28.58839342
OS 8.98007348 28.58305942
OS 9.00339068 28.57924942
OS 9.02981684 28.57696342
OS 9.05935196 28.57620142
OS 9.05935196 28.42380142
OS 9.02981684 28.42303942
OS 9.00339068 28.42075342
OS 8.98007348 28.41694342
OS 8.95986524 28.41160942
OS 8.94276596 28.40475142
OS 8.92877564 28.39636942
OS 8.91789428 28.38646342
OS 8.91012188 28.37503342
OS 8.90545844 28.36207942
OS 8.90390396 28.34760142
OS 8.90390396 28.65240142
OS 8.90545844 28.63792342
OE
SE
S P 0
OB 8.90545844 29.43792182 I
OS 8.91012188 29.42496782
OS 8.91789428 29.41353782
OS 8.92877564 29.40363182
OS 8.94276596 29.39524982
OS 8.95986524 29.38839182
OS 8.98007348 29.38305782
OS 9.00339068 29.37924782
OS 9.02981684 29.37696182
OS 9.05935196 29.37619982
OS 9.05935196 29.22379982
OS 9.02981684 29.22303782
OS 9.00339068 29.22075182
OS 8.98007348 29.21694182
OS 8.95986524 29.21160782
OS 8.94276596 29.20474982
OS 8.92877564 29.19636782
OS 8.91789428 29.18646182
OS 8.91012188 29.17503182
OS 8.90545844 29.16207782
OS 8.90390396 29.14759982
OS 8.90390396 29.45239982
OS 8.90545844 29.43792182
OE
SE
S P 0
OB 8.90545844 30.23792276 I
OS 8.91012188 30.22496876
OS 8.91789428 30.21353876
OS 8.92877564 30.20363276
OS 8.94276596 30.19525076
OS 8.95986524 30.18839276
OS 8.98007348 30.18305876
OS 9.00339068 30.17924876
OS 9.02981684 30.17696276
OS 9.05935196 30.17620076
OS 9.05935196 30.02380076
OS 9.02981684 30.02303876
OS 9.00339068 30.02075276
OS 8.98007348 30.01694276
OS 8.95986524 30.01160876
OS 8.94276596 30.00475076
OS 8.92877564 29.99636876
OS 8.91789428 29.98646276
OS 8.91012188 29.97503276
OS 8.90545844 29.96207876
OS 8.90390396 29.94760076
OS 8.90390396 30.25240076
OS 8.90545844 30.23792276
OE
SE
S P 0
OB 8.90545844 31.0379237 I
OS 8.91012188 31.0249697
OS 8.91789428 31.0135397
OS 8.92877564 31.0036337
OS 8.94276596 30.9952517
OS 8.95986524 30.9883937
OS 8.98007348 30.9830597
OS 9.00339068 30.9792497
OS 9.02981684 30.9769637
OS 9.05935196 30.9762017
OS 9.05935196 30.8238017
OS 9.02981684 30.8230397
OS 9.00339068 30.8207537
OS 8.98007348 30.8169437
OS 8.95986524 30.8116097
OS 8.94276596 30.8047517
OS 8.92877564 30.7963697
OS 8.91789428 30.7864637
OS 8.91012188 30.7750337
OS 8.90545844 30.7620797
OS 8.90390396 30.7476017
OS 8.90390396 31.0524017
OS 8.90545844 31.0379237
OE
SE
S P 0
OB 8.90545844 33.43792144 I
OS 8.91012188 33.42496744
OS 8.91789428 33.41353744
OS 8.92877564 33.40363144
OS 8.94276596 33.39524944
OS 8.95986524 33.38839144
OS 8.98007348 33.38305744
OS 9.00339068 33.37924744
OS 9.02981684 33.37696144
OS 9.05935196 33.37619944
OS 9.05935196 33.22379944
OS 9.02981684 33.22303744
OS 9.00339068 33.22075144
OS 8.98007348 33.21694144
OS 8.95986524 33.21160744
OS 8.94276596 33.20474944
OS 8.92877564 33.19636744
OS 8.91789428 33.18646144
OS 8.91012188 33.17503144
OS 8.90545844 33.16207744
OS 8.90390396 33.14759944
OS 8.90390396 33.45239944
OS 8.90545844 33.43792144
OE
SE
P 1.9558 22.0726 19 P 0 0 ;0=10,1=1
P 3.6322 36.4236 19 P 0 0 ;0=10,1=1
P 3.81 9.779 23 P 0 0 ;0=15,1=1
P 3.81 35.0012 20 P 0 0 ;0=11,1=1
P 5.207 44.2976 17 P 0 0 ;0=8,1=1
P 5.588 25.0698 17 P 0 0 ;0=8,1=1
P 5.969 44.2976 17 P 0 0 ;0=8,1=1
P 6.0000007 8.3999959 15 P 0 0 ;0=6,1=1
P 6.0000007 36.60000046 16 P 0 0 ;0=7,1=1
P 6.0198 27.6606 17 P 0 0 ;0=8,1=1
P 6.2738 24.2824 17 P 0 0 ;0=8,1=1
P 6.6802 44.0436 17 P 0 0 ;0=8,1=1
P 6.731 14.7066 17 P 0 0 ;0=8,1=1
P 6.75600122 17.8308 17 P 0 0 ;0=8,1=1
P 6.8072 28.4988 17 P 0 0 ;0=8,1=1
P 6.84758092 26.67358902 17 P 0 0 ;0=8,1=1
P 6.90199788 27.5844 17 P 0 0 ;0=8,1=1
P 7.239 43.5102 17 P 0 0 ;0=8,1=1
P 7.7978 42.926 17 P 0 0 ;0=8,1=1
P 7.92287468 34.58061918 20 P 0 0 ;0=11,1=1
P 8.4328 42.291 17 P 0 0 ;0=8,1=1
P 9.0424 41.6814 17 P 0 0 ;0=8,1=1
P 9.41353464 22.41718656 17 P 0 0 ;0=12,1=1
P 9.4234 41.0464 17 P 0 0 ;0=8,1=1
P 9.779 40.4368 17 P 0 0 ;0=8,1=1
P 10.1346 6.1976 17 P 0 0 ;0=8,1=1
P 10.1346 7.4676 17 P 0 0 ;0=8,1=1
P 10.4394 23.495 17 P 0 0 ;0=8,1=1
P 10.4394 40.1574 17 P 0 0 ;0=8,1=1
P 10.6934 39.4716 17 P 0 0 ;0=8,1=1
P 11.049 31.8516 19 P 0 0 ;0=10,1=1
P 11.20899206 21.9126054 19 P 0 0 ;0=10,1=1
P 11.2268 20.0914 19 P 0 0 ;0=10,1=1
P 11.3792 39.2176 17 P 0 0 ;0=8,1=1
P 11.6586 38.5064 17 P 0 0 ;0=8,1=1
P 11.8548785 16.60718548 17 P 0 0 ;0=8,1=1
P 12.2682 5.461 17 P 0 0 ;0=8,1=1
P 12.3698 38.227 17 P 0 0 ;0=8,1=1
P 12.446 11.0236 17 P 0 0 ;0=8,1=1
P 12.55724184 23.51339976 22 P 0 0 ;0=14,1=1
P 12.6492 37.4904 17 P 0 0 ;0=8,1=1
P 12.8524 20.066 19 P 0 0 ;0=10,1=1
P 12.8778 21.9202 19 P 0 0 ;0=10,1=1
P 13.0048 11.6586 17 P 0 0 ;0=8,1=1
P 13.081 14.5288 17 P 0 0 ;0=8,1=1
P 13.26756554 23.54866512 22 P 0 0 ;0=14,1=1
P 13.843 9.652 17 P 0 0 ;0=8,1=1
P 13.8938 38.1254 17 P 0 0 ;0=8,1=1
P 14.224 37.4904 17 P 0 0 ;0=8,1=1
P 14.4526 23.5458 22 P 0 0 ;0=14,1=1
P 14.53580024 26.416 17 P 0 0 ;0=8,1=1
P 14.6558 38.2016 17 P 0 0 ;0=8,1=1
P 14.732 31.7754 19 P 0 0 ;0=10,1=1
P 14.9352 5.5372 17 P 0 0 ;0=8,1=1
P 15.0876 37.5412 17 P 0 0 ;0=8,1=1
P 15.17139968 24.8666 22 P 0 0 ;0=14,1=1
P 15.2146 9.8044 19 P 0 0 ;0=10,1=1
P 15.2908 14.478 17 P 0 0 ;0=8,1=1
P 15.5194 38.227 17 P 0 0 ;0=8,1=1
P 15.875 37.5158 17 P 0 0 ;0=8,1=1
P 16.09250782 24.09942094 17 P 0 0 ;0=8,1=1
P 16.110966 16.70196558 17 P 0 0 ;0=8,1=1
P 16.129 26.59419878 17 P 0 0 ;0=8,1=1
P 16.3322 38.2016 17 P 0 0 ;0=8,1=1
P 16.43359934 22.25680842 17 P 0 0 ;0=8,1=1
P 16.51 16.0528 17 P 0 0 ;0=8,1=1
P 16.5608 11.7348 17 P 0 0 ;0=8,1=1
P 16.764 37.5158 17 P 0 0 ;0=8,1=1
P 17.0688 38.227 17 P 0 0 ;0=8,1=1
P 17.526 37.465 17 P 0 0 ;0=8,1=1
P 17.8054 38.1762 17 P 0 0 ;0=8,1=1
P 17.8816 3.5814 17 P 0 0 ;0=8,1=1
P 18.3642 37.4904 17 P 0 0 ;0=8,1=1
P 18.5166 17.8816 18 P 0 0 ;0=9,1=1
P 18.542 38.2524 17 P 0 0 ;0=8,1=1
P 18.8214 31.8008 19 P 0 0 ;0=10,1=1
P 19.3548 38.3032 17 P 0 0 ;0=8,1=1
P 19.54896522 22.25399918 17 P 0 0 ;0=8,1=1
P 19.9136 38.8112 17 P 0 0 ;0=8,1=1
P 19.9644 19.43060122 17 P 0 0 ;0=8,1=1
P 19.9898 11.7348 17 P 0 0 ;0=8,1=1
P 20.1168 20.5232 17 P 0 0 ;0=8,1=1
P 20.3962 3.9624 17 P 0 0 ;0=8,1=1
P 20.4978 39.3954 17 P 0 0 ;0=8,1=1
P 20.5044675 26.6677902 17 P 0 0 ;0=8,1=1
P 20.51878548 25.190958 17 P 0 0 ;0=8,1=1
P 20.8026 15.0876 19 P 0 0 ;0=10,1=1
P 21.0312 39.9542 17 P 0 0 ;0=8,1=1
P 21.3614 7.5692 19 P 0 0 ;0=10,1=1
P 21.6916 40.4114 17 P 0 0 ;0=8,1=1
P 21.70218418 21.93154364 17 P 0 0 ;0=8,1=1
P 22.3908493 6.71754816 18 P 0 0 ;0=9,1=1
P 22.4282 41.0464 17 P 0 0 ;0=8,1=1
P 22.5044 40.1828 17 P 0 0 ;0=8,1=1
P 22.59339906 23.2918 17 P 0 0 ;0=8,1=1
P 22.987 41.7068 17 P 0 0 ;0=8,1=1
P 23.2664 40.7924 17 P 0 0 ;0=8,1=1
P 23.4188 12.5476 19 P 0 0 ;0=10,1=1
P 23.6474 42.418 17 P 0 0 ;0=8,1=1
P 23.6728 27.1526 17 P 0 0 ;0=8,1=1
P 23.876 16.4084 17 P 0 0 ;0=8,1=1
P 23.876 41.5036 17 P 0 0 ;0=8,1=1
P 24.0538 30.79364682 18 P 0 0 ;0=9,1=1
P 24.0792 21.844 17 P 0 0 ;0=8,1=1
P 24.09641104 33.6804 18 P 0 0 ;0=9,1=1
P 24.4094 43.1292 17 P 0 0 ;0=8,1=1
P 24.6126 42.2656 17 P 0 0 ;0=8,1=1
P 24.7904 13.1318 18 P 0 0 ;0=9,1=1
P 25.01770968 22.4733485 17 P 0 0 ;0=8,1=1
P 25.19081322 17.61795562 18 P 0 0 ;0=9,1=1
P 25.2476 43.0276 17 P 0 0 ;0=8,1=1
P 25.2476 43.8912 17 P 0 0 ;0=8,1=1
P 25.29451888 25.5778 21 P 0 0 ;0=13,1=1
P 25.4053213 18.87241336 18 P 0 0 ;0=9,1=1
P 25.54261338 31.2671079 21 P 0 0 ;0=13,1=1
P 25.59375628 28.48434232 21 P 0 0 ;0=13,1=1
P 25.59742658 19.79237088 18 P 0 0 ;0=9,1=1
P 25.64347932 32.9692 21 P 0 0 ;0=13,1=1
P 25.64678894 30.2003079 21 P 0 0 ;0=13,1=1
P 25.781 22.74155472 21 P 0 0 ;0=13,1=1
P 25.84976542 23.85915472 21 P 0 0 ;0=13,1=1
P 25.908 6.604 20 P 0 0 ;0=11,1=1
P 25.94548278 27.92540008 21 P 0 0 ;0=13,1=1
P 26.035 43.4086 17 P 0 0 ;0=8,1=1
P 26.162 44.2976 17 P 0 0 ;0=8,1=1
P 26.416 15.5956 18 P 0 0 ;0=9,1=1
P 26.48672376 27.31050418 21 P 0 0 ;0=13,1=1
P 26.4897997 24.7278017 21 P 0 0 ;0=13,1=1
P 26.4922 20.77300138 21 P 0 0 ;0=13,1=1
P 26.6954 12.1412 17 P 0 0 ;0=8,1=1
P 26.8096746 34.76923196 21 P 0 0 ;0=13,1=1
P 27.0764 43.9674 17 P 0 0 ;0=8,1=1
P 27.1272 22.07300132 21 P 0 0 ;0=13,1=1
P 27.1272 32.512 21 P 0 0 ;0=13,1=1
P 27.178 31.1404 21 P 0 0 ;0=13,1=1
P 27.1884394 29.27780022 21 P 0 0 ;0=13,1=1
P 27.20490368 25.95220616 21 P 0 0 ;0=13,1=1
P 27.7114 40.894 17 P 0 0 ;0=8,1=1
P 27.7622 14.4272 18 P 0 0 ;0=9,1=1
P 27.9102439 28.26401002 21 P 0 0 ;0=13,1=1
P 28.0162 29.55200084 21 P 0 0 ;0=13,1=1
P 28.03279636 26.32740226 21 P 0 0 ;0=13,1=1
P 28.04085324 35.30525324 21 P 0 0 ;0=13,1=1
P 28.0416 16.129 21 P 0 0 ;0=13,1=1
P 28.0416 20.44800076 21 P 0 0 ;0=13,1=1
P 28.04617962 36.42817962 21 P 0 0 ;0=13,1=1
P 28.07572744 23.05200114 21 P 0 0 ;0=13,1=1
P 28.08233652 21.7480007 21 P 0 0 ;0=13,1=1
P 28.08284452 30.85200332 21 P 0 0 ;0=13,1=1
P 28.1178 24.35200108 21 P 0 0 ;0=13,1=1
P 28.1432 37.88055416 17 P 0 0 ;0=8,1=1
P 28.24747716 32.15200326 21 P 0 0 ;0=13,1=1
P 28.27040828 17.30024988 21 P 0 0 ;0=13,1=1
P 28.54948824 24.99762082 21 P 0 0 ;0=13,1=1
P 28.54960508 25.65801828 21 P 0 0 ;0=13,1=1
P 28.6131 9.4234 18 P 0 0 ;0=9,1=1
P 28.6258 30.20200208 21 P 0 0 ;0=13,1=1
P 28.6258 31.50200202 21 P 0 0 ;0=13,1=1
P 28.66473312 21.09799946 21 P 0 0 ;0=13,1=1
P 28.69869292 26.89720046 21 P 0 0 ;0=13,1=1
P 28.7274 28.89800164 21 P 0 0 ;0=13,1=1
P 28.7274 32.85296198 21 P 0 0 ;0=13,1=1
P 28.85167966 23.69789266 21 P 0 0 ;0=13,1=1
P 28.95241606 27.5819743 21 P 0 0 ;0=13,1=1
P 29.1084 14.29720026 18 P 0 0 ;0=9,1=1
P 29.1084 43.9928 17 P 0 0 ;0=8,1=1
P 29.1338 2.2098 19 P 0 0 ;0=10,1=1
P 29.14927622 15.61800026 21 P 0 0 ;0=13,1=1
P 29.2354 10.0838 18 P 0 0 ;0=9,1=1
P 29.4386 18.4404 21 P 0 0 ;0=13,1=1
P 29.8196 35.179 21 P 0 0 ;0=13,1=1
P 30.00544672 33.14193524 21 P 0 0 ;0=13,1=1
P 30.14999812 18.20060876 21 P 0 0 ;0=13,1=1
P 30.29580174 15.66184828 21 P 0 0 ;0=13,1=1
P 30.35061748 36.83 21 P 0 0 ;0=13,1=1
P 30.4546 41.3004 17 P 0 0 ;0=8,1=1
P 30.607 20.7518 21 P 0 0 ;0=13,1=1
P 30.6832 21.717 19 P 0 0 ;0=10,1=1
P 30.7848 19.05 21 P 0 0 ;0=13,1=1
P 30.80199834 34.3916 21 P 0 0 ;0=13,1=1
P 31.35819738 15.9512 21 P 0 0 ;0=13,1=1
P 31.45199958 18.28120042 21 P 0 0 ;0=13,1=1
P 31.521146 33.3131033 21 P 0 0 ;0=13,1=1
P 31.6484 43.9674 17 P 0 0 ;0=8,1=1
P 31.75619506 35.15940898 21 P 0 0 ;0=13,1=1
P 32.004 30.6832 19 P 0 0 ;0=10,1=1
P 32.0609976 36.60426258 21 P 0 0 ;0=13,1=1
P 32.09788602 19.15192512 21 P 0 0 ;0=13,1=1
P 32.09799778 34.39823702 21 P 0 0 ;0=13,1=1
P 32.2072 24.8666 19 P 0 0 ;0=10,1=1
P 32.2072 37.973 17 P 0 0 ;0=8,1=1
P 32.3973317 17.4758985 21 P 0 0 ;0=13,1=1
P 32.74799902 33.62032138 21 P 0 0 ;0=13,1=1
P 32.75199952 18.20176192 21 P 0 0 ;0=13,1=1
P 32.9184 41.5036 17 P 0 0 ;0=8,1=1
P 32.9946 10.7442 19 P 0 0 ;0=10,1=1
P 32.9946 12.0142 19 P 0 0 ;0=10,1=1
P 33.0454 15.9258 21 P 0 0 ;0=13,1=1
P 33.0454 28.4988 19 P 0 0 ;0=10,1=1
P 33.1277976 35.39372398 21 P 0 0 ;0=13,1=1
P 33.39799772 18.9991746 21 P 0 0 ;0=13,1=1
P 33.39999924 34.39939272 21 P 0 0 ;0=13,1=1
P 33.4518 43.9674 17 P 0 0 ;0=8,1=1
P 33.69357498 16.85537396 21 P 0 0 ;0=13,1=1
P 33.7566 23.1902 19 P 0 0 ;0=10,1=1
P 33.8836 36.6522 21 P 0 0 ;0=13,1=1
P 34.036 2.3368 19 P 0 0 ;0=10,1=1
P 34.0711536 19.35625542 21 P 0 0 ;0=13,1=1
P 34.30987804 33.0078334 21 P 0 0 ;0=13,1=1
P 34.32219958 16.65298676 21 P 0 0 ;0=13,1=1
P 34.3662 30.0228 19 P 0 0 ;0=10,1=1
P 34.37499856 35.14060536 21 P 0 0 ;0=13,1=1
P 34.6915994 18.4404 21 P 0 0 ;0=13,1=1
P 34.69999918 34.02000054 21 P 0 0 ;0=13,1=1
P 34.7726 40.3352 18 P 0 0 ;0=9,1=1
P 34.94794382 32.8375391 21 P 0 0 ;0=13,1=1
P 35.0012 36.6522 21 P 0 0 ;0=13,1=1
P 35.2044 9.9314 19 P 0 0 ;0=10,1=1
P 35.34999788 19.3965576 18 P 0 0 ;0=9,1=1
P 35.6108 41.275 17 P 0 0 ;0=8,1=1
P 35.6749985 35.08102204 21 P 0 0 ;0=13,1=1
P 35.75952208 15.39607538 21 P 0 0 ;0=13,1=1
P 36.0019981 33.8074 21 P 0 0 ;0=13,1=1
P 36.2204 36.32351892 21 P 0 0 ;0=13,1=1
P 36.4236 40.3352 18 P 0 0 ;0=9,1=1
P 36.65199934 34.2575769 21 P 0 0 ;0=13,1=1
P 36.70279934 18.17156132 21 P 0 0 ;0=13,1=1
P 36.7284 41.4528 18 P 0 0 ;0=9,1=1
P 36.9824 35.5854 21 P 0 0 ;0=13,1=1
P 37.0332 9.8552 19 P 0 0 ;0=10,1=1
P 37.25604436 33.83309718 21 P 0 0 ;0=13,1=1
P 37.29800008 18.8214 21 P 0 0 ;0=13,1=1
P 37.4904 2.2352 19 P 0 0 ;0=10,1=1
P 37.5666 43.942 17 P 0 0 ;0=8,1=1
P 37.66837272 37.24630854 21 P 0 0 ;0=13,1=1
P 37.67779866 17.25731626 21 P 0 0 ;0=13,1=1
P 37.89719878 33.67482216 21 P 0 0 ;0=13,1=1
P 37.94999776 18.1410229 21 P 0 0 ;0=13,1=1
P 38.1762 23.2156 19 P 0 0 ;0=10,1=1
P 38.19052052 16.16567252 21 P 0 0 ;0=13,1=1
P 38.3286 40.6908 18 P 0 0 ;0=9,1=1
P 38.354 37.31690022 21 P 0 0 ;0=13,1=1
P 38.4048 29.0576 19 P 0 0 ;0=10,1=1
P 38.60200052 33.7566 21 P 0 0 ;0=13,1=1
P 38.608 18.4404 21 P 0 0 ;0=13,1=1
P 38.8874 35.92567872 21 P 0 0 ;0=13,1=1
P 39.0144 9.8552 19 P 0 0 ;0=10,1=1
P 39.15394506 11.18854506 19 P 0 0 ;0=10,1=1
P 39.243 18.2118 21 P 0 0 ;0=13,1=1
P 39.25199922 34.29 21 P 0 0 ;0=13,1=1
P 39.3446 41.4782 18 P 0 0 ;0=9,1=1
P 39.5420723 15.92370704 21 P 0 0 ;0=13,1=1
P 39.55876264 17.24801986 21 P 0 0 ;0=13,1=1
P 39.5732 35.1028 21 P 0 0 ;0=13,1=1
P 39.6494 26.924 19 P 0 0 ;0=10,1=1
P 39.7764 21.082 19 P 0 0 ;0=10,1=1
P 39.9034 33.3756 21 P 0 0 ;0=13,1=1
P 39.95900314 19.22585436 21 P 0 0 ;0=13,1=1
P 40.386 14.4272 18 P 0 0 ;0=9,1=1
P 40.54799866 34.3662 21 P 0 0 ;0=13,1=1
P 40.5638 18.2118 21 P 0 0 ;0=13,1=1
P 40.9194 15.875 21 P 0 0 ;0=13,1=1
P 40.92779978 16.84859978 21 P 0 0 ;0=13,1=1
P 40.9448 36.7773077 21 P 0 0 ;0=13,1=1
P 41.1988 18.8468 21 P 0 0 ;0=13,1=1
P 41.20205374 33.4515079 21 P 0 0 ;0=13,1=1
P 41.3512 13.2842 17 P 0 0 ;0=8,1=1
P 41.5036 9.9822 19 P 0 0 ;0=10,1=1
P 41.85466356 34.3947242 21 P 0 0 ;0=13,1=1
P 41.8846 42.672 20 P 0 0 ;0=11,1=1
P 42.0116 32.004 19 P 0 0 ;0=10,1=1
P 42.0624 37.0332 21 P 0 0 ;0=13,1=1
P 42.4942 33.9344 21 P 0 0 ;0=13,1=1
P 43.07350288 24.94919318 21 P 0 0 ;0=13,1=1
P 43.2308 24.3078 21 P 0 0 ;0=13,1=1
P 43.3324 28.2480004 21 P 0 0 ;0=13,1=1
P 43.4086 26.94800046 21 P 0 0 ;0=13,1=1
P 43.4086 29.55200084 21 P 0 0 ;0=13,1=1
P 43.47852112 36.90070598 21 P 0 0 ;0=13,1=1
P 43.4848 30.85200078 21 P 0 0 ;0=13,1=1
P 43.5102 32.14800022 21 P 0 0 ;0=13,1=1
P 43.5102 38.1254 17 P 0 0 ;0=8,1=1
P 43.52897822 23.04800064 21 P 0 0 ;0=13,1=1
P 43.68663094 33.07877052 21 P 0 0 ;0=13,1=1
P 43.688 11.2776 17 P 0 0 ;0=8,1=1
P 43.69672744 21.7520012 21 P 0 0 ;0=13,1=1
P 43.70333652 20.44800076 21 P 0 0 ;0=13,1=1
P 43.91525888 23.67413096 21 P 0 0 ;0=13,1=1
P 43.9214006 27.6020022 21 P 0 0 ;0=13,1=1
P 43.942 7.6962 19 P 0 0 ;0=10,1=1
P 43.9928 28.89800164 21 P 0 0 ;0=13,1=1
P 44.0182 26.30200226 21 P 0 0 ;0=13,1=1
P 44.0182 31.50200202 21 P 0 0 ;0=13,1=1
P 44.0436 30.2006 21 P 0 0 ;0=13,1=1
P 44.05163656 19.69816482 21 P 0 0 ;0=13,1=1
P 44.0944 21.10199996 21 P 0 0 ;0=13,1=1
P 44.0993911 22.40000092 21 P 0 0 ;0=13,1=1
P 44.15568766 25.64487886 21 P 0 0 ;0=13,1=1
P 44.45 34.8234 19 P 0 0 ;0=10,1=1
P 44.54532112 36.449 21 P 0 0 ;0=13,1=1
P 44.78231074 25.97300114 21 P 0 0 ;0=13,1=1
P 44.8056 15.2654 17 P 0 0 ;0=8,1=1
P 44.8564 29.2354 21 P 0 0 ;0=13,1=1
P 45.02968642 6.52328642 18 P 0 0 ;0=9,1=1
P 45.085 3.2512 23 P 0 0 ;0=15,1=1
P 45.09882776 22.75686584 21 P 0 0 ;0=13,1=1
P 45.21775818 30.56458708 21 P 0 0 ;0=13,1=1
P 45.2374 18.3134 21 P 0 0 ;0=13,1=1
P 45.30279992 35.69780008 21 P 0 0 ;0=13,1=1
P 45.3644 14.5796 17 P 0 0 ;0=8,1=1
P 45.6184 24.68884826 21 P 0 0 ;0=13,1=1
P 45.78229858 35.24369634 21 P 0 0 ;0=13,1=1
P 45.88382746 18.69829128 21 P 0 0 ;0=13,1=1
P 45.96829516 21.36138476 21 P 0 0 ;0=13,1=1
P 45.9994 13.335 17 P 0 0 ;0=8,1=1
P 46.00524454 25.3484507 21 P 0 0 ;0=13,1=1
P 46.24573936 34.1122 21 P 0 0 ;0=13,1=1
P 46.35260986 20.2946 21 P 0 0 ;0=13,1=1
P 46.38930778 17.99575522 21 P 0 0 ;0=13,1=1
P 46.4058 27.0764 21 P 0 0 ;0=13,1=1
P 46.5328 40.8686 17 P 0 0 ;0=8,1=1
P 46.58558882 32.00497282 21 P 0 0 ;0=13,1=1
P 46.60313006 28.14318476 21 P 0 0 ;0=13,1=1
P 46.6819996 33.07458206 21 P 0 0 ;0=13,1=1
P 46.83853218 19.2871725 21 P 0 0 ;0=13,1=1
P 46.86156998 22.04863002 21 P 0 0 ;0=13,1=1
P 46.863 29.21097282 21 P 0 0 ;0=13,1=1
P 46.8990045 23.495 21 P 0 0 ;0=13,1=1
P 46.9646 36.1442 19 P 0 0 ;0=10,1=1
P 46.9771984 30.32857282 21 P 0 0 ;0=13,1=1
P 47.498 11.9126 19 P 0 0 ;0=10,1=1
P 47.5488 39.8272 17 P 0 0 ;0=8,1=1
P 47.66666616 27.58605862 17 P 0 0 ;0=8,1=1
P 47.67619878 24.8158 17 P 0 0 ;0=8,1=1
P 48.07460032 21.0566 17 P 0 0 ;0=8,1=1
P 48.514 10.2616 19 P 0 0 ;0=10,1=1
P 48.6156 36.3474 17 P 0 0 ;0=8,1=1
P 48.8967526 32.17244772 17 P 0 0 ;0=8,1=1
P 48.99620122 24.8158 17 P 0 0 ;0=8,1=1
P 49.0376972 30.39852696 18 P 0 0 ;0=9,1=1
P 49.4284 41.2242 19 P 0 0 ;0=10,1=1
P 50.1142 7.9756 19 P 0 0 ;0=10,1=1
P 50.4698 14.2494 18 P 0 0 ;0=9,1=1
P 50.62889036 29.4132 17 P 0 0 ;0=8,1=1
P 50.6984 9.6774 23 P 0 0 ;0=16,1=1
P 50.7747524 21.4377524 19 P 0 0 ;0=10,1=1
P 51.44829436 17.81869436 19 P 0 0 ;0=10,1=1
P 52.0192 36.2458 19 P 0 0 ;0=10,1=1
P 52.1657453 12.17245216 18 P 0 0 ;0=9,1=1
P 52.19061698 19.83101698 17 P 0 0 ;0=8,1=1
P 52.197 27.6352 17 P 0 0 ;0=8,1=1
P 52.2986 41.2242 19 P 0 0 ;0=10,1=1
P 52.5019524 21.46819938 17 P 0 0 ;0=8,1=1
P 52.578 7.366 19 P 0 0 ;0=10,1=1
P 54.0004 24.8666 19 P 0 0 ;0=10,1=1
P 54.01840098 6.0198 23 P 0 0 ;0=16,1=1
P 54.33361498 15.7226 23 P 0 0 ;0=16,1=1
P 55.3974 41.4274 19 P 0 0 ;0=10,1=1
P 55.5498 5.5626 18 P 0 0 ;0=9,1=1
P 55.7784 4.6228 19 P 0 0 ;0=10,1=1
P 55.88 36.2204 19 P 0 0 ;0=10,1=1
P 56.42587902 30.44167902 19 P 0 0 ;0=10,1=1
P 56.9214 5.588 18 P 0 0 ;0=9,1=1
P 57.1246 17.9324 17 P 0 0 ;0=8,1=1
P 57.91508102 17.76578108 17 P 0 0 ;0=8,1=1
P 57.9260462 29.1732462 19 P 0 0 ;0=10,1=1
P 57.9628 21.7678 19 P 0 0 ;0=10,1=1
P 58.0136 40.6654 19 P 0 0 ;0=10,1=1
P 58.2676 13.335 20 P 0 0 ;0=11,1=1
P 58.2825606 14.79060542 20 P 0 0 ;0=11,1=1
P 58.293 5.6642 18 P 0 0 ;0=9,1=1
P 58.3184 11.684 20 P 0 0 ;0=11,1=1
P 58.9534 2.80800048 17 P 0 0 ;0=8,1=1
P 58.9534 24.4856 17 P 0 0 ;0=8,1=1
P 59.6646 5.6642 18 P 0 0 ;0=9,1=1
P 59.8678 13.3096 20 P 0 0 ;0=11,1=1
P 59.8678 14.78159604 20 P 0 0 ;0=11,1=1
P 59.8932 11.7094 20 P 0 0 ;0=11,1=1
P 60.0456 31.2117994 23 P 0 0 ;0=16,1=1
P 60.1472 19.0246 18 P 0 0 ;0=9,1=1
P 60.40853806 35.85673042 23 P 0 0 ;0=15,1=1
P 61.0362 5.6388 18 P 0 0 ;0=9,1=1
P 61.3664 13.2842 20 P 0 0 ;0=11,1=1
P 61.3685209 14.78159604 20 P 0 0 ;0=11,1=1
P 61.3918 11.7094 20 P 0 0 ;0=11,1=1
P 61.96023422 19.08861562 23 P 0 0 ;0=15,1=1
P 62.33616438 24.59844204 18 P 0 0 ;0=9,1=1
P 62.4078 5.588 18 P 0 0 ;0=9,1=1
P 63.7794 5.4864 23 P 0 0 ;0=16,1=1
P 63.8048 8.2042 17 P 0 0 ;0=8,1=1
P 64.77 4.0894 17 P 0 0 ;0=8,1=1
P 65.1764 15.2146 18 P 0 0 ;0=9,1=1
P 65.4812 26.924 19 P 0 0 ;0=10,1=1
P 65.532 24.8158 19 P 0 0 ;0=10,1=1
P 66.00000008 8.3999959 15 P 0 0 ;0=6,1=1
P 66.00000008 36.60000046 16 P 0 0 ;0=7,1=1
P 67.3354 8.763 19 P 0 0 ;0=10,1=1
P 68.1736 34.9504 23 P 0 0 ;0=15,1=1
P 68.2244 36.7284 19 P 0 0 ;0=10,1=1
